TransactionID,ProductName,Category,Qty,UnitPrice,SalesAmount
70053,Trash Can,Dessert,1,₱395.00,₱395.00
70053,Squash Soup,Soup,1,₱315.00,₱315.00
70055,Sausage Diablo,Appetizer,1,₱325.00,₱325.00
70055,Batwan Beef Stew,Entree,1,₱725.00,₱725.00
70055,Bunwich Ala UTB,Entree,1,₱375.00,₱375.00
70055,Coke Zero,Drinks,2,₱105.00,₱210.00
70055,Chicken in a Basket,Appetizer,1,₱395.00,₱395.00
70057,Creme Brulee,Dessert,1,₱245.00,₱245.00
70057,Mug Root Beer,Beer,1,₱105.00,₱105.00
70057,Ginger Ale,Beer,1,₱115.00,₱115.00
70057,Matchaholic,Matcha,1,₱0.00,₱0.00
70060,BaleteHeat,Cocktail,2,₱0.00,₱0.00
70060,Cold Water,Drinks,2,₱65.00,₱130.00
70060,Yogi Tea,Tea,1,₱0.00,₱0.00
70060,Bucket Light,Beer,1,₱650.00,₱650.00
70060,Vegetable Arrabbiata,Pasta,2,₱415.00,₱830.00
70062,Bellagio Mochaccino,Coffee,2,₱225.00,₱450.00
70062,Mango Shake,Shake,2,₱225.00,₱450.00
70062,Good Morning Sunshine,Breakfast,1,₱199.00,₱199.00
70062,Salmon Rice,Entree,1,₱665.00,₱665.00
70062,Bellagio Mochaccino,Coffee,2,₱225.00,₱450.00
70065,Under the Summer Sun,Cocktail,1,₱335.00,₱335.00
70065,Chixsig Nachos,Appetizer,2,₱395.00,₱790.00
70065,Cerveza Negra,Beer,2,₱150.00,₱300.00
70065,Mango Tapioca,Dessert,2,₱245.00,₱490.00
70067,Baletea Freeze,Cocktail,2,₱365.00,₱730.00
70067,Grilled Tuna,Entree,1,₱395.00,₱395.00
70068,Lychee Shake,Shake,1,₱225.00,₱225.00
70068,Cerveza Negra,Beer,2,₱150.00,₱300.00
70068,Cappuccino,Coffee,2,₱185.00,₱370.00
70068,Glass Baletea,Tea,2,₱105.00,₱210.00
70069,Creme Brulee,Dessert,1,₱245.00,₱245.00
70069,Truffle Pasta,Pasta,2,₱435.00,₱870.00
70069,Caesar,Salad,1,₱365.00,₱365.00
70071,Surf & Turf,Entree,1,"₱1,195.00","₱1,195.00"
70071,Chicharon,Appetizer,1,₱145.00,₱145.00
70071,Red Sangria,Cocktail,2,₱345.00,₱690.00
70071,Hazelnut Macchiato,Coffee,2,₱205.00,₱410.00
70072,K. Pork Bowl,Entree,2,₱595.00,"₱1,190.00"
70072,Chicken & Waffles,Entree,1,₱425.00,₱425.00
70072,Mug Root Beer,Beer,1,₱105.00,₱105.00
70075,San Mig Light,Beer,2,₱130.00,₱260.00
70075,Truffle Pasta,Pasta,2,₱435.00,₱870.00
70075,Mac & Cheese,Pasta,2,₱0.00,₱0.00
70075,Under the Summer Sun,Cocktail,1,₱335.00,₱335.00
70075,Sausage Skillet (Angel),Appetizer,2,₱325.00,₱650.00
70077,Free Chicharon,Promos & Freebies,2,₱0.00,₱0.00
70077,SOP,Pizza,1,₱425.00,₱425.00
70077,Coke Regular,Drinks,1,₱125.00,₱125.00
70077,San Mig Pilsen,Beer,2,₱0.00,₱0.00
70080,Lychee Shake,Shake,2,₱225.00,₱450.00
70080,Free Pudding,Promos & Freebies,1,₱0.00,₱0.00
70080,Cerveza Negra,Beer,1,₱150.00,₱150.00
70080,Honey Lemon J,Drinks,2,₱135.00,₱270.00
70081,Lychee Shake,Shake,2,₱225.00,₱450.00
70081,Cerveza Negra,Beer,1,₱150.00,₱150.00
70081,Trash Can,Dessert,2,₱395.00,₱790.00
70083,Caesar,Salad,2,₱365.00,₱730.00
70083,Vegetable Arrabbiata,Pasta,1,₱415.00,₱415.00
70083,Mug Root Beer,Beer,1,₱105.00,₱105.00
70083,C3,Drinks,1,₱245.00,₱245.00
70084,Latte,Coffee,1,₱185.00,₱185.00
70084,Free Pudding,Promos & Freebies,2,₱0.00,₱0.00
70085,Banana Peanut Butter,Frappe,2,₱275.00,₱550.00
70085,Egg,Add-ons,2,₱40.00,₱80.00
70086,Cocoa Wonka,Drinks,1,₱245.00,₱245.00
70086,Viet Coffee,Coffee,2,₱145.00,₱290.00
70086,Truffle Parmesan Fries,Appetizer,2,₱325.00,₱650.00
70086,Honey Lemon J,Drinks,1,₱135.00,₱135.00
70086,Salmon Rice,Entree,1,₱665.00,₱665.00
70089,Viet Coffee,Coffee,1,₱195.00,₱195.00
70089,Trash Can,Dessert,2,₱395.00,₱790.00
70089,Cocoa Wonka,Drinks,2,₱245.00,₱490.00
70091,Free Pudding,Promos & Freebies,2,₱0.00,₱0.00
70091,Mango Shake,Shake,2,₱195.00,₱390.00
70093,Bone-In Porkchop,Entree,2,"₱1,095.00","₱2,190.00"
70093,K. Pork Bowl,Entree,1,₱585.00,₱585.00
70094,Root Beer Float R18,Beer,1,₱325.00,₱325.00
70094,Oxtail Soup,Soup,2,₱795.00,"₱1,590.00"
70097,Batwan Beef Stew,Entree,1,₱785.00,₱785.00
70097,Bucket Light,Beer,2,₱650.00,"₱1,300.00"
70099,Seafood Chowda,Soup,2,₱365.00,₱730.00
70099,Chicken Rice,Entree,2,₱405.00,₱810.00
70099,Bucket Light,Beer,1,₱650.00,₱650.00
70102,Murica,Burger/Wrap & More,2,₱150.00,₱300.00
70102,Cappuccino,Coffee,2,₱185.00,₱370.00
70102,Gochujang Chicken Wrap,Burger/Wrap & More,1,₱425.00,₱425.00
70102,T.O. Container,Packaging,1,₱20.00,₱20.00
70102,Cocoa Wonka,Drinks,2,₱245.00,₱490.00
70105,Lychee Shake,Shake,1,₱225.00,₱225.00
70105,Free Pudding,Promos & Freebies,2,₱0.00,₱0.00
70105,Strawberry Basil Mojito,Cocktail,1,₱375.00,₱375.00
70105,Hazelnut Macchiato,Coffee,2,₱205.00,₱410.00
70106,Good Morning Sunshine,Breakfast,1,₱199.00,₱199.00
70106,Cerveza Negra,Beer,2,₱150.00,₱300.00
70106,Black Pepper Beef,Appetizer,2,₱585.00,"₱1,170.00"
70106,Tapsi & More,Entree,2,₱425.00,₱850.00
70108,Plain Rice,Add-ons,1,₱65.00,₱65.00
70108,Seafood Chowda,Soup,1,₱365.00,₱365.00
70110,Pink Margarita,Cocktail,1,₱325.00,₱325.00
70110,Baletea Freeze,Cocktail,2,₱365.00,₱730.00
70110,Free Chicharon,Promos & Freebies,2,₱0.00,₱0.00
70110,Mango Tapioca,Dessert,2,₱245.00,₱490.00
70111,Warm Poke Bowl,Entree,1,₱625.00,₱625.00
70111,UTB Burger,Burger/Wrap & More,2,₱425.00,₱850.00
70111,Seafood Chowda,Soup,1,₱365.00,₱365.00
70111,Banana Peanut Butter,Frappe,1,₱275.00,₱275.00
70114,Chicken Parm,Entree,1,₱495.00,₱495.00
70114,Mac & Cheese,Pasta,1,₱445.00,₱445.00
70114,Strawberry Lychee Shake,Shake,1,₱255.00,₱255.00
70116,Shrimp Salpicao,Entree,1,₱415.00,₱415.00
70116,Baletea,Tea,2,₱205.00,₱410.00
70116,Strawberry Frappe,Frappe,1,₱255.00,₱255.00
70116,Plain Rice,Add-ons,1,₱65.00,₱65.00
70116,K. Pork Bowl,Entree,1,₱595.00,₱595.00
70119,Creme Brulee,Dessert,2,₱245.00,₱490.00
70119,Truffle Parmesan Fries,Appetizer,2,₱325.00,₱650.00
70121,Chicken Parm,Entree,1,₱495.00,₱495.00
70121,Pink Margarita,Cocktail,2,₱325.00,₱650.00
70121,Chicken in a Basket,Appetizer,1,₱395.00,₱395.00
70124,Plain Rice,Add-ons,2,₱65.00,₱130.00
70124,Pork Sisig,Entree,2,₱345.00,₱690.00
70126,Strawberry Lychee Shake,Shake,2,₱255.00,₱510.00
70126,Salmon Rice,Entree,2,₱665.00,"₱1,330.00"
70127,Bread Pudding,Dessert,2,₱215.00,₱430.00
70127,Warm Poke Bowl,Entree,2,₱625.00,"₱1,250.00"
70130,Pitcher Red Sangria,Cocktail,2,₱650.00,"₱1,300.00"
70130,Amaretto Sour,Cocktail,1,₱0.00,₱0.00
70131,Truffle Parmesan Fries,Appetizer,2,₱325.00,₱650.00
70131,Bellagio Mochaccino,Coffee,2,₱225.00,₱450.00
70131,Honey-Sriracha Chicken,Salad,2,₱375.00,₱750.00
70132,Schweppes Soda Water,Drinks,1,₱105.00,₱105.00
70132,Free Pudding,Promos & Freebies,1,₱0.00,₱0.00
70132,Cajun Pasta,Pasta,1,₱425.00,₱425.00
70132,Plain Rice,Add-ons,1,₱65.00,₱65.00
70132,Bucket Pilsen,Beer,1,₱600.00,₱600.00
70134,Marrow Brulee,Dessert,2,₱365.00,₱730.00
70134,Truffle Parmesan Fries,Appetizer,2,₱325.00,₱650.00
70134,Beer Peach,Beer,1,₱235.00,₱235.00
70135,Murica,Coffee,1,₱150.00,₱150.00
70135,Strawberry Basil Mojito,Cocktail,2,₱0.00,₱0.00
70135,Bucket Pilsen,Beer,1,₱600.00,₱600.00
70135,SOP,Pizza,2,₱425.00,₱850.00
70135,Salis Curry Steak,Entree,2,₱425.00,₱850.00
70136,Chicken & Waffles,Entree,1,₱425.00,₱425.00
70136,Banana Peanut Butter,Frappe,2,₱275.00,₱550.00
70139,Sisig Rice Bowl,Entree,1,₱415.00,₱415.00
70139,Seafood Chowda,Soup,1,₱365.00,₱365.00
70139,UTB Burger,Burger/Wrap & More,2,₱425.00,₱850.00
70139,Batwan Beef Stew,Entree,2,₱725.00,"₱1,450.00"
70139,Egg,Add-ons,2,₱40.00,₱80.00
70142,Mac & Cheese,Pasta,2,₱445.00,₱890.00
70142,Strawberry Frappe,Frappe,1,₱255.00,₱255.00
70142,Cerveza Negra,Beer,2,₱150.00,₱300.00
70142,Sisig Rice Bowl,Entree,2,₱415.00,₱830.00
70142,Rootbeer Float Rated G,Drinks,1,₱225.00,₱225.00
70145,San Mig Light,Beer,1,₱130.00,₱130.00
70145,Mango Shake,Shake,2,₱225.00,₱450.00
70145,SOP,Pizza,2,₱425.00,₱850.00
70145,Mango Shake,Shake,2,₱195.00,₱390.00
70148,Bucket Superdry,Beer,2,₱750.00,"₱1,500.00"
70148,San Mig Light,Beer,2,₱0.00,₱0.00
70148,Spanish Latte,Coffee,2,₱195.00,₱390.00
70149,Murica,Coffee,2,₱150.00,₱300.00
70149,SOP,Pizza,2,₱425.00,₱850.00
70149,UT-Pork Bowl,Entree,1,₱595.00,₱595.00
70149,Fish Taco,Appetizer,2,₱395.00,₱790.00
70150,Yogi Tea,Tea,2,₱0.00,₱0.00
70150,Kawali Bowl,Entree,2,₱199.00,₱398.00
70150,Beef and Shrimp Salpicao,Entree,2,₱895.00,"₱1,790.00"
70153,Chicken in a Basket,Appetizer,2,₱395.00,₱790.00
70153,Rootbeer Float,Drinks,1,₱225.00,₱225.00
70156,Matchalicious,Matcha,2,₱255.00,₱510.00
70156,Bread Pudding,Dessert,2,₱215.00,₱430.00
70156,Pink Margarita,Cocktail,1,₱325.00,₱325.00
70156,Boozy Affogato,Boozy Coffee,2,₱375.00,₱750.00
70159,Eves Apple,Mocktails,1,₱295.00,₱295.00
70159,Chicken Rice,Entree,2,₱405.00,₱810.00
70159,Glass Bulera,Cocktail,2,₱115.00,₱230.00
70159,Corned Beef Plate,Breakfast,1,₱199.00,₱199.00
70159,Matchaholic,Matcha,1,₱0.00,₱0.00
70160,San Mig Light,Beer,1,₱130.00,₱130.00
70160,Truffle Pasta,Pasta,2,₱485.00,₱970.00
70160,Caesar,Salad,2,₱365.00,₱730.00
70162,Thai Shrimp,Entree,1,₱425.00,₱425.00
70162,Black Pepper Beef,Appetizer,2,₱585.00,"₱1,170.00"
70162,Mango Shake,Shake,1,₱195.00,₱195.00
70162,Caesar,Salad,2,₱365.00,₱730.00
70163,Free Pudding,Promos & Freebies,2,₱0.00,₱0.00
70163,Pinoy Charcuterie,Appetizer,1,₱495.00,₱495.00
70163,SOP,Pizza,2,₱425.00,₱850.00
70163,Seafood Chowda,Soup,2,₱365.00,₱730.00
70163,Yogi Tea,Tea,1,₱0.00,₱0.00
70164,Plain Rice,Add-ons,1,₱65.00,₱65.00
70164,Pinoy Charcuterie,Appetizer,1,₱495.00,₱495.00
70164,Twerk It,Boozy Coffee,1,₱345.00,₱345.00
70164,Grilled Tuna,Entree,2,₱395.00,₱790.00
70164,Salmon Rice,Entree,1,₱665.00,₱665.00
70167,Chicken Rice,Entree,2,₱405.00,₱810.00
70167,Pitcher Red Sangria,Cocktail,1,₱650.00,₱650.00
70167,Sisig Rice Bowl,Entree,2,₱415.00,₱830.00
70170,Trash Can,Dessert,2,₱395.00,₱790.00
70170,Mango Shake,Shake,2,₱225.00,₱450.00
70170,Coke Zero,Drinks,1,₱105.00,₱105.00
70172,Plain Rice,Add-ons,2,₱65.00,₱130.00
70172,Kiss of Death,Cocktail,2,₱550.00,"₱1,100.00"
70172,Container,Packaging,2,₱10.00,₱20.00
70172,San Mig Light,Beer,2,₱130.00,₱260.00
70172,Cold Water,Drinks,2,₱65.00,₱130.00
70175,Honey-Sriracha Chicken,Entree,1,₱375.00,₱375.00
70175,SOP,Pizza,2,₱425.00,₱850.00
70175,Pink Margarita,Cocktail,2,₱325.00,₱650.00
70175,Beef Salpicao,Entree,2,₱545.00,"₱1,090.00"
70176,Batwan Beef Stew,Entree,1,₱725.00,₱725.00
70176,Mango Shake,Shake,2,₱295.00,₱590.00
70179,Lychee Shake,Shake,2,₱225.00,₱450.00
70179,Rootbeer Float,Drinks,2,₱225.00,₱450.00
70181,Coke Regular,Drinks,2,₱105.00,₱210.00
70181,Salis Curry Steak,Entree,2,₱425.00,₱850.00
70181,Seafood Pesto,Pasta,2,₱495.00,₱990.00
70181,Baletea Freeze,Cocktail,2,₱365.00,₱730.00
70181,Cappuccino,Coffee,1,₱185.00,₱185.00
70182,Glass Baletea,Tea,2,₱105.00,₱210.00
70182,Pinoy Charcuterie,Appetizer,2,₱495.00,₱990.00
70182,Trash Can,Dessert,2,₱395.00,₱790.00
70184,Extra Espresso Shot,Coffee,2,₱95.00,₱190.00
70184,Viet Coffee,Coffee,2,₱195.00,₱390.00
70184,Fish Be With U,Entree,2,₱795.00,"₱1,590.00"
70184,Latte,Coffee,2,₱185.00,₱370.00
70185,Cold Water,Drinks,2,₱65.00,₱130.00
70185,Bread Pudding,Dessert,1,₱215.00,₱215.00
70185,Strawberry Lychee Shake,Shake,2,₱255.00,₱510.00
70185,Plain Rice,Add-ons,2,₱65.00,₱130.00
70188,Platter Garlic Rice,Side Dish,2,₱395.00,₱790.00
70188,Caesar,Salad,2,₱365.00,₱730.00
70189,Eyogi Tea,Tea,1,₱125.00,₱125.00
70189,Green Mango Shake,Shake,1,₱275.00,₱275.00
70189,Sisig Rice Bowl,Entree,2,₱415.00,₱830.00
70189,Fish Taco,Appetizer,2,₱395.00,₱790.00
70190,SOP,Pizza,1,₱425.00,₱425.00
70190,Johnnie Walker Black S,Hard Liquor,2,₱195.00,₱390.00
70190,Tokwat Porky Pig,Entree,2,₱395.00,₱790.00
70190,Lychee Shake,Shake,1,₱225.00,₱225.00
70190,Mango Shake,Shake,1,₱280.00,₱280.00
70191,Twerk It,Boozy Coffee,1,₱345.00,₱345.00
70191,Bucket Superdry,Beer,2,₱750.00,"₱1,500.00"
70191,Murica,Coffee,1,₱150.00,₱150.00
70192,Ginger Ale,Beer,2,₱115.00,₱230.00
70192,Extra Espresso Shot,Coffee,2,₱95.00,₱190.00
70192,Kikiam Ala Carte,Appetizer,2,₱85.00,₱170.00
70192,Fish Be With U,Entree,1,₱795.00,₱795.00
70193,Bucket Light,Beer,1,₱650.00,₱650.00
70193,Boozy Affogato,Boozy Coffee,1,₱375.00,₱375.00
70193,Chicken Rice,Entree,2,₱405.00,₱810.00
70195,Latte,Coffee,2,₱185.00,₱370.00
70195,Twerk It,Boozy Coffee,1,₱345.00,₱345.00
70195,Chicken in a Basket,Appetizer,1,₱395.00,₱395.00
70195,Chicken & Waffles,Entree,1,₱425.00,₱425.00
70197,K. Beef Bowl,Entree,2,₱895.00,"₱1,790.00"
70197,Baletea Freeze,Cocktail,1,₱365.00,₱365.00
70198,Salis Curry Steak,Entree,1,₱425.00,₱425.00
70198,Cerveza Negra,Beer,2,₱150.00,₱300.00
70198,Taco,Appetizer,2,₱345.00,₱690.00
70199,Asian Chicken,Salad,2,₱365.00,₱730.00
70199,Tailgate Ribs,Entree,1,₱595.00,₱595.00
70199,Mac & Cheese,Pasta,1,₱445.00,₱445.00
70199,Chicken Rice,Entree,1,₱405.00,₱405.00
70199,Hazelnut Macchiato,Coffee,2,₱205.00,₱410.00
70201,Salted Caramel Frappe,Frappe,2,₱255.00,₱510.00
70201,Tapsi & More,Entree,2,₱425.00,₱850.00
70201,Container,Packaging,1,₱10.00,₱10.00
70201,SOP,Pizza,2,₱425.00,₱850.00
70202,Coke Zero,Drinks,2,₱105.00,₱210.00
70202,Fish Taco,Appetizer,1,₱395.00,₱395.00
70202,Grilled Tuna,Entree,1,₱395.00,₱395.00
70202,Pork Sisig,Entree,1,₱345.00,₱345.00
70202,Tailgate Ribs,Entree,2,₱595.00,"₱1,190.00"
70205,Tokwat Porky Pig,Entree,1,₱395.00,₱395.00
70205,Plain Rice,Add-ons,1,₱65.00,₱65.00
70205,Tailgate Ribs,Entree,2,₱595.00,"₱1,190.00"
70205,Sausage Diablo,Appetizer,1,₱325.00,₱325.00
70207,Creme Brulee,Dessert,1,₱245.00,₱245.00
70207,Mac & Cheese,Pasta,1,₱445.00,₱445.00
70207,Murica,Coffee,2,₱150.00,₱300.00
70207,Spanish Latte,Coffee,1,₱195.00,₱195.00
70207,Mountain Dew,Drinks,2,₱105.00,₱210.00
70210,Fish Be With U,Entree,1,₱795.00,₱795.00
70210,Bucket Pilsen,Beer,1,₱600.00,₱600.00
70210,Bucket Light,Beer,2,₱650.00,"₱1,300.00"
70213,Breakfast Pudding,Dessert,2,₱199.00,₱398.00
70213,Creme Brulee,Dessert,2,₱245.00,₱490.00
70213,Negra,Beer,2,₱0.00,₱0.00
70215,SOP,Pizza,1,₱425.00,₱425.00
70215,Salted Caramel Frappe,Frappe,2,₱255.00,₱510.00
70215,Dynamite Ala Carte,Appetizer,1,₱155.00,₱155.00
70215,UTB Burger,Burger/Wrap & More,1,₱425.00,₱425.00
70215,Tequila Sunrise,Cocktail,2,₱315.00,₱630.00
70218,Warm Poke Bowl,Entree,2,₱625.00,"₱1,250.00"
70218,Salis Curry Steak,Entree,1,₱425.00,₱425.00
70218,Platter Garlic Rice,Side Dish,2,₱395.00,₱790.00
70221,Chicken Rice,Entree,1,₱405.00,₱405.00
70221,Lychee Shake,Shake,2,₱225.00,₱450.00
70221,Bunwich Ala UTB,Entree,1,₱375.00,₱375.00
70221,Seafood Chowda,Soup,2,₱365.00,₱730.00
70221,San Mig Pilsen,Beer,1,₱120.00,₱120.00
70225,Sausage Diablo,Appetizer,1,₱325.00,₱325.00
70225,Beef and Shrimp Salpicao,Entree,1,₱895.00,₱895.00
70229,Tailgate Ribs,Entree,1,₱595.00,₱595.00
70229,Strawberry Frappe,Frappe,2,₱255.00,₱510.00
70231,Viet Coffee,Coffee,1,₱195.00,₱195.00
70231,Caramel Macchiato,Coffee,1,₱0.00,₱0.00
70231,Murica,Coffee,1,₱150.00,₱150.00
70231,Strawberry Basil Mojito,Cocktail,2,₱0.00,₱0.00
70234,Free Pudding,Promos & Freebies,1,₱0.00,₱0.00
70234,Salis Curry Steak,Entree,2,₱425.00,₱850.00
70237,Sisig Rice Bowl,Entree,1,₱415.00,₱415.00
70237,K. Beef Bowl,Entree,2,₱895.00,"₱1,790.00"
70238,Good Morning Sunshine,Breakfast,1,₱199.00,₱199.00
70238,Pinoy Charcuterie,Appetizer,2,₱495.00,₱990.00
70238,Cappuccino,Coffee,2,₱185.00,₱370.00
70238,Johnnie Walker Black,Hard Liquor,1,₱195.00,₱195.00
70238,Rootbeer Float Rated G,Drinks,1,₱225.00,₱225.00
70239,Batwan Beef Stew,Entree,2,₱785.00,"₱1,570.00"
70239,Caesar,Salad,2,₱365.00,₱730.00
70240,Garlic Rice,Add-ons,2,₱95.00,₱190.00
70240,Chicken Parm,Entree,1,₱495.00,₱495.00
70240,Egg,Add-ons,2,₱40.00,₱80.00
70240,Xtra Scoop Ice Cream,Dessert,1,₱65.00,₱65.00
70240,Strawberry Basil Mojito,Cocktail,1,₱0.00,₱0.00
70243,Tokwat Porky Pig,Appetizer,1,₱395.00,₱395.00
70243,Bunwich Ala UTB,Burger/Wrap & More,2,₱375.00,₱750.00
70245,Thai Shrimp,Entree,1,₱425.00,₱425.00
70245,SOP,Pizza,1,₱425.00,₱425.00
70246,Free Chicharon,Promos & Freebies,1,₱0.00,₱0.00
70246,Matchalicious,Matcha,2,₱255.00,₱510.00
70248,Murica,Coffee,1,₱150.00,₱150.00
70248,Mango Shake,Shake,1,₱295.00,₱295.00
70248,Platter Garlic Rice,Side Dish,2,₱395.00,₱790.00
70251,Gochujang Chicken Wrap,Burger/Wrap & More,1,₱425.00,₱425.00
70251,Chicken Rice,Entree,2,₱405.00,₱810.00
70251,Extra Espresso Shot,Coffee,1,₱95.00,₱95.00
70253,Bone-In Porkchop,Entree,2,"₱1,095.00","₱2,190.00"
70253,Truffle Parmesan Fries,Appetizer,1,₱325.00,₱325.00
70256,Chicken in a Basket,Appetizer,1,₱395.00,₱395.00
70256,C3,Drinks,2,₱245.00,₱490.00
70259,Pink Margarita,Cocktail,1,₱0.00,₱0.00
70259,Johnnie Walker Black S,Hard Liquor,1,₱195.00,₱195.00
70261,Lychee Shake,Shake,1,₱225.00,₱225.00
70261,Murica,Entree,2,₱150.00,₱300.00
70261,Creme Brulee,Dessert,2,₱245.00,₱490.00
70262,Hazelnut Macchiato,Coffee,1,₱205.00,₱205.00
70262,Caesar,Salad,1,₱365.00,₱365.00
70262,Happy Hour 595+,Promos & Freebies,2,₱665.00,"₱1,330.00"
70263,Bone-In Porkchop,Entree,2,"₱1,095.00","₱2,190.00"
70263,Plain Rice,Add-ons,1,₱65.00,₱65.00
70263,Caesar,Salad,2,₱365.00,₱730.00
70263,Sausage Diablo,Appetizer,2,₱325.00,₱650.00
70263,Chixsig Nachos,Appetizer,2,₱395.00,₱790.00
70264,Tapsi & More,Entree,2,₱425.00,₱850.00
70264,K. Beef Bowl,Entree,2,₱895.00,"₱1,790.00"
70265,Bucket Cerveza Negra,Beer,1,₱750.00,₱750.00
70265,Beer Caramel,Beer,1,₱235.00,₱235.00
70265,Viet Coffee,Coffee,1,₱200.00,₱200.00
70265,Negra,Beer,1,₱0.00,₱0.00
70266,Free Chicharon,Promos & Freebies,1,₱0.00,₱0.00
70266,Pinoy Charcuterie,Appetizer,2,₱495.00,₱990.00
70266,San Mig Light,Beer,1,₱130.00,₱130.00
70269,Grilled Tuna,Entree,2,₱395.00,₱790.00
70269,Banana Peanut Butter,Frappe,1,₱275.00,₱275.00
70269,Mac & Cheese,Pasta,1,₱445.00,₱445.00
70269,San Mig Light,Beer,2,₱0.00,₱0.00
70269,Egg,Add-ons,2,₱40.00,₱80.00
70270,Strawberry Lychee Shake,Shake,1,₱255.00,₱255.00
70270,Tailgate Ribs,Entree,1,₱650.00,₱650.00
70270,Bunwich Ala UTB,Burger/Wrap & More,2,₱375.00,₱750.00
70270,Matcha Frappe,Frappe,2,₱255.00,₱510.00
70271,Jim Beam Whiskey,Hard Liquor,1,"₱2,600.00","₱2,600.00"
70271,C3,Drinks,1,₱245.00,₱245.00
70271,Coke Regular,Drinks,2,₱125.00,₱250.00
70271,Pinoy Charcuterie,Appetizer,2,₱495.00,₱990.00
70275,Bunwich Ala UTB,Entree,2,₱375.00,₱750.00
70275,Strawberry Basil Mojito,Cocktail,2,₱0.00,₱0.00
70275,Caesar,Salad,1,₱365.00,₱365.00
70279,San Mig Pilsen,Beer,1,₱120.00,₱120.00
70279,Pitcher Red Sangria,Cocktail,2,₱650.00,"₱1,300.00"
70282,Strawberry Matcha Frappe,Frappe,2,₱285.00,₱570.00
70282,Sisig Rice Bowl,Entree,1,₱415.00,₱415.00
70282,Under the Summer Sun,Cocktail,2,₱335.00,₱670.00
70282,Garlic Rice,Add-ons,2,₱95.00,₱190.00
70282,Negra,Beer,2,₱0.00,₱0.00
70284,Bucket Assorted,Beer,1,₱750.00,₱750.00
70284,Kiss of Death,Cocktail,1,₱550.00,₱550.00
70285,San Mig Light,Beer,1,₱130.00,₱130.00
70285,Salis Curry Steak,Entree,2,₱425.00,₱850.00
70285,Cajun Pasta,Pasta,2,₱425.00,₱850.00
70285,Asian Chicken,Salad,2,₱365.00,₱730.00
70289,Twerk It,Boozy Coffee,2,₱345.00,₱690.00
70289,Mango Shake,Shake,1,₱180.00,₱180.00
70289,Taco,Appetizer,2,₱345.00,₱690.00
70290,Chicken Rice,Entree,2,₱405.00,₱810.00
70290,Chicken Parm,Entree,2,₱550.00,"₱1,100.00"
70291,Chicken Parm,Entree,1,₱550.00,₱550.00
70291,Truffle Parmesan Fries,Appetizer,2,₱325.00,₱650.00
70295,Johnnie Walker Black S,Hard Liquor,1,₱195.00,₱195.00
70295,Shrimp Po Boy,Burger/Wrap & More,1,₱455.00,₱455.00
70296,Happy Hour 595+,Promos & Freebies,1,₱665.00,₱665.00
70296,Matchalicious,Matcha,1,₱255.00,₱255.00
70296,Beef Salpicao,Entree,1,₱545.00,₱545.00
70297,Cerveza Negra,Beer,1,₱150.00,₱150.00
70297,Chicken & Waffles,Entree,2,₱425.00,₱850.00
70297,Truffle Pasta,Pasta,1,₱435.00,₱435.00
70297,Under the Summer Sun,Cocktail,1,₱0.00,₱0.00
70298,Bucket Light,Beer,1,₱650.00,₱650.00
70298,Banana Peanut Butter,Frappe,2,₱275.00,₱550.00
70300,Salis Curry Steak,Entree,2,₱425.00,₱850.00
70300,Black Pepper Beef,Appetizer,2,₱525.00,"₱1,050.00"
70300,Hazelnut Macchiato,Coffee,2,₱205.00,₱410.00
70301,San Mig Light,Beer,2,₱130.00,₱260.00
70301,Mac & Cheese,Pasta,1,₱445.00,₱445.00
70305,Tailgate Ribs,Entree,1,₱595.00,₱595.00
70305,Salis Curry Steak,Entree,1,₱425.00,₱425.00
70305,Cappuccino,Coffee,2,₱185.00,₱370.00
70305,Coke Regular,Drinks,1,₱55.00,₱55.00
70305,Sisig Rice Bowl,Entree,1,₱345.00,₱345.00
70306,Plain Rice,Add-ons,2,₱65.00,₱130.00
70306,Mango Shake,Shake,2,₱240.00,₱480.00
70306,Eves Apple,Mocktails,2,₱295.00,₱590.00
70306,Free Pudding,Promos & Freebies,1,₱0.00,₱0.00
70310,San Mig Pilsen,Beer,2,₱90.00,₱180.00
70310,Mac & Cheese,Pasta,1,₱445.00,₱445.00
70310,Fries,Side Dish,2,₱95.00,₱190.00
70313,Squash Soup,Soup,2,₱315.00,₱630.00
70313,Cerveza Negra,Beer,2,₱150.00,₱300.00
70313,Pork Bowl,Entree,2,₱595.00,"₱1,190.00"
70313,Tailgate Ribs,Entree,2,₱595.00,"₱1,190.00"
70314,Gochujang Chicken Wrap,Burger/Wrap & More,1,₱425.00,₱425.00
70314,T.O. Container,Packaging,2,₱20.00,₱40.00
70314,Plain Rice,Add-ons,1,₱65.00,₱65.00
70314,Free Chicharon,Promos & Freebies,1,₱0.00,₱0.00
70318,Red Sangria,Cocktail,1,₱345.00,₱345.00
70318,San Mig Light,Beer,1,₱0.00,₱0.00
70318,Cerveza Negra,Beer,1,₱150.00,₱150.00
70318,Bone-in PorkChop,Entree,2,"₱1,095.00","₱2,190.00"
70318,Cappuccino,Coffee,1,₱185.00,₱185.00
70320,Schweppes Soda Water,Drinks,1,₱105.00,₱105.00
70320,Cerveza Negra,Beer,2,₱150.00,₱300.00
70320,Sisig Rice Bowl,Entree,2,₱345.00,₱690.00
70320,Amaretto Sour,Cocktail,2,₱285.00,₱570.00
70322,Strawberry Lychee Shake,Shake,1,₱255.00,₱255.00
70322,UTB Burger,Burger/Wrap & More,1,₱425.00,₱425.00
70322,Tailgate Ribs,Entree,2,₱595.00,"₱1,190.00"
70323,Mango Shake,Shake,1,₱155.00,₱155.00
70323,Eves Apple,Mocktails,1,₱295.00,₱295.00
70325,Banana Peanut Butter,Frappe,1,₱275.00,₱275.00
70325,Kawali Bowl,Entree,1,₱199.00,₱199.00
70327,Batwan Beef Stew,Entree,1,₱725.00,₱725.00
70327,Corned Beef Plate,Breakfast,2,₱199.00,₱398.00
70327,Tokwat Porky Pig,Entree,1,₱395.00,₱395.00
70327,Bunwich Ala UTB,Burger/Wrap & More,2,₱375.00,₱750.00
70329,Jim Beam Whiskey,Hard Liquor,2,"₱2,600.00","₱5,200.00"
70329,Bucket Pilsen,Beer,2,₱600.00,"₱1,200.00"
70331,Strawberry Matcha Latte,Coffee,2,₱245.00,₱490.00
70331,Strawberry Frappe,Frappe,2,₱255.00,₱510.00
70331,Pink Margarita,Cocktail,2,₱325.00,₱650.00
70331,Free Pudding,Promos & Freebies,1,₱0.00,₱0.00
70332,Sausage Angel,Appetizer,1,₱325.00,₱325.00
70332,SOP,Pizza,1,₱425.00,₱425.00
70332,Salmon Rice,Entree,1,₱665.00,₱665.00
70332,Glass Bulera,Cocktail,2,₱115.00,₱230.00
70332,Shrimp Po Boy,Burger/Wrap & More,2,₱455.00,₱910.00
70333,Bucket Light,Beer,2,₱650.00,"₱1,300.00"
70333,Beef and Shrimp Salpicao,Entree,1,₱895.00,₱895.00
70333,Bread Pudding,Dessert,1,₱215.00,₱215.00
70333,Latte,Coffee,1,₱205.00,₱205.00
70333,Mango Shake,Shake,2,₱140.00,₱280.00
70334,Bellagio Mochaccino,Coffee,2,₱225.00,₱450.00
70334,Trash Can,Cocktail,2,₱395.00,₱790.00
70334,Chicken & Waffles,Entree,2,₱425.00,₱850.00
70334,Chixsig Nachos,Appetizer,1,₱395.00,₱395.00
70337,Chicken Parm,Entree,1,₱495.00,₱495.00
70337,San Mig Light,Beer,2,₱130.00,₱260.00
70337,Free Pudding,Promos & Freebies,1,₱0.00,₱0.00
70337,Sop,Pizza,2,₱425.00,₱850.00
70337,Truffle Shuffle,Pasta,1,₱435.00,₱435.00
70338,Marrow Brulee,Appetizer,1,₱365.00,₱365.00
70338,UT-Pork Bowl,Entree,2,₱595.00,"₱1,190.00"
70338,Chicken Rice,Entree,2,₱405.00,₱810.00
70340,Mango Shake,Shake,1,₱155.00,₱155.00
70340,Murica,Entree,2,₱150.00,₱300.00
70340,Mac & Cheese,Pasta,2,₱445.00,₱890.00
70341,Bread Pudding,Dessert,1,₱215.00,₱215.00
70341,Cappuccino,Coffee,1,₱185.00,₱185.00
70341,Fries,Side Dish,2,₱95.00,₱190.00
70341,Lychee Berry Margarita,Cocktail,1,₱355.00,₱355.00
70341,Coke Regular,Drinks,2,₱45.00,₱90.00
70344,Cerveza Negra,Beer,1,₱150.00,₱150.00
70344,Dynamite Ala Carte,Appetizer,1,₱155.00,₱155.00
70345,Mango Shake,Shake,2,₱240.00,₱480.00
70345,Rootbeer Float,Drinks,1,₱225.00,₱225.00
70345,Free Chicharon,Promos & Freebies,2,₱0.00,₱0.00
70345,Green Mango Shake,Shake,1,₱275.00,₱275.00
70345,Salted Caramel Frappe,Frappe,1,₱255.00,₱255.00
70349,K. Beef Bowl,Entree,1,₱895.00,₱895.00
70349,Pinoy Charcuterie,Appetizer,1,₱495.00,₱495.00
70349,Trash Can,Dessert,1,₱395.00,₱395.00
70352,Tapsi & More,Entree,1,₱425.00,₱425.00
70352,Bucket Superdry,Beer,1,₱750.00,₱750.00
70352,Mango Shake,Shake,1,₱165.00,₱165.00
70352,Honey Lemon J,Drinks,2,₱135.00,₱270.00
70354,Container,Packaging,1,₱10.00,₱10.00
70354,Fish Taco,Appetizer,1,₱395.00,₱395.00
70354,Jim Beam Whiskey,Hard Liquor,1,"₱2,600.00","₱2,600.00"
70354,K. Beef Bowl,Entree,2,₱895.00,"₱1,790.00"
70357,Bucket Cerveza Negra,Beer,2,₱750.00,"₱1,500.00"
70357,Caramel Macchiato,Coffee,1,₱0.00,₱0.00
70357,Strawberry Frappe,Frappe,1,₱255.00,₱255.00
70357,Fries,Side Dish,1,₱95.00,₱95.00
70357,Fries,Side Dish,1,₱95.00,₱95.00
70359,Bunwich Ala UTB,Burger/Wrap & More,1,₱375.00,₱375.00
70359,San Mig Light,Beer,1,₱0.00,₱0.00
70359,Yolo,Shake,2,₱255.00,₱510.00
70359,Truffle Parmesan Fries,Appetizer,2,₱325.00,₱650.00
70360,Sisig Rice Bowl,Entree,1,₱450.00,₱450.00
70360,Honey-Sriracha Chicken,Entree,1,₱375.00,₱375.00
70360,Murica,Coffee,1,₱150.00,₱150.00
70361,Squash Soup,Soup,1,₱315.00,₱315.00
70361,Seafood Pesto,Pasta,2,₱495.00,₱990.00
70361,Plain Rice,Add-ons,1,₱65.00,₱65.00
70361,Cerveza Negra,Beer,1,₱150.00,₱150.00
70361,Honey-Sriracha Chicken,Entree,1,₱375.00,₱375.00
70365,Chicken in a Basket,Appetizer,1,₱395.00,₱395.00
70365,Squash Soup,Soup,1,₱315.00,₱315.00
70365,Bucket Assorted,Beer,2,₱750.00,"₱1,500.00"
70365,Bunwich Ala UTB,Burger/Wrap & More,2,₱375.00,₱750.00
70369,Viet Coffee,Coffee,1,₱145.00,₱145.00
70369,Murica,Coffee,2,₱150.00,₱300.00
70373,Thai Shrimp,Entree,1,₱425.00,₱425.00
70373,UTB Burger,Burger/Wrap & More,1,₱425.00,₱425.00
70373,K. Pork Bowl,Entree,1,₱585.00,₱585.00
70375,Lychee Shake,Shake,1,₱225.00,₱225.00
70375,Chicken Rice,Entree,1,₱405.00,₱405.00
70375,Cerveza Negra,Beer,1,₱150.00,₱150.00
70375,Creme Brulee,Dessert,2,₱245.00,₱490.00
70375,Matcha Holic,Matcha,2,₱355.00,₱710.00
70377,Murica,Mocktails,1,₱150.00,₱150.00
70377,Banana Peanut Butter,Frappe,1,₱275.00,₱275.00
70377,Lychee Berry Margarita,Cocktail,1,₱355.00,₱355.00
70381,Chicken in a Basket,Appetizer,1,₱395.00,₱395.00
70381,Strawberry Lychee Shake,Shake,2,₱255.00,₱510.00
70385,Platter Garlic Rice,Side Dish,1,₱395.00,₱395.00
70385,Salis Curry Steak,Entree,1,₱425.00,₱425.00
70385,Lychee Berry Margarita,Cocktail,2,₱355.00,₱710.00
70385,Chicken & Waffles,Entree,1,₱425.00,₱425.00
70387,Viet Coffee,Coffee,2,₱195.00,₱390.00
70387,San Mig Pilsen,Beer,1,₱120.00,₱120.00
70387,Mango Shake,Shake,2,₱240.00,₱480.00
70387,Sop,Pizza,2,₱425.00,₱850.00
70387,Good Morning Sunshine,Breakfast,1,₱199.00,₱199.00
70390,Shrimp Po Boy,Burger/Wrap & More,1,₱455.00,₱455.00
70390,Pitcher Red Sangria,Cocktail,1,₱650.00,₱650.00
70390,Under the Summer Sun,Cocktail,2,₱0.00,₱0.00
70390,Trash Can,Dessert,2,₱395.00,₱790.00
70391,Hazelnut Macchiato,Coffee,1,₱205.00,₱205.00
70391,Coke Regular,Drinks,2,₱45.00,₱90.00
70391,Egg,Add-ons,2,₱40.00,₱80.00
70392,Chicharon,Appetizer,2,₱145.00,₱290.00
70392,Salmon Rice,Entree,2,₱665.00,"₱1,330.00"
70392,SOP,Pizza,1,₱425.00,₱425.00
70392,Tapsi & More,Entree,2,₱425.00,₱850.00
70392,Kwek Ala Carte,Appetizer,1,₱155.00,₱155.00
70394,Jim Beam Whiskey,Hard Liquor,1,"₱2,600.00","₱2,600.00"
70394,Kawali Bowl,Entree,2,₱199.00,₱398.00
70394,Bottled Water,Drinks,2,₱65.00,₱130.00
70395,Bone-in PorkChop,Entree,2,"₱1,095.00","₱2,190.00"
70395,Pinoy Charcuterie,Appetizer,2,₱495.00,₱990.00
70395,Trash Can,Dessert,2,₱395.00,₱790.00
70395,Salted Caramel Frappe,Frappe,1,₱255.00,₱255.00
70395,Banana Peanut Butter,Frappe,1,₱275.00,₱275.00
70396,Happy Hour 595+,Promos & Freebies,1,₱665.00,₱665.00
70396,Banana Peanut Butter,Frappe,2,₱275.00,₱550.00
70397,Fishball Ala Carte,Appetizer,2,₱75.00,₱150.00
70397,Seafood Pesto,Pasta,2,₱495.00,₱990.00
70397,Gin & Tonic,Hard Liquor,1,₱345.00,₱345.00
70397,Warm Poke Bowl,Entree,1,₱625.00,₱625.00
70399,Caesar,Salad,2,₱365.00,₱730.00
70399,Shrimp Salpicao,Entree,2,₱415.00,₱830.00
70399,K. Beef Bowl,Entree,2,₱895.00,"₱1,790.00"
70399,San Mig Pilsen,Beer,2,₱90.00,₱180.00
70401,Boozy Affogato,Boozy Coffee,1,₱375.00,₱375.00
70401,Happy Hour 595+,Promos & Freebies,2,₱665.00,"₱1,330.00"
70403,Matcha Holic,Matcha,1,₱355.00,₱355.00
70403,Seafood Chowda,Soup,2,₱365.00,₱730.00
70403,K. Beef Bowl,Entree,2,₱895.00,"₱1,790.00"
70403,Root Beer Float R18,Beer,1,₱325.00,₱325.00
70403,Honey-Sriracha Chicken,Entree,1,₱375.00,₱375.00
70404,SOP,Pizza,1,₱425.00,₱425.00
70404,K. Pork Bowl,Entree,2,₱585.00,"₱1,170.00"
70404,Bucket Light,Beer,1,₱650.00,₱650.00
70406,Bucket Light,Beer,2,₱650.00,"₱1,300.00"
70406,Bucket Light,Beer,1,₱650.00,₱650.00
70406,Chixsig Nachos,Appetizer,1,₱395.00,₱395.00
70406,Caramel Macchiato,Coffee,1,₱195.00,₱195.00
70406,Strawberry Matcha Latte,Coffee,2,₱245.00,₱490.00
70407,Strawberry Frappe,Frappe,1,₱255.00,₱255.00
70407,Murica,Coffee,1,₱150.00,₱150.00
70407,Yolo,Shake,2,₱20.00,₱40.00
70407,Mango Shake,Shake,1,₱145.00,₱145.00
70409,San Mig Super Dry,Beer,2,₱150.00,₱300.00
70409,Baletea,Tea,2,₱205.00,₱410.00
70409,Grilled Tuna,Entree,1,₱395.00,₱395.00
70410,Mango Shake,Shake,2,₱140.00,₱280.00
70410,Beer Caramel,Beer,1,₱235.00,₱235.00
70410,Shrimp Po Boy,Burger/Wrap & More,2,₱455.00,₱910.00
70412,Sausage Diablo,Appetizer,1,₱325.00,₱325.00
70412,Caesar,Salad,1,₱365.00,₱365.00
70414,Chicken Parm,Entree,1,₱495.00,₱495.00
70414,Hazelnut Macchiato,Coffee,1,₱205.00,₱205.00
70414,Murica,Mocktails,1,₱150.00,₱150.00
70418,Bucket Cerveza Negra,Beer,2,₱750.00,"₱1,500.00"
70418,San Mig Light,Beer,1,₱130.00,₱130.00
70418,Chicken in a Basket,Appetizer,1,₱395.00,₱395.00
70418,Honey-Sriracha Chicken,Entree,1,₱375.00,₱375.00
70419,Egg,Add-ons,1,₱40.00,₱40.00
70419,Hazelnut Macchiato,Coffee,1,₱205.00,₱205.00
70419,Batwan Beef Stew,Entree,1,₱725.00,₱725.00
70419,Murica,Coffee,2,₱150.00,₱300.00
70419,Truffle Parmesan Fries,Appetizer,1,₱325.00,₱325.00
70423,Simple Affogato,Coffee,1,₱245.00,₱245.00
70423,Bucket Assorted,Beer,2,₱750.00,"₱1,500.00"
70425,SOP,Pizza,2,₱425.00,₱850.00
70425,Truffle Parmesan Fries,Appetizer,2,₱325.00,₱650.00
70425,Tailgate Ribs,Entree,1,₱595.00,₱595.00
70425,Fish Taco,Appetizer,1,₱395.00,₱395.00
70428,Truffle Parmesan Fries,Appetizer,2,₱325.00,₱650.00
70428,Grilled Tuna,Entree,1,₱395.00,₱395.00
70428,Shrimp Po Boy,Burger/Wrap & More,1,₱455.00,₱455.00
70428,Squash Soup,Soup,2,₱315.00,₱630.00
70428,Bucket Pilsen,Beer,1,₱600.00,₱600.00
70431,Platter Plain Rice,Side Dish,1,₱295.00,₱295.00
70431,Truffle Pasta,Pasta,1,₱435.00,₱435.00
70431,Bunwich Ala UTB,Burger/Wrap & More,2,₱375.00,₱750.00
70431,Asian Chicken,Salad,2,₱365.00,₱730.00
70433,Mango Shake,Shake,2,₱165.00,₱330.00
70433,San Mig Pilsen,Beer,2,₱90.00,₱180.00
70433,Spanish Latte,Coffee,2,₱195.00,₱390.00
70433,Viet Coffee,Coffee,1,₱195.00,₱195.00
70433,Tokwat Porky Pig,Entree,2,₱395.00,₱790.00
70437,Baletea,Tea,2,₱245.00,₱490.00
70437,Viet Coffee,Coffee,1,₱200.00,₱200.00
70437,Truffle Pasta,Pasta,1,₱435.00,₱435.00
70437,Mango Shake,Shake,2,₱225.00,₱450.00
70437,San Mig Pilsen,Beer,2,₱0.00,₱0.00
70439,Cerveza Negra,Beer,2,₱150.00,₱300.00
70439,Chicken in a Basket,Appetizer,2,₱395.00,₱790.00
70439,K. Pork Bowl,Entree,2,₱595.00,"₱1,190.00"
70443,Bottled Water,Drinks,1,₱65.00,₱65.00
70443,Yolo,Shake,1,₱290.00,₱290.00
70443,Container,Packaging,2,₱10.00,₱20.00
70443,Salted Caramel Frappe,Frappe,2,₱255.00,₱510.00
70444,Beef and Shrimp Salpicao,Entree,2,₱895.00,"₱1,790.00"
70444,Bucket Assorted,Beer,1,₱750.00,₱750.00
70444,Container,Packaging,2,₱10.00,₱20.00
70445,Vegetable Arrabbiata,Pasta,2,₱415.00,₱830.00
70445,Mango Shake,Shake,1,₱140.00,₱140.00
70447,Fish Taco,Appetizer,2,₱395.00,₱790.00
70447,Kawali Bowl,Entree,2,₱199.00,₱398.00
70447,Mac & Cheese,Pasta,1,₱445.00,₱445.00
70447,Butter Toast,Side Dish,1,₱45.00,₱45.00
70448,Bunwich Ala UTB,Burger/Wrap & More,2,₱375.00,₱750.00
70448,Latte,Coffee,2,₱205.00,₱410.00
70448,K. Pork Bowl,Entree,1,₱595.00,₱595.00
70449,Cajun Pasta,Pasta,1,₱425.00,₱425.00
70449,Rum & Coke,Cocktail,1,₱225.00,₱225.00
70449,Pinoy Charcuterie,Appetizer,2,₱495.00,₱990.00
70449,Green Mango Shake,Shake,1,₱275.00,₱275.00
70450,Garlic Rice,Add-ons,1,₱95.00,₱95.00
70450,Mac & Cheese,Pasta,2,₱445.00,₱890.00
70450,UT-Pork Bowl,Entree,1,₱595.00,₱595.00
70454,Pinoy Charcuterie,Appetizer,2,₱495.00,₱990.00
70454,Cerveza Negra,Beer,1,₱150.00,₱150.00
70457,Free Pudding,Promos & Freebies,1,₱0.00,₱0.00
70457,Cerveza Negra,Beer,2,₱150.00,₱300.00
70457,Salis Curry Steak,Entree,1,₱425.00,₱425.00
70457,Schweppes Tonic Water,Drinks,2,₱105.00,₱210.00
70458,Plain Rice,Add-ons,2,₱65.00,₱130.00
70458,Mango Shake,Shake,2,₱145.00,₱290.00
70458,Murica,Burger/Wrap & More,1,₱150.00,₱150.00
70460,Cerveza Negra,Beer,2,₱150.00,₱300.00
70460,Pink Margarita,Cocktail,2,₱325.00,₱650.00
70460,Shrimp Po Boy,Burger/Wrap & More,2,₱475.00,₱950.00
70462,Chicken in a Basket,Appetizer,2,₱395.00,₱790.00
70462,Chicken Parm,Entree,2,₱495.00,₱990.00
70462,Coke Regular,Drinks,1,₱105.00,₱105.00
70466,Chixsig Nachos,Appetizer,1,₱395.00,₱395.00
70466,Yolo,Shake,2,₱255.00,₱510.00
70466,Mango Shake,Shake,1,₱165.00,₱165.00
70466,Lychee Mojito,Cocktail,2,₱355.00,₱710.00
70466,Bunwich Ala UTB,Burger/Wrap & More,2,₱375.00,₱750.00
70468,Schweppes Soda Water,Drinks,2,₱105.00,₱210.00
70468,Tapsi & More,Entree,1,₱425.00,₱425.00
70468,Free Pudding,Promos & Freebies,1,₱0.00,₱0.00
70468,Bread Pudding,Dessert,2,₱215.00,₱430.00
70470,Salted Caramel Frappe,Frappe,2,₱255.00,₱510.00
70470,Grilled Tuna,Entree,1,₱395.00,₱395.00
70472,Tailgate Ribs,Entree,1,₱595.00,₱595.00
70472,Tequila Sunrise,Cocktail,1,₱0.00,₱0.00
70472,Mango Tapioca,Dessert,1,₱245.00,₱245.00
70472,Strawberry Lychee Shake,Shake,2,₱255.00,₱510.00
70475,Salmon Rice,Entree,2,₱665.00,"₱1,330.00"
70475,Pitcher Red Sangria,Cocktail,2,₱650.00,"₱1,300.00"
70477,Trash Can,Entree,2,₱395.00,₱790.00
70477,Tequila Sunrise,Cocktail,1,₱0.00,₱0.00
70479,Seafood Chowda,Soup,2,₱365.00,₱730.00
70479,Bacon Plate,Breakfast,1,₱199.00,₱199.00
70479,Baletea,Tea,1,₱130.00,₱130.00
70479,Red Sangria,Cocktail,1,₱345.00,₱345.00
70483,UTB Burger,Burger/Wrap & More,2,₱425.00,₱850.00
70483,Murica,Burger/Wrap & More,1,₱150.00,₱150.00
70485,Superdry,Beer,1,₱0.00,₱0.00
70485,Dynamite Ala Carte,Appetizer,2,₱155.00,₱310.00
70485,Tokwat Porky Pig,Entree,2,₱395.00,₱790.00
70489,Xtra Scoop Ice Cream,Dessert,1,₱65.00,₱65.00
70489,Plain Rice,Add-ons,1,₱65.00,₱65.00
70489,Salis Curry Steak,Entree,2,₱425.00,₱850.00
70489,K. Pork Bowl,Entree,2,₱585.00,"₱1,170.00"
70489,Honey-Sriracha Chicken,Salad,2,₱375.00,₱750.00
70491,Sausage Skillet (Angel),Appetizer,2,₱325.00,₱650.00
70491,BaleteHeat,Cocktail,1,₱0.00,₱0.00
70492,Squash Soup,Soup,2,₱315.00,₱630.00
70492,Free Pudding,Promos & Freebies,1,₱0.00,₱0.00
70492,Chicken in a Basket,Appetizer,2,₱395.00,₱790.00
70492,Truffle Parmesan Fries,Appetizer,2,₱325.00,₱650.00
70495,Sisig Rice Bowl,Entree,2,₱415.00,₱830.00
70495,Negra,Beer,1,₱0.00,₱0.00
70495,Squash Soup,Soup,1,₱315.00,₱315.00
70495,Breakfast Pudding,Dessert,1,₱199.00,₱199.00
70498,Extra Espresso Shot,Coffee,2,₱95.00,₱190.00
70498,Chicken Rice,Entree,2,₱405.00,₱810.00
70498,Beef and Shrimp Salpicao,Entree,2,₱895.00,"₱1,790.00"
70500,Kawali Bowl,Entree,1,₱199.00,₱199.00
70500,Hazelnut Macchiato,Coffee,1,₱205.00,₱205.00
70500,Pitcher Red Sangria,Cocktail,2,₱650.00,"₱1,300.00"
70504,Mango Shake,Shake,2,₱165.00,₱330.00
70504,Cocoa Wonka,Drinks,1,₱245.00,₱245.00
70504,Platter Plain Rice,Side Dish,1,₱295.00,₱295.00
70504,Bone-In Porkchop,Entree,1,"₱1,095.00","₱1,095.00"
70506,Glass Baletea,Tea,2,₱105.00,₱210.00
70506,Squash Soup,Soup,1,₱315.00,₱315.00
70506,Lychee Shake,Shake,2,₱225.00,₱450.00
70506,Beef Salpicao,Entree,1,₱545.00,₱545.00
70506,Free Chicharon,Promos & Freebies,1,₱0.00,₱0.00
70508,Salmon Rice,Entree,2,₱665.00,"₱1,330.00"
70508,Chicken Rice,Entree,2,₱405.00,₱810.00
70510,Salis Curry Steak,Entree,2,₱425.00,₱850.00
70510,Latte,Coffee,2,₱185.00,₱370.00
70512,San Mig Light,Beer,1,₱0.00,₱0.00
70512,Cerveza Negra,Beer,1,₱150.00,₱150.00
70512,Shrimp & Chips,Appetizer,1,₱415.00,₱415.00
70512,Truffle Parmesan Fries,Appetizer,2,₱325.00,₱650.00
70514,Chicken in a Basket,Appetizer,1,₱395.00,₱395.00
70514,Green Mango Shake,Shake,1,₱275.00,₱275.00
70514,Chicken Parm,Entree,1,₱550.00,₱550.00
70514,Free Pudding,Promos & Freebies,2,₱0.00,₱0.00
70516,Marrow Brulee,Appetizer,1,₱365.00,₱365.00
70516,San Mig Pilsen,Beer,2,₱120.00,₱240.00
70516,Squash Soup,Soup,1,₱315.00,₱315.00
70516,Truffle Pasta,Pasta,1,₱435.00,₱435.00
70518,Chicken in a Basket,Appetizer,1,₱395.00,₱395.00
70518,Hazelnut Macchiato,Coffee,2,₱205.00,₱410.00
70518,Coke Regular,Drinks,2,₱45.00,₱90.00
70518,Plain Rice,Add-ons,2,₱65.00,₱130.00
70518,Mango Shake,Shake,1,₱240.00,₱240.00
70522,Salis Curry Steak,Entree,1,₱425.00,₱425.00
70522,Bunwich Ala UTB,Entree,1,₱375.00,₱375.00
70522,Bone-In Porkchop,Entree,2,"₱1,095.00","₱2,190.00"
70524,Mac & Cheese,Pasta,1,₱445.00,₱445.00
70524,Boozy Affogato,Boozy Coffee,1,₱375.00,₱375.00
70524,Plain Rice,Add-ons,1,₱65.00,₱65.00
70524,Chicken in a Basket,Appetizer,2,₱395.00,₱790.00
70528,Coke Regular,Drinks,1,₱45.00,₱45.00
70528,Tailgate Ribs,Entree,1,₱595.00,₱595.00
70530,Jim Beam Whiskey,Hard Liquor,2,"₱2,600.00","₱5,200.00"
70530,K. Beef Bowl,Entree,2,₱895.00,"₱1,790.00"
70530,San Mig Light,Beer,2,₱130.00,₱260.00
70531,San Mig Light,Beer,2,₱130.00,₱260.00
70531,Kawali Bowl,Entree,2,₱199.00,₱398.00
70531,Yogi Tea,Tea,2,₱0.00,₱0.00
70533,Sisig Rice Bowl,Entree,1,₱415.00,₱415.00
70533,San Mig Pilsen,Beer,1,₱0.00,₱0.00
70533,Mac & Cheese,Pasta,2,₱445.00,₱890.00
70541,Plain Rice,Add-ons,2,₱65.00,₱130.00
70541,Chicken Parm,Entree,1,₱495.00,₱495.00
70541,Chicken & Waffles,Entree,1,₱425.00,₱425.00
70541,Baletea Freeze,Cocktail,1,₱365.00,₱365.00
70541,Warm Poke Bowl,Entree,1,₱625.00,₱625.00
70545,San Mig Light,Beer,1,₱0.00,₱0.00
70545,San Mig Pilsen,Beer,1,₱120.00,₱120.00
70545,Squash Soup,Soup,2,₱315.00,₱630.00
70545,Seafood Pesto,Pasta,1,₱495.00,₱495.00
70545,San Mig Pilsen,Beer,2,₱0.00,₱0.00
70546,Cerveza Negra,Beer,1,₱150.00,₱150.00
70546,San Mig Light,Beer,1,₱0.00,₱0.00
70546,SOP,Pizza,2,₱425.00,₱850.00
70548,Banana Peanut Butter,Frappe,1,₱275.00,₱275.00
70548,Johnnie Walker Black S,Hard Liquor,1,₱195.00,₱195.00
70548,Strawberry Lychee Shake,Shake,2,₱255.00,₱510.00
70550,Creme Brulee,Dessert,2,₱245.00,₱490.00
70550,Black Pepper Beef,Appetizer,1,₱585.00,₱585.00
70550,C3,Drinks,1,₱245.00,₱245.00
70552,Banana Peanut Butter,Frappe,1,₱275.00,₱275.00
70552,San Mig Super Dry,Beer,2,₱150.00,₱300.00
70553,Chix Ball Ala Carte,Appetizer,2,₱95.00,₱190.00
70553,Caramel Macchiato,Coffee,1,₱195.00,₱195.00
70553,Platter Garlic Rice,Side Dish,1,₱395.00,₱395.00
70554,Pitcher Classic Mojito,Cocktail,2,₱650.00,"₱1,300.00"
70554,Free Pudding,Promos & Freebies,1,₱0.00,₱0.00
70554,Bread Pudding,Dessert,2,₱215.00,₱430.00
70554,Bellagio Mochaccino,Coffee,2,₱225.00,₱450.00
70554,Tailgate Ribs,Entree,1,₱650.00,₱650.00
70558,Mango Shake,Shake,1,₱295.00,₱295.00
70558,Beef and Shrimp Salpicao,Entree,1,₱895.00,₱895.00
70560,San Mig Light,Beer,2,₱130.00,₱260.00
70560,Chixsig Nachos,Appetizer,2,₱395.00,₱790.00
70560,Oxtail Soup,Soup,1,₱795.00,₱795.00
70561,Schweppes Soda Water,Drinks,2,₱105.00,₱210.00
70561,Warm Poke Bowl,Entree,1,₱625.00,₱625.00
70563,Coke Regular,Drinks,2,₱105.00,₱210.00
70563,Spanish Latte,Coffee,2,₱195.00,₱390.00
70566,Cerveza Negra,Beer,1,₱150.00,₱150.00
70566,Marrow Brulee,Appetizer,2,₱365.00,₱730.00
70566,Surf & Turf,Entree,2,"₱1,195.00","₱2,390.00"
70569,Creme Brulee,Dessert,1,₱245.00,₱245.00
70569,Bucket Superdry,Beer,1,₱750.00,₱750.00
70569,UTB Burger,Burger/Wrap & More,2,₱425.00,₱850.00
70569,Fish Taco,Appetizer,2,₱395.00,₱790.00
70571,Lychee Berry Margarita,Cocktail,1,₱355.00,₱355.00
70571,Cerveza Negra,Beer,1,₱150.00,₱150.00
70571,Strawberry Basil Mojito,Cocktail,2,₱0.00,₱0.00
70571,Oxtail Soup,Soup,1,₱795.00,₱795.00
70574,Pink Margarita,Cocktail,2,₱0.00,₱0.00
70574,Hazelnut Macchiato,Coffee,1,₱205.00,₱205.00
70574,War Heads,Cocktail,1,₱355.00,₱355.00
70574,Honey-Sriracha Chicken,Entree,2,₱375.00,₱750.00
70576,Beer Caramel,Beer,1,₱235.00,₱235.00
70576,Sisig Rice Bowl,Entree,1,₱415.00,₱415.00
70579,Egg,Add-ons,2,₱40.00,₱80.00
70579,Simple Affogato,Coffee,1,₱245.00,₱245.00
70579,San Mig Pilsen,Beer,1,₱120.00,₱120.00
70581,Matcha Holic,Matcha,1,₱355.00,₱355.00
70581,K. Beef Bowl,Entree,2,₱895.00,"₱1,790.00"
70581,Tokwat Porky Pig,Appetizer,2,₱395.00,₱790.00
70582,Rootbeer Float,Drinks,2,₱225.00,₱450.00
70582,Container,Packaging,2,₱10.00,₱20.00
70582,T.O. Container,Packaging,1,₱20.00,₱20.00
70582,Root Beer Float R18,Beer,2,₱325.00,₱650.00
70582,Amaretto Sour,Cocktail,1,₱285.00,₱285.00
70585,Vanilla Latte,Coffee,2,₱205.00,₱410.00
70585,Seafood Pesto,Pasta,2,₱495.00,₱990.00
70585,Tokwat Porky Pig,Entree,2,₱395.00,₱790.00
70585,Chicken Parm,Entree,2,₱495.00,₱990.00
70585,Latte,Coffee,2,₱185.00,₱370.00
70587,Pinoy Charcuterie,Appetizer,1,₱495.00,₱495.00
70587,Seafood Pesto,Pasta,2,₱495.00,₱990.00
70591,Shrimp Po Boy,Burger/Wrap & More,2,₱475.00,₱950.00
70591,Pitcher Red Sangria,Cocktail,2,₱650.00,"₱1,300.00"
70591,Johnnie Walker Black S,Hard Liquor,1,₱195.00,₱195.00
70591,Chixsig Nachos,Appetizer,2,₱395.00,₱790.00
70591,Chicken & Waffles,Entree,2,₱425.00,₱850.00
70595,Strawberry Latte,Coffee,1,₱215.00,₱215.00
70595,San Mig Light,Beer,1,₱130.00,₱130.00
70595,Coke Zero,Drinks,2,₱105.00,₱210.00
70596,San Mig Light,Beer,1,₱130.00,₱130.00
70596,Under the Summer Sun,Cocktail,1,₱335.00,₱335.00
70596,Corned Beef Plate,Breakfast,2,₱199.00,₱398.00
70599,Eyogi Tea,Tea,2,₱125.00,₱250.00
70599,Chicken & Waffles,Entree,1,₱425.00,₱425.00
70599,Lychee Mojito,Cocktail,2,₱355.00,₱710.00
70600,Murica,Coffee,2,₱150.00,₱300.00
70600,Balete Salpicao,Entree,1,₱545.00,₱545.00
70600,K3,Others,1,₱245.00,₱245.00
70600,Murica,Entree,2,₱150.00,₱300.00
70600,Chicken Caesar Wrap,Burger/Wrap & More,1,₱425.00,₱425.00
70603,Surf & Turf,Entree,1,"₱1,195.00","₱1,195.00"
70603,Baletea,Tea,2,₱130.00,₱260.00
70603,Dynamite Ala Carte,Appetizer,1,₱155.00,₱155.00
70603,SOP,Pizza,1,₱425.00,₱425.00
70603,Lychee Berry Margarita,Cocktail,1,₱355.00,₱355.00
70605,Oxtail Soup,Soup,1,₱795.00,₱795.00
70605,Yogi Tea,Tea,2,₱0.00,₱0.00
70607,Truffle Pasta,Pasta,1,₱435.00,₱435.00
70607,Mango Shake,Shake,1,₱295.00,₱295.00
70609,Sausage Diablo,Appetizer,1,₱325.00,₱325.00
70609,Dirty Matcha,Coffee,2,₱225.00,₱450.00
70609,Tokwat Porky Pig,Entree,2,₱395.00,₱790.00
70612,Chicken in a Basket,Appetizer,2,₱395.00,₱790.00
70612,Chix Ball Ala Carte,Appetizer,2,₱95.00,₱190.00
70612,Salted Caramel Frappe,Frappe,1,₱255.00,₱255.00
70612,Mac & Cheese,Pasta,2,₱445.00,₱890.00
70616,Sausage Diablo,Appetizer,1,₱325.00,₱325.00
70616,Pinoy Charcuterie,Appetizer,1,₱495.00,₱495.00
70616,San Mig Pilsen,Beer,1,₱120.00,₱120.00
70616,Yolo,Shake,2,₱20.00,₱40.00
70616,Free Pudding,Promos & Freebies,2,₱0.00,₱0.00
70619,Matcha Frappe,Frappe,2,₱255.00,₱510.00
70619,Free Pudding,Promos & Freebies,1,₱0.00,₱0.00
70619,Garlic Rice,Add-ons,2,₱95.00,₱190.00
70622,Bucket Pilsen,Beer,2,₱600.00,"₱1,200.00"
70622,San Mig Light,Beer,1,₱130.00,₱130.00
70622,Negra,Beer,1,₱0.00,₱0.00
70622,Caesar,Salad,2,₱365.00,₱730.00
70622,Mac & Cheese,Pasta,2,₱445.00,₱890.00
70624,San Mig Pilsen,Beer,1,₱120.00,₱120.00
70624,Murica,Coffee,1,₱150.00,₱150.00
70624,UTB Burger,Burger/Wrap & More,1,₱425.00,₱425.00
70628,Dark Choco Chip Frappe,Frappe,1,₱285.00,₱285.00
70628,Free Pudding,Promos & Freebies,1,₱0.00,₱0.00
70630,San Mig Light,Beer,2,₱0.00,₱0.00
70630,Oxtail Soup,Soup,1,₱795.00,₱795.00
70630,Trash Can,Dessert,2,₱395.00,₱790.00
70630,Gold Fashioned,Cocktail,1,₱290.00,₱290.00
70632,Salis Curry Steak,Entree,1,₱425.00,₱425.00
70632,Sisig Rice Bowl,Entree,2,₱415.00,₱830.00
70634,Chicharon,Appetizer,2,₱145.00,₱290.00
70634,Mac & Cheese,Pasta,2,₱445.00,₱890.00
70638,Chicken Parm,Entree,2,₱550.00,"₱1,100.00"
70638,Creme Brulee,Dessert,1,₱245.00,₱245.00
70638,Mango Shake,Shake,2,₱225.00,₱450.00
70638,Pinoy Charcuterie,Appetizer,1,₱495.00,₱495.00
70640,Trash Can,Dessert,2,₱395.00,₱790.00
70640,Coke Regular,Drinks,2,₱105.00,₱210.00
70642,Sisig Rice Bowl,Entree,2,₱415.00,₱830.00
70642,Coke Zero,Drinks,2,₱105.00,₱210.00
70646,San Mig Light,Beer,1,₱130.00,₱130.00
70646,Seafood Chowda,Soup,1,₱365.00,₱365.00
70646,Yolo,Shake,2,₱255.00,₱510.00
70646,Batwan Beef Stew,Entree,2,₱725.00,"₱1,450.00"
70646,Free Chicharon,Promos & Freebies,2,₱0.00,₱0.00
70649,Gochujang Chicken Wrap,Burger/Wrap & More,2,₱425.00,₱850.00
70649,Lychee Shake,Shake,2,₱225.00,₱450.00
70649,Ginger Ale,Beer,2,₱115.00,₱230.00
70649,Truffle Parmesan Fries,Appetizer,1,₱325.00,₱325.00
70651,Breakfast Pudding,Dessert,2,₱199.00,₱398.00
70651,Negra,Beer,2,₱0.00,₱0.00
70651,Free Chicharon,Promos & Freebies,1,₱0.00,₱0.00
70651,K. Beef Bowl,Entree,1,₱895.00,₱895.00
70651,Kiss of Death,Cocktail,1,₱550.00,₱550.00
70655,Salted Caramel Frappe,Frappe,1,₱255.00,₱255.00
70655,Simple Affogato,Coffee,1,₱245.00,₱245.00
70655,T.O. Container,Packaging,2,₱20.00,₱40.00
70659,Happy Hour 595+,Promos & Freebies,2,₱665.00,"₱1,330.00"
70659,Murica,Coffee,1,₱150.00,₱150.00
70662,Trash Can,Cocktail,1,₱395.00,₱395.00
70662,Creme Brulee,Dessert,2,₱245.00,₱490.00
70662,Fish Be With U,Entree,2,₱795.00,"₱1,590.00"
70666,Tokwat Porky Pig,Appetizer,1,₱395.00,₱395.00
70666,Bucket Light,Beer,1,₱650.00,₱650.00
70666,Gold Fashioned,Cocktail,1,₱290.00,₱290.00
70666,Tapsi & More,Entree,2,₱425.00,₱850.00
70666,Seafood Chowda,Soup,1,₱365.00,₱365.00
70667,Surf & Turf,Entree,1,"₱1,195.00","₱1,195.00"
70667,Cajun Pasta,Pasta,2,₱425.00,₱850.00
70667,Under the Summer Sun,Cocktail,1,₱335.00,₱335.00
70669,Schweppes Tonic Water,Drinks,2,₱105.00,₱210.00
70669,Fries,Side Dish,1,₱95.00,₱95.00
70669,Pitcher Red Sangria,Cocktail,2,₱650.00,"₱1,300.00"
70673,Latte,Coffee,2,₱205.00,₱410.00
70673,Kiss of Death,Cocktail,1,₱550.00,₱550.00
70674,Sisig Rice Bowl,Entree,2,₱415.00,₱830.00
70674,Chicken in a Basket,Appetizer,2,₱395.00,₱790.00
70674,Sausage Angel,Appetizer,1,₱325.00,₱325.00
70678,Tequila Sunrise,Cocktail,1,₱315.00,₱315.00
70678,Chicken Parm,Entree,1,₱495.00,₱495.00
70678,Mountain Dew,Drinks,2,₱105.00,₱210.00
70678,Trash Can,Dessert,1,₱395.00,₱395.00
70678,Plain Rice,Add-ons,1,₱65.00,₱65.00
70680,Sausage Diablo,Appetizer,2,₱325.00,₱650.00
70680,Fish Taco,Appetizer,1,₱395.00,₱395.00
70682,Baletea,Tea,1,₱130.00,₱130.00
70682,Mango Shake,Shake,2,₱140.00,₱280.00
70682,C3,Drinks,1,₱245.00,₱245.00
70683,Free Pudding,Promos & Freebies,1,₱0.00,₱0.00
70683,Xtra Scoop Ice Cream,Dessert,1,₱65.00,₱65.00
70683,Good Morning Sunshine,Breakfast,1,₱199.00,₱199.00
70683,Cappuccino,Coffee,1,₱185.00,₱185.00
70685,Murica,Coffee,2,₱150.00,₱300.00
70685,Matchalicious,Matcha,2,₱255.00,₱510.00
70687,Chixsig Nachos,Appetizer,2,₱395.00,₱790.00
70687,Viet Coffee,Coffee,1,₱195.00,₱195.00
70687,Yolo,Shake,2,₱255.00,₱510.00
70688,Taco,Appetizer,1,₱345.00,₱345.00
70688,Simple Affogato,Coffee,1,₱245.00,₱245.00
70688,Chicken Rice,Entree,2,₱405.00,₱810.00
70690,Asian Chicken,Salad,2,₱365.00,₱730.00
70690,Tailgate Ribs,Entree,2,₱595.00,"₱1,190.00"
70690,Garlic Rice,Add-ons,1,₱95.00,₱95.00
70690,Egg,Add-ons,1,₱40.00,₱40.00
70690,Tanqueray Gin Shot,Hard Liquor,1,₱190.00,₱190.00
70694,Free Pudding,Promos & Freebies,2,₱0.00,₱0.00
70694,Beef Salpicao,Entree,2,₱545.00,"₱1,090.00"
70694,C3,Drinks,1,₱245.00,₱245.00
70697,Eves Apple,Mocktails,2,₱295.00,₱590.00
70697,Salis Curry Steak,Entree,1,₱425.00,₱425.00
70699,Kawali Bowl,Entree,2,₱199.00,₱398.00
70699,Container,Packaging,2,₱10.00,₱20.00
70699,Fries,Side Dish,2,₱95.00,₱190.00
70699,Salmon Rice,Entree,1,₱665.00,₱665.00
70699,Bucket Superdry,Beer,1,₱750.00,₱750.00
70700,Trash Can,Dessert,1,₱395.00,₱395.00
70700,SOP,Pizza,1,₱425.00,₱425.00
70700,Boozy Affogato,Boozy Coffee,2,₱375.00,₱750.00
70713,SOP,Pizza,1,₱425.00,₱425.00
70713,Fries,Side Dish,2,₱95.00,₱190.00
70713,Coke Zero,Drinks,2,₱105.00,₱210.00
70713,War Heads,Cocktail,2,₱355.00,₱710.00
70716,Mango Shake,Shake,1,₱280.00,₱280.00
70716,Coke Regular,Drinks,2,₱55.00,₱110.00
70716,Dirty Matcha,Coffee,2,₱225.00,₱450.00
70718,Gochujang Chicken Wrap,Burger/Wrap & More,2,₱425.00,₱850.00
70718,Chicken Parm,Entree,2,₱495.00,₱990.00
70718,Thai Shrimp,Entree,1,₱425.00,₱425.00
70722,Sisig Rice Bowl,Entree,1,₱415.00,₱415.00
70722,Negra,Beer,1,₱0.00,₱0.00
70725,Cajun Pasta,Pasta,1,₱425.00,₱425.00
70725,Container,Packaging,1,₱10.00,₱10.00
70725,Strawberry Frappe,Frappe,2,₱255.00,₱510.00
70727,Kwek Ala Carte,Appetizer,1,₱155.00,₱155.00
70727,Chicken in a Basket,Appetizer,1,₱395.00,₱395.00
70727,Honey-Sriracha Chicken,Salad,1,₱375.00,₱375.00
70731,Chicken & Waffles,Entree,1,₱425.00,₱425.00
70731,Salmon Rice,Entree,1,₱665.00,₱665.00
70731,Strawberry Basil Mojito,Cocktail,2,₱375.00,₱750.00
70731,Cold Water,Drinks,2,₱65.00,₱130.00
70731,Garlic Rice,Add-ons,2,₱95.00,₱190.00
70733,Mango Shake,Shake,2,₱195.00,₱390.00
70733,Kwek Ala Carte,Appetizer,2,₱155.00,₱310.00
70733,Beef and Shrimp Salpicao,Entree,2,₱895.00,"₱1,790.00"
70733,Gochujang Chicken Wrap,Burger/Wrap & More,2,₱470.00,₱940.00
70733,Chicken Parm,Entree,1,₱495.00,₱495.00
70735,Salis Curry Steak,Entree,2,₱425.00,₱850.00
70735,Murica,Burger/Wrap & More,1,₱150.00,₱150.00
70735,Caesar,Salad,1,₱365.00,₱365.00
70737,Trash Can,Dessert,2,₱395.00,₱790.00
70737,Viet Coffee,Coffee,1,₱195.00,₱195.00
70737,Beer Peach,Beer,1,₱0.00,₱0.00
70737,Classic Mojito,Cocktail,1,₱295.00,₱295.00
70741,Rum & Coke,Cocktail,2,₱225.00,₱450.00
70741,Mango Shake,Shake,2,₱295.00,₱590.00
70741,Mango Tapioca,Dessert,1,₱245.00,₱245.00
70741,Chicken Rice,Entree,2,₱405.00,₱810.00
70744,Seafood Chowda,Soup,1,₱365.00,₱365.00
70744,Chicken Parm,Entree,2,₱550.00,"₱1,100.00"
70744,Bread Pudding,Dessert,2,₱215.00,₱430.00
70744,Twerk It,Boozy Coffee,2,₱345.00,₱690.00
70744,Xtra Scoop Ice Cream,Dessert,2,₱65.00,₱130.00
70748,Sip,Cocktail,1,₱425.00,₱425.00
70748,Strawberry Matcha Frappe,Frappe,2,₱285.00,₱570.00
70750,Chicken & Waffles,Entree,2,₱425.00,₱850.00
70750,Yolo,Shake,1,₱255.00,₱255.00
70752,Baletea,Tea,2,₱615.00,"₱1,230.00"
70752,Amaretto Sour,Cocktail,1,₱0.00,₱0.00
70753,Mac & Cheese,Pasta,2,₱445.00,₱890.00
70753,K. Beef Bowl,Entree,2,₱895.00,"₱1,790.00"
70753,UT-Pork Bowl,Entree,1,₱595.00,₱595.00
70753,Coke Zero,Drinks,2,₱105.00,₱210.00
70753,Coke Regular,Drinks,2,₱105.00,₱210.00
70755,Asian Chicken,Salad,2,₱365.00,₱730.00
70755,Chicken in a Basket,Appetizer,1,₱395.00,₱395.00
70755,SOP,Pizza,1,₱425.00,₱425.00
70755,Taco,Appetizer,2,₱345.00,₱690.00
70755,Mango Shake,Shake,2,₱180.00,₱360.00
70756,Baletea,Tea,2,₱130.00,₱260.00
70756,Baletea,Tea,2,₱615.00,"₱1,230.00"
70756,Balete Salpicao,Entree,1,₱545.00,₱545.00
70760,Baletea,Tea,1,₱205.00,₱205.00
70760,Mango Shake,Shake,1,₱180.00,₱180.00
70760,Strawberry Frappe,Frappe,1,₱255.00,₱255.00
70760,Murica,Entree,2,₱150.00,₱300.00
70762,Black Pepper Beef,Appetizer,1,₱585.00,₱585.00
70762,Under the Summer Sun,Cocktail,2,₱0.00,₱0.00
70762,Baletea,Tea,2,₱205.00,₱410.00
70762,Honey Lemon J,Drinks,2,₱135.00,₱270.00
70765,Corned Beef Plate,Breakfast,1,₱199.00,₱199.00
70765,Bunwich Ala UTB,Burger/Wrap & More,1,₱375.00,₱375.00
70765,Chixsig Nachos,Appetizer,2,₱395.00,₱790.00
70765,Takoyaki,Appetizer,2,₱345.00,₱690.00
70765,Salmon Rice,Entree,1,₱665.00,₱665.00
70766,Strawberry Frappe,Frappe,1,₱255.00,₱255.00
70766,Eves Apple,Mocktails,1,₱295.00,₱295.00
70766,Chicken Caesar Wrap,Burger/Wrap & More,1,₱425.00,₱425.00
70766,Creme Brulee,Dessert,2,₱245.00,₱490.00
70766,Chicken Rice,Entree,2,₱405.00,₱810.00
70769,C3,Drinks,1,₱245.00,₱245.00
70769,Bucket Assorted,Beer,1,₱750.00,₱750.00
70769,Mango Shake,Shake,1,₱140.00,₱140.00
70769,Jim Beam Whiskey,Hard Liquor,2,"₱2,600.00","₱5,200.00"
70773,Tokwat Porky Pig,Entree,1,₱395.00,₱395.00
70773,Mountain Dew,Drinks,1,₱105.00,₱105.00
70773,Creme Brulee,Dessert,2,₱245.00,₱490.00
70775,Happy Hour 595+,Promos & Freebies,1,₱665.00,₱665.00
70775,Honey Lemon J,Drinks,2,₱135.00,₱270.00
70775,Vegetable Arrabbiata,Pasta,1,₱415.00,₱415.00
70775,Gochujang Chicken Wrap,Burger/Wrap & More,1,₱425.00,₱425.00
70777,Warm Poke Bowl,Entree,1,₱625.00,₱625.00
70777,Sausage Diablo,Appetizer,1,₱360.00,₱360.00
70777,Murica,Mocktails,2,₱150.00,₱300.00
70777,Green Mango Shake,Shake,1,₱225.00,₱225.00
70780,Honey Lemon J,Drinks,2,₱135.00,₱270.00
70780,K. Pork Bowl,Entree,2,₱595.00,"₱1,190.00"
70780,SOP,Pizza,1,₱425.00,₱425.00
70780,Cajun Pasta,Pasta,2,₱425.00,₱850.00
70782,Balete Salpicao,Entree,1,₱545.00,₱545.00
70782,Plain Rice,Add-ons,2,₱65.00,₱130.00
70786,Plain Rice,Add-ons,1,₱65.00,₱65.00
70786,Bread Pudding,Dessert,2,₱215.00,₱430.00
70786,Vanilla Latte,Coffee,1,₱205.00,₱205.00
70786,Viet Coffee,Coffee,2,₱145.00,₱290.00
70786,Honey Lemon J,Drinks,2,₱135.00,₱270.00
70789,Baletea,Tea,2,₱130.00,₱260.00
70789,Bucket Pilsen,Beer,2,₱600.00,"₱1,200.00"
70789,Plain Rice,Add-ons,2,₱65.00,₱130.00
70789,Batwan Beef Stew,Entree,2,₱725.00,"₱1,450.00"
70793,Container,Packaging,2,₱10.00,₱20.00
70793,Warm Poke Bowl,Entree,2,₱625.00,"₱1,250.00"
70793,Salis Curry Steak,Entree,1,₱425.00,₱425.00
70797,Chicken & Waffles,Entree,2,₱425.00,₱850.00
70797,Cerveza Negra,Beer,1,₱150.00,₱150.00
70797,Bucket Cerveza Negra,Beer,2,₱750.00,"₱1,500.00"
70797,Red Sangria,Cocktail,1,₱345.00,₱345.00
70797,Chicken in a Basket,Appetizer,1,₱395.00,₱395.00
70801,Bunwich Ala UTB,Burger/Wrap & More,2,₱375.00,₱750.00
70801,Cajun Pasta,Pasta,2,₱425.00,₱850.00
70801,Bucket Light,Beer,2,₱650.00,"₱1,300.00"
70801,Strawberry Basil Mojito,Cocktail,1,₱0.00,₱0.00
70804,Salis Curry Steak,Entree,1,₱425.00,₱425.00
70804,Sausage Diablo,Appetizer,2,₱325.00,₱650.00
70804,Chicken in a Basket,Appetizer,1,₱395.00,₱395.00
70807,K. Pork Bowl,Entree,1,₱595.00,₱595.00
70807,Chicken Parm,Entree,1,₱495.00,₱495.00
70807,Salmon Rice,Entree,1,₱665.00,₱665.00
70808,Tanqueray Gin Shot,Hard Liquor,2,₱190.00,₱380.00
70808,Gold Fashioned,Cocktail,2,₱290.00,₱580.00
70808,Bone-in PorkChop,Entree,2,"₱1,095.00","₱2,190.00"
70811,Fish Taco,Appetizer,2,₱395.00,₱790.00
70811,Chicken & Waffles,Entree,1,₱425.00,₱425.00
70811,Bucket Assorted,Beer,1,₱750.00,₱750.00
70811,Salmon Rice,Entree,2,₱665.00,"₱1,330.00"
70811,Tailgate Ribs,Entree,2,₱595.00,"₱1,190.00"
70815,Johnnie Walker Black S,Hard Liquor,1,₱195.00,₱195.00
70815,UTB Burger,Burger/Wrap & More,1,₱425.00,₱425.00
70815,San Mig Light,Beer,2,₱130.00,₱260.00
70816,Mac & Cheese,Pasta,1,₱445.00,₱445.00
70816,Murica,Entree,2,₱150.00,₱300.00
70816,Pitcher Red Sangria,Cocktail,2,₱650.00,"₱1,300.00"
70816,Cocoa Wonka,Drinks,2,₱245.00,₱490.00
70816,Free Pudding,Promos & Freebies,2,₱0.00,₱0.00
70817,Sausage Angel,Appetizer,2,₱325.00,₱650.00
70817,Tapsi & More,Entree,2,₱425.00,₱850.00
70819,Merk TT,Others,1,₱345.00,₱345.00
70819,C3,Drinks,1,₱245.00,₱245.00
70821,Mountain Dew,Drinks,1,₱105.00,₱105.00
70821,Free Pudding,Promos & Freebies,2,₱0.00,₱0.00
70821,Coke Regular,Drinks,1,₱125.00,₱125.00
70823,Seafood Pesto,Pasta,2,₱495.00,₱990.00
70823,Salmon Rice,Entree,2,₱665.00,"₱1,330.00"
70824,SOP,Pizza,1,₱425.00,₱425.00
70824,Chicken Parm,Entree,2,₱495.00,₱990.00
70824,Surf & Turf,Entree,1,"₱1,195.00","₱1,195.00"
70824,Free Pudding,Promos & Freebies,1,₱0.00,₱0.00
70828,Mango Shake,Shake,2,₱155.00,₱310.00
70828,Kiss of Death,Cocktail,1,₱550.00,₱550.00
70829,Amaretto Sour,Cocktail,2,₱0.00,₱0.00
70829,UTB Burger,Burger/Wrap & More,2,₱425.00,₱850.00
70829,Mango Shake,Shake,2,₱280.00,₱560.00
70830,Grilled Tuna,Entree,1,₱395.00,₱395.00
70834,San Mig Super Dry,Beer,2,₱150.00,₱300.00
70834,C3,Drinks,2,₱245.00,₱490.00
70834,Tapsi & More,Entree,2,₱425.00,₱850.00
70836,Superdry,Beer,2,₱0.00,₱0.00
70836,Caesar,Salad,1,₱365.00,₱365.00
70836,Bucket Assorted,Beer,2,₱750.00,"₱1,500.00"
70837,Under the Summer Sun,Cocktail,1,₱0.00,₱0.00
70837,Green Mango Shake,Shake,1,₱275.00,₱275.00
70837,Baletea,Tea,1,₱245.00,₱245.00
70839,Caesar,Salad,1,₱365.00,₱365.00
70839,Chicken Rice,Entree,1,₱405.00,₱405.00
70839,Corned Beef Plate,Breakfast,2,₱199.00,₱398.00
70842,Chicken in a Basket,Appetizer,2,₱395.00,₱790.00
70842,Coke Regular,Drinks,1,₱105.00,₱105.00
70842,Chicken Parm,Entree,1,₱495.00,₱495.00
70842,Chicken Parm,Entree,1,₱495.00,₱495.00
70842,Grilled Tuna,Entree,1,₱395.00,₱395.00
70844,Bucket Light,Beer,2,₱650.00,"₱1,300.00"
70844,Sop,Pizza,1,₱425.00,₱425.00
70846,Mango Shake,Shake,2,₱295.00,₱590.00
70846,Cappuccino,Coffee,1,₱185.00,₱185.00
70846,Coke Regular,Drinks,1,₱45.00,₱45.00
70846,Chicken in a Basket,Appetizer,2,₱395.00,₱790.00
70849,Tapsi & More,Entree,2,₱425.00,₱850.00
70849,Yolo,Shake,1,₱255.00,₱255.00
70851,Takoyaki,Appetizer,1,₱345.00,₱345.00
70851,Trash Can,Dessert,2,₱395.00,₱790.00
70851,Truffle Parmesan Fries,Appetizer,1,₱325.00,₱325.00
70853,Beer Peach,Beer,1,₱0.00,₱0.00
70853,Bread Pudding,Dessert,1,₱215.00,₱215.00
70855,Fries,Side Dish,2,₱95.00,₱190.00
70855,Matchalicious,Matcha,2,₱255.00,₱510.00
70855,Squash Soup,Soup,2,₱315.00,₱630.00
70855,Fish Taco,Appetizer,2,₱395.00,₱790.00
70855,Truffle Parmesan Fries,Appetizer,1,₱325.00,₱325.00
70856,Salmon Rice,Entree,2,₱665.00,"₱1,330.00"
70856,Chicken Parm,Entree,1,₱495.00,₱495.00
70856,Beer Caramel,Beer,2,₱235.00,₱470.00
70856,Creme Brulee,Dessert,1,₱245.00,₱245.00
70856,Truffle Parmesan Fries,Appetizer,1,₱325.00,₱325.00
70859,Rootbeer Float Rated G,Drinks,2,₱225.00,₱450.00
70859,Bucket Superdry,Beer,2,₱750.00,"₱1,500.00"
70862,Mango Shake,Shake,1,₱280.00,₱280.00
70862,Salis Curry Steak,Entree,1,₱425.00,₱425.00
70862,Yogi Tea,Tea,2,₱125.00,₱250.00
70862,Eyogi Tea,Tea,1,₱125.00,₱125.00
70863,Kawali Bowl,Entree,2,₱199.00,₱398.00
70863,Butter Toast,Side Dish,1,₱45.00,₱45.00
70863,Caesar,Salad,1,₱365.00,₱365.00
70863,Superdry,Beer,2,₱0.00,₱0.00
70863,Sausage Skillet (Angel),Appetizer,1,₱325.00,₱325.00
70865,Pinoy Charcuterie,Appetizer,2,₱495.00,₱990.00
70865,Lychee Shake,Shake,1,₱225.00,₱225.00
70869,Tokwat Porky Pig,Entree,1,₱395.00,₱395.00
70869,Chicken Caesar Wrap,Burger/Wrap & More,1,₱425.00,₱425.00
70871,Corned Beef Plate,Breakfast,1,₱199.00,₱199.00
70871,Bucket Pilsen,Beer,1,₱600.00,₱600.00
70871,Chicharon,Appetizer,1,₱145.00,₱145.00
70875,Tropical White Lady,Mocktails,2,₱355.00,₱710.00
70875,Bucket Pilsen,Beer,1,₱600.00,₱600.00
70875,Beer Peach,Beer,1,₱235.00,₱235.00
70875,Shrimp Po Boy,Burger/Wrap & More,1,₱455.00,₱455.00
70875,Bucket Assorted,Beer,2,₱750.00,"₱1,500.00"
70877,Murica,Entree,2,₱150.00,₱300.00
70877,Sisig Rice Bowl,Entree,2,₱415.00,₱830.00
70877,Garlic Rice,Add-ons,1,₱95.00,₱95.00
70880,Bread Pudding,Dessert,2,₱215.00,₱430.00
70880,Cocoa Wonka,Drinks,2,₱245.00,₱490.00
70883,Mango Shake,Shake,2,₱280.00,₱560.00
70883,Salis Curry Steak,Entree,2,₱425.00,₱850.00
70884,Trash Can,Cocktail,1,₱395.00,₱395.00
70884,Surf & Turf,Entree,2,"₱1,195.00","₱2,390.00"
70884,Chicken Rice,Entree,2,₱405.00,₱810.00
70884,San Mig Light,Beer,2,₱0.00,₱0.00
70886,Murica,Coffee,2,₱150.00,₱300.00
70886,Free Chicharon,Promos & Freebies,2,₱0.00,₱0.00
70886,K. Pork Bowl,Entree,1,₱585.00,₱585.00
70888,Fishball Ala Carte,Appetizer,2,₱75.00,₱150.00
70888,Bunwich Ala UTB,Burger/Wrap & More,2,₱375.00,₱750.00
70888,Rum & Coke,Cocktail,2,₱225.00,₱450.00
70888,Lychee Shake,Shake,2,₱225.00,₱450.00
70888,Yolo,Shake,2,₱255.00,₱510.00
70890,Jim Beam Whiskey,Hard Liquor,1,"₱2,600.00","₱2,600.00"
70890,Coke Zero,Drinks,1,₱105.00,₱105.00
70890,Kiss of Death,Cocktail,1,₱550.00,₱550.00
70890,Baletea,Tea,1,₱205.00,₱205.00
70892,Bread Pudding,Dessert,1,₱215.00,₱215.00
70892,San Mig Light,Beer,1,₱130.00,₱130.00
70894,Pink Margarita,Cocktail,1,₱325.00,₱325.00
70894,San Mig Pilsen,Beer,1,₱0.00,₱0.00
70896,Happy Hour 595+,Promos & Freebies,1,₱665.00,₱665.00
70896,Strawberry Lychee Shake,Shake,2,₱255.00,₱510.00
70896,Bunwich Ala UTB,Burger/Wrap & More,1,₱375.00,₱375.00
70896,Cold Water,Drinks,1,₱65.00,₱65.00
70896,Rootbeer Float Rated G,Drinks,2,₱225.00,₱450.00
70899,Sausage Skillet (Angel),Appetizer,2,₱325.00,₱650.00
70899,Plain Rice,Add-ons,2,₱65.00,₱130.00
70899,Trash Can,Cocktail,2,₱395.00,₱790.00
70899,Sisig Rice Bowl,Entree,1,₱415.00,₱415.00
70903,Free Pudding,Promos & Freebies,2,₱0.00,₱0.00
70903,Free Pudding,Promos & Freebies,2,₱0.00,₱0.00
70903,Oxtail Soup,Soup,1,₱795.00,₱795.00
70903,Dark Choco Chip Frappe,Frappe,1,₱285.00,₱285.00
70907,Honey-Sriracha Chicken,Entree,2,₱375.00,₱750.00
70907,Kawali Bowl,Entree,2,₱199.00,₱398.00
70907,Dark Choco Chip Frappe,Frappe,1,₱285.00,₱285.00
70907,Lychee Shake,Shake,2,₱225.00,₱450.00
70911,San Mig Pilsen,Beer,2,₱0.00,₱0.00
70911,Surf & Turf,Entree,2,"₱1,195.00","₱2,390.00"
70913,Baletea Freeze,Cocktail,1,₱365.00,₱365.00
70913,Chicken & Waffles,Entree,2,₱425.00,₱850.00
70915,Fish Taco,Appetizer,2,₱395.00,₱790.00
70915,Bellagio Mochaccino,Coffee,1,₱225.00,₱225.00
70915,Strawberry Matcha Frappe,Frappe,2,₱285.00,₱570.00
70916,Salis Curry Steak,Entree,1,₱425.00,₱425.00
70916,Yolo,Shake,1,₱255.00,₱255.00
70916,Sausage Diablo,Appetizer,2,₱325.00,₱650.00
70916,Bellagio Mochaccino,Coffee,2,₱225.00,₱450.00
70919,Tropical White Lady,Mocktails,2,₱355.00,₱710.00
70919,Xtra Scoop Ice Cream,Dessert,2,₱65.00,₱130.00
70919,Fish Taco,Appetizer,1,₱395.00,₱395.00
70923,Bucket Pilsen,Beer,2,₱600.00,"₱1,200.00"
70923,Under the Summer Sun,Cocktail,2,₱335.00,₱670.00
70923,K. Pork Bowl,Entree,1,₱595.00,₱595.00
70926,Bucket Light,Beer,2,₱650.00,"₱1,300.00"
70926,Truffle Parmesan Fries,Appetizer,1,₱325.00,₱325.00
70926,C3,Drinks,2,₱245.00,₱490.00
70926,Mountain Dew,Drinks,1,₱105.00,₱105.00
70928,Bottled Water,Drinks,1,₱65.00,₱65.00
70928,Mountain Dew,Drinks,2,₱105.00,₱210.00
70928,Sisig Rice Bowl,Entree,1,₱415.00,₱415.00
70932,Mango Shake,Shake,2,₱295.00,₱590.00
70932,Sop,Pizza,2,₱425.00,₱850.00
70932,Free Pudding,Promos & Freebies,2,₱0.00,₱0.00
70934,Seafood Chowda,Soup,2,₱365.00,₱730.00
70934,Salmon Rice,Entree,2,₱665.00,"₱1,330.00"
70934,Cajun Pasta,Pasta,1,₱425.00,₱425.00
70934,BaleteHeat,Cocktail,2,₱0.00,₱0.00
70934,Honey-Sriracha Chicken,Entree,1,₱375.00,₱375.00
70936,Seafood Pesto,Pasta,2,₱495.00,₱990.00
70936,Bone-in PorkChop,Entree,1,"₱1,095.00","₱1,095.00"
70936,Eyogi Tea,Tea,1,₱125.00,₱125.00
70938,San Mig Pilsen,Beer,2,₱120.00,₱240.00
70938,San Mig Light,Beer,1,₱0.00,₱0.00
70938,Kawali Bowl,Entree,1,₱199.00,₱199.00
70940,Mac & Cheese,Pasta,1,₱445.00,₱445.00
70940,Pitcher Classic Mojito,Cocktail,2,₱650.00,"₱1,300.00"
70940,Rootbeer Float Rated G,Drinks,1,₱225.00,₱225.00
70944,San Mig Light,Beer,2,₱130.00,₱260.00
70944,Matcha Frappe,Frappe,1,₱255.00,₱255.00
70982,Pitcher Red Sangria,Cocktail,1,₱650.00,₱650.00
70982,Chicken Parm,Entree,2,₱495.00,₱990.00
70982,Plain Rice,Add-ons,2,₱65.00,₱130.00
70985,Lychee Berry Margarita,Cocktail,1,₱355.00,₱355.00
70985,Trash Can,Entree,1,₱395.00,₱395.00
70985,Trash Can,Dessert,2,₱395.00,₱790.00
70985,Coke Regular,Drinks,2,₱105.00,₱210.00
70986,Truffle Pasta,Pasta,1,₱435.00,₱435.00
70986,C3,Drinks,1,₱245.00,₱245.00
70986,Free Pudding,Promos & Freebies,1,₱0.00,₱0.00
70986,Baletea Freeze,Cocktail,1,₱365.00,₱365.00
70986,Eyogi Tea,Tea,1,₱125.00,₱125.00
70987,Mango Shake,Shake,1,₱180.00,₱180.00
70987,Beer Peach,Beer,2,₱0.00,₱0.00
70987,Rootbeer Float,Drinks,2,₱225.00,₱450.00
70987,San Mig Pilsen,Beer,2,₱120.00,₱240.00
70987,Fish Taco,Appetizer,1,₱395.00,₱395.00
70991,Plain Rice,Add-ons,2,₱65.00,₱130.00
70991,Seafood Pesto,Pasta,1,₱495.00,₱495.00
70991,Sisig Rice Bowl,Entree,2,₱415.00,₱830.00
70991,Chicken Rice,Entree,1,₱405.00,₱405.00
70995,Rum & Coke,Cocktail,1,₱225.00,₱225.00
70995,Bucket Light,Beer,2,₱650.00,"₱1,300.00"
70995,Chixsig Nachos,Appetizer,2,₱395.00,₱790.00
70995,Chicken in a Basket,Appetizer,1,₱395.00,₱395.00
70995,Strawberry Latte,Coffee,2,₱215.00,₱430.00
70997,Surf & Turf,Entree,2,"₱1,195.00","₱2,390.00"
70997,Strawberry Lychee Shake,Shake,1,₱255.00,₱255.00
71001,Pinoy Charcuterie,Appetizer,2,₱495.00,₱990.00
71001,Shrimp Po Boy,Burger/Wrap & More,2,₱475.00,₱950.00
71001,Mac & Cheese,Pasta,2,₱445.00,₱890.00
71001,Chicken & Waffles,Entree,2,₱425.00,₱850.00
71001,Lychee Berry Margarita,Cocktail,2,₱355.00,₱710.00
71004,Seafood Chowda,Soup,1,₱365.00,₱365.00
71004,SOP,Pizza,1,₱425.00,₱425.00
71005,Pinoy Charcuterie,Appetizer,1,₱495.00,₱495.00
71005,Batwan Beef Stew,Entree,2,₱725.00,"₱1,450.00"
71005,Gochujang Chicken Wrap,Burger/Wrap & More,2,₱425.00,₱850.00
71005,Pinoy Charcuterie,Appetizer,1,₱495.00,₱495.00
71007,Murica,Mocktails,1,₱150.00,₱150.00
71007,Shrimp Po Boy,Burger/Wrap & More,1,₱455.00,₱455.00
71007,Spanish Latte,Coffee,1,₱195.00,₱195.00
71007,Simple Affogato,Coffee,2,₱245.00,₱490.00
71007,Salmon Rice,Entree,1,₱665.00,₱665.00
71010,Shrimp & Chips,Appetizer,1,₱415.00,₱415.00
71010,San Mig Pilsen,Beer,2,₱120.00,₱240.00
71010,Bucket Light,Beer,1,₱650.00,₱650.00
71010,Free Pudding,Promos & Freebies,1,₱0.00,₱0.00
71010,Batwan Beef Stew,Entree,1,₱725.00,₱725.00
71012,San Mig Light,Beer,1,₱130.00,₱130.00
71012,Johnnie Walker Black S,Hard Liquor,1,₱195.00,₱195.00
71015,Baletea,Tea,1,₱615.00,₱615.00
71015,Tailgate Ribs,Entree,1,₱595.00,₱595.00
71015,Mac & Cheese,Pasta,2,₱445.00,₱890.00
71015,Caesar,Salad,2,₱365.00,₱730.00
71015,Surf & Turf,Entree,1,"₱1,195.00","₱1,195.00"
71016,Tapsi & More,Entree,2,₱425.00,₱850.00
71016,Warm Poke Bowl,Entree,1,₱625.00,₱625.00
71016,Beef Salpicao,Entree,2,₱545.00,"₱1,090.00"
71016,Kawali Bowl,Entree,1,₱199.00,₱199.00
71016,Asian Chicken,Salad,2,₱365.00,₱730.00
71017,Kawali Bowl,Entree,2,₱199.00,₱398.00
71017,Butter Toast,Side Dish,1,₱45.00,₱45.00
71018,Yolo,Shake,2,₱255.00,₱510.00
71018,Murica,Coffee,1,₱150.00,₱150.00
71018,Salmon Rice,Entree,2,₱665.00,"₱1,330.00"
71019,Dynamite Ala Carte,Appetizer,2,₱155.00,₱310.00
71019,Matcha Frappe,Frappe,2,₱255.00,₱510.00
71019,Vanilla Latte,Coffee,2,₱205.00,₱410.00
71021,Bellagio Mochaccino,Coffee,2,₱225.00,₱450.00
71021,Bellagio Mochaccino,Coffee,1,₱225.00,₱225.00
71023,Black Pepper Beef,Appetizer,2,₱585.00,"₱1,170.00"
71023,UTB Burger,Burger/Wrap & More,2,₱425.00,₱850.00
71023,Mac & Cheese,Pasta,2,₱445.00,₱890.00
71023,Viet Coffee,Coffee,2,₱195.00,₱390.00
71023,Pink Margarita,Cocktail,1,₱325.00,₱325.00
71026,Tailgate Ribs,Entree,2,₱595.00,"₱1,190.00"
71026,Fish Be With U,Entree,1,₱795.00,₱795.00
71026,Yolo,Shake,1,₱20.00,₱20.00
71026,SOP,Pizza,1,₱425.00,₱425.00
71027,Eves Apple,Mocktails,1,₱295.00,₱295.00
71027,Plain Rice,Add-ons,1,₱65.00,₱65.00
71027,Sisig Rice Bowl,Entree,2,₱415.00,₱830.00
71027,Caesar,Salad,2,₱365.00,₱730.00
71027,Surf & Turf,Entree,1,"₱1,195.00","₱1,195.00"
71030,Chicken & Waffles,Entree,1,₱425.00,₱425.00
71030,Bread Pudding,Dessert,2,₱215.00,₱430.00
71030,Asian Chicken,Salad,1,₱365.00,₱365.00
71030,San Mig Pilsen,Beer,2,₱0.00,₱0.00
71030,Black Pepper Beef,Appetizer,2,₱525.00,"₱1,050.00"
71033,Sausage Angel,Appetizer,2,₱325.00,₱650.00
71033,Latte,Coffee,1,₱185.00,₱185.00
71033,SOP,Pizza,1,₱425.00,₱425.00
71033,Spanish Latte,Coffee,2,₱195.00,₱390.00
71034,Salis Curry Steak,Entree,2,₱425.00,₱850.00
71034,Bacon Plate,Breakfast,2,₱199.00,₱398.00
71034,Seafood Pesto,Pasta,1,₱495.00,₱495.00
71034,Free Chicharon,Promos & Freebies,1,₱0.00,₱0.00
71034,Bucket Assorted,Beer,1,₱750.00,₱750.00
71036,Strawberry Matcha Frappe,Frappe,1,₱285.00,₱285.00
71036,Bucket Assorted,Beer,1,₱750.00,₱750.00
71036,Truffle Parmesan Fries,Appetizer,1,₱325.00,₱325.00
71036,Yolo,Shake,2,₱255.00,₱510.00
71038,San Mig Light,Beer,2,₱0.00,₱0.00
71038,Murica,Coffee,1,₱150.00,₱150.00
71038,Taco,Appetizer,1,₱345.00,₱345.00
71042,Glass Bulera,Cocktail,2,₱115.00,₱230.00
71042,Free Pudding,Promos & Freebies,1,₱0.00,₱0.00
71046,Bday Ice Cream,Dessert,1,₱0.00,₱0.00
71046,Sausage Diablo,Appetizer,2,₱325.00,₱650.00
71046,Beef and Shrimp Salpicao,Entree,1,₱895.00,₱895.00
71046,SOP,Pizza,2,₱425.00,₱850.00
71047,Red Sangria,Cocktail,1,₱345.00,₱345.00
71047,Kwek Ala Carte,Appetizer,2,₱155.00,₱310.00
71051,Batwan Beef Stew,Entree,2,₱785.00,"₱1,570.00"
71051,Merk TT,Others,1,₱345.00,₱345.00
71055,Strawberry Basil Mojito,Cocktail,2,₱375.00,₱750.00
71055,Platter Plain Rice,Side Dish,1,₱295.00,₱295.00
71055,UT-Pork Bowl,Entree,2,₱595.00,"₱1,190.00"
71059,Fish Be With U,Entree,2,₱795.00,"₱1,590.00"
71059,San Mig Pilsen,Beer,1,₱120.00,₱120.00
71059,Fish Taco,Appetizer,2,₱395.00,₱790.00
71059,Caramel Macchiato,Coffee,1,₱0.00,₱0.00
71059,Tailgate Ribs,Entree,1,₱595.00,₱595.00
71060,Salmon Rice,Entree,2,₱665.00,"₱1,330.00"
71060,Sisig Rice Bowl,Entree,1,₱415.00,₱415.00
71063,Mango Tapioca,Dessert,2,₱245.00,₱490.00
71063,Creme Brulee,Dessert,2,₱245.00,₱490.00
71063,Chicken in a Basket,Appetizer,2,₱395.00,₱790.00
71066,Viet Coffee,Coffee,2,₱195.00,₱390.00
71066,Chicken Caesar Wrap,Burger/Wrap & More,2,₱425.00,₱850.00
71066,Under the Summer Sun,Cocktail,1,₱0.00,₱0.00
71066,San Mig Pilsen,Beer,2,₱90.00,₱180.00
71069,Tapsi & More,Entree,2,₱425.00,₱850.00
71069,Latte,Coffee,2,₱185.00,₱370.00
71069,Coke Regular,Drinks,1,₱105.00,₱105.00
71069,Bday Ice Cream,Dessert,2,₱0.00,₱0.00
71071,Chicken Parm,Entree,1,₱495.00,₱495.00
71071,Salis Curry Steak,Entree,2,₱425.00,₱850.00
71071,Warm Poke Bowl,Entree,2,₱625.00,"₱1,250.00"
71071,Bucket Pilsen,Beer,1,₱600.00,₱600.00
71073,Chicken in a Basket,Appetizer,1,₱395.00,₱395.00
71073,Chicken Parm,Entree,2,₱495.00,₱990.00
71073,Coke Zero,Drinks,2,₱30.00,₱60.00
71073,Grilled Tuna,Entree,2,₱395.00,₱790.00
71073,Extra Espresso Shot,Coffee,2,₱95.00,₱190.00
71075,Seafood Pesto,Pasta,1,₱495.00,₱495.00
71075,K3,Others,2,₱245.00,₱490.00
71075,Chixsig Nachos,Appetizer,1,₱395.00,₱395.00
71078,Strawberry Basil Mojito,Cocktail,2,₱375.00,₱750.00
71078,Mac & Cheese,Pasta,2,₱445.00,₱890.00
71082,Amaretto Sour,Cocktail,1,₱285.00,₱285.00
71082,Salis Curry Steak,Entree,1,₱425.00,₱425.00
71082,Superdry,Beer,2,₱0.00,₱0.00
71082,Negra,Beer,1,₱0.00,₱0.00
71082,Fish Be With U,Entree,1,₱795.00,₱795.00
71083,Plain Rice,Add-ons,2,₱65.00,₱130.00
71083,Pinoy Charcuterie,Appetizer,1,₱495.00,₱495.00
71083,San Mig Pilsen,Beer,1,₱120.00,₱120.00
71085,Strawberry Lychee Shake,Shake,2,₱255.00,₱510.00
71085,Mango Shake,Shake,1,₱280.00,₱280.00
71085,SOP,Pizza,2,₱425.00,₱850.00
71086,Bread Pudding,Dessert,2,₱215.00,₱430.00
71086,Pork Sisig,Entree,2,₱345.00,₱690.00
71090,Seafood Pesto,Pasta,2,₱495.00,₱990.00
71090,Chicken in a Basket,Appetizer,1,₱395.00,₱395.00
71090,Taco,Appetizer,1,₱345.00,₱345.00
71092,Tokwat Porky Pig,Entree,2,₱395.00,₱790.00
71092,Warm Poke Bowl,Entree,2,₱625.00,"₱1,250.00"
71092,Superdry,Beer,2,₱0.00,₱0.00
71094,Salted Caramel Frappe,Frappe,2,₱255.00,₱510.00
71094,SOP,Pizza,1,₱425.00,₱425.00
71094,Platter Plain Rice,Side Dish,1,₱295.00,₱295.00
71096,SOP,Pizza,1,₱425.00,₱425.00
71096,Garlic Rice,Add-ons,1,₱95.00,₱95.00
71096,Chicken Rice,Entree,2,₱405.00,₱810.00
71096,Tequila Sunrise,Cocktail,1,₱0.00,₱0.00
71099,Coke Regular,Drinks,1,₱105.00,₱105.00
71099,Pork Sisig,Entree,1,₱345.00,₱345.00
71099,Dirty Matcha,Coffee,2,₱225.00,₱450.00
71100,Chixsig Nachos,Appetizer,2,₱395.00,₱790.00
71100,San Mig Light,Beer,2,₱130.00,₱260.00
71100,Lychee Shake,Shake,2,₱225.00,₱450.00
71100,Bucket Light,Beer,2,₱650.00,"₱1,300.00"
71104,Baletea Freeze,Cocktail,2,₱365.00,₱730.00
71104,San Mig Pilsen,Beer,2,₱0.00,₱0.00
71104,Cerveza Negra,Beer,2,₱150.00,₱300.00
71104,Egg,Add-ons,2,₱40.00,₱80.00
71106,Kawali Bowl,Entree,1,₱199.00,₱199.00
71106,Pork Sisig,Entree,2,₱345.00,₱690.00
71106,Truffle Parmesan Fries,Appetizer,1,₱325.00,₱325.00
71106,C3,Drinks,1,₱245.00,₱245.00
71106,Mango Shake,Shake,1,₱225.00,₱225.00
71109,Yolo,Shake,1,₱20.00,₱20.00
71109,C3,Drinks,2,₱245.00,₱490.00
71109,Glass Baletea,Tea,2,₱105.00,₱210.00
71109,Chixsig Nachos,Appetizer,1,₱395.00,₱395.00
71109,Warm Poke Bowl,Entree,2,₱625.00,"₱1,250.00"
71111,Hazelnut Macchiato,Coffee,1,₱205.00,₱205.00
71111,Green Mango Shake,Shake,2,₱225.00,₱450.00
71112,Vodka Sunrise,Cocktail,2,₱305.00,₱610.00
71112,Dark Choco Chip Frappe,Frappe,2,₱285.00,₱570.00
71112,Bucket Light,Beer,2,₱650.00,"₱1,300.00"
71112,Baletea,Tea,1,₱205.00,₱205.00
71112,Tailgate Ribs,Entree,1,₱595.00,₱595.00
71115,Negra,Beer,1,₱0.00,₱0.00
71115,Honey Lemon J,Drinks,2,₱135.00,₱270.00
71116,Sisig Rice Bowl,Entree,2,₱415.00,₱830.00
71116,Kikiam Ala Carte,Appetizer,1,₱85.00,₱85.00
71116,Free Chicharon,Promos & Freebies,1,₱0.00,₱0.00
71116,Egg,Add-ons,2,₱40.00,₱80.00
71116,K. Pork Bowl,Entree,2,₱595.00,"₱1,190.00"
71120,Good Morning Sunshine,Breakfast,2,₱199.00,₱398.00
71120,San Mig Pilsen,Beer,2,₱120.00,₱240.00
71120,Truffle Pasta,Pasta,1,₱435.00,₱435.00
71120,Squash Soup,Soup,1,₱315.00,₱315.00
71123,Caesar,Salad,2,₱365.00,₱730.00
71123,Yolo,Shake,2,₱255.00,₱510.00
71123,Superdry,Beer,1,₱0.00,₱0.00
71125,Viet Coffee,Coffee,1,₱200.00,₱200.00
71125,Trash Can,Cocktail,2,₱395.00,₱790.00
71128,Boozy Affogato,Boozy Coffee,1,₱375.00,₱375.00
71128,Mango Shake,Shake,2,₱225.00,₱450.00
71128,Free Pudding,Promos & Freebies,1,₱0.00,₱0.00
71132,Caramel Macchiato,Coffee,1,₱195.00,₱195.00
71132,Creme Brulee,Dessert,1,₱245.00,₱245.00
71132,C3,Drinks,1,₱245.00,₱245.00
71132,Seafood Chowda,Soup,2,₱365.00,₱730.00
71132,Cappuccino,Coffee,2,₱185.00,₱370.00
71133,Fish Taco,Appetizer,2,₱395.00,₱790.00
71133,Beef and Shrimp Salpicao,Entree,1,₱895.00,₱895.00
71137,Butter Toast,Side Dish,1,₱45.00,₱45.00
71137,Mango Shake,Shake,1,₱155.00,₱155.00
71138,Batwan Beef Stew,Entree,2,₱785.00,"₱1,570.00"
71138,Bucket Cerveza Negra,Beer,2,₱750.00,"₱1,500.00"
71138,San Mig Pilsen,Beer,2,₱120.00,₱240.00
71140,Butter Toast,Side Dish,2,₱45.00,₱90.00
71140,Rootbeer Float Rated G,Drinks,2,₱225.00,₱450.00
71142,Fries,Side Dish,2,₱95.00,₱190.00
71142,Free Pudding,Promos & Freebies,2,₱0.00,₱0.00
71142,Baletea,Tea,1,₱205.00,₱205.00
71142,Sop,Pizza,1,₱425.00,₱425.00
71142,Fish Be With U,Entree,1,₱795.00,₱795.00
71144,Lychee Shake,Shake,1,₱225.00,₱225.00
71144,K. Beef Bowl,Entree,2,₱895.00,"₱1,790.00"
71144,Oxtail Soup,Soup,2,₱795.00,"₱1,590.00"
71144,Trash Can,Dessert,1,₱395.00,₱395.00
71144,Platter Plain Rice,Side Dish,2,₱295.00,₱590.00
71146,Asian Chicken,Salad,1,₱365.00,₱365.00
71146,Viet Coffee,Coffee,1,₱200.00,₱200.00
71146,Honey-Sriracha Chicken,Salad,1,₱375.00,₱375.00
71149,Pinoy Charcuterie,Appetizer,2,₱495.00,₱990.00
71149,Cerveza Negra,Beer,1,₱150.00,₱150.00
71149,Chixsig Nachos,Appetizer,2,₱395.00,₱790.00
71151,Chix Ball Ala Carte,Appetizer,2,₱95.00,₱190.00
71151,Salis Curry Steak,Entree,1,₱425.00,₱425.00
71151,Yogi Tea,Tea,2,₱125.00,₱250.00
71151,Boozy Affogato,Boozy Coffee,1,₱375.00,₱375.00
71152,Creme Brulee,Dessert,2,₱245.00,₱490.00
71152,Surf & Turf,Entree,1,"₱1,195.00","₱1,195.00"
71156,Caramel Macchiato,Coffee,2,₱0.00,₱0.00
71156,Fish Be With U,Entree,2,₱795.00,"₱1,590.00"
71156,Matchalicious,Matcha,2,₱255.00,₱510.00
71156,Merk TT,Others,2,₱345.00,₱690.00
71157,Butter Toast,Side Dish,2,₱45.00,₱90.00
71157,Chicken in a Basket,Appetizer,1,₱395.00,₱395.00
71157,Strawberry Matcha Frappe,Frappe,2,₱285.00,₱570.00
71158,Strawberry Frappe,Frappe,2,₱255.00,₱510.00
71158,Lychee Shake,Shake,1,₱225.00,₱225.00
71160,UTB Burger,Burger/Wrap & More,1,₱425.00,₱425.00
71160,Truffle Pasta,Pasta,1,₱435.00,₱435.00
71160,Trash Can,Cocktail,1,₱395.00,₱395.00
71160,Bunwich Ala UTB,Burger/Wrap & More,2,₱375.00,₱750.00
71163,Hazelnut Macchiato,Coffee,2,₱205.00,₱410.00
71163,Free Chicharon,Promos & Freebies,1,₱0.00,₱0.00
71163,Dirty Matcha,Coffee,1,₱225.00,₱225.00
71164,Container,Packaging,1,₱10.00,₱10.00
71164,Cerveza Negra,Beer,1,₱150.00,₱150.00
71164,Vodka Sunrise,Cocktail,1,₱305.00,₱305.00
71164,K. Pork Bowl,Entree,1,₱585.00,₱585.00
71166,Free Pudding,Promos & Freebies,2,₱0.00,₱0.00
71166,Salis Curry Steak,Entree,2,₱425.00,₱850.00
71166,Pork Sisig,Entree,1,₱345.00,₱345.00
71166,Shrimp Salpicao,Entree,1,₱415.00,₱415.00
71169,Chicken & Waffles,Entree,1,₱425.00,₱425.00
71169,Happy Hour 595+,Promos & Freebies,2,₱665.00,"₱1,330.00"
71169,Truffle Pasta,Pasta,2,₱435.00,₱870.00
71172,Truffle Parmesan Fries,Appetizer,1,₱325.00,₱325.00
71172,Coke Zero,Drinks,2,₱105.00,₱210.00
71172,Thai Shrimp,Entree,1,₱425.00,₱425.00
71172,Asian Chicken,Salad,1,₱365.00,₱365.00
71176,Happy Hour 595+,Promos & Freebies,2,₱665.00,"₱1,330.00"
71176,Baletea,Tea,2,₱615.00,"₱1,230.00"
71176,Cajun Pasta,Pasta,1,₱425.00,₱425.00
71176,Fish Taco,Appetizer,1,₱395.00,₱395.00
71176,Boozy Affogato,Boozy Coffee,2,₱375.00,₱750.00
71180,Cerveza Negra,Beer,1,₱150.00,₱150.00
71180,Mango Shake,Shake,2,₱155.00,₱310.00
71180,Cerveza Negra,Beer,1,₱150.00,₱150.00
71180,Yogi Tea,Tea,2,₱125.00,₱250.00
71182,Baletea,Tea,2,₱245.00,₱490.00
71182,Murica,Coffee,1,₱150.00,₱150.00
71185,Mango Shake,Shake,1,₱240.00,₱240.00
71185,Chicken in a Basket,Appetizer,1,₱395.00,₱395.00
71185,Murica,Coffee,1,₱150.00,₱150.00
71187,Under the Summer Sun,Cocktail,2,₱0.00,₱0.00
71187,Bunwich Ala UTB,Burger/Wrap & More,1,₱375.00,₱375.00
71187,Mac & Cheese,Pasta,1,₱0.00,₱0.00
71189,Pitcher Classic Mojito,Cocktail,1,₱650.00,₱650.00
71189,K. Pork Bowl,Entree,1,₱595.00,₱595.00
71189,Warm Poke Bowl,Entree,1,₱625.00,₱625.00
71191,Matcha Frappe,Frappe,1,₱255.00,₱255.00
71191,Bread Pudding,Dessert,2,₱215.00,₱430.00
71191,Amaretto Sour,Cocktail,1,₱0.00,₱0.00
71193,Balete Salpicao,Entree,1,₱545.00,₱545.00
71193,Truffle Parmesan Fries,Appetizer,2,₱325.00,₱650.00
71197,Banana Peanut Butter,Frappe,1,₱275.00,₱275.00
71197,Kwek Ala Carte,Appetizer,2,₱155.00,₱310.00
71197,Seafood Chowda,Soup,1,₱365.00,₱365.00
71197,Chicken in a Basket,Appetizer,2,₱395.00,₱790.00
71197,Tokwat Porky Pig,Entree,2,₱395.00,₱790.00
71199,C3,Drinks,1,₱245.00,₱245.00
71199,Chixsig Nachos,Appetizer,1,₱395.00,₱395.00
71200,K. Pork Bowl,Entree,1,₱595.00,₱595.00
71200,Caesar,Salad,2,₱365.00,₱730.00
71200,Salis Curry Steak,Entree,2,₱425.00,₱850.00
71200,Bone-in PorkChop,Entree,1,"₱1,095.00","₱1,095.00"
71201,SOP,Pizza,1,₱425.00,₱425.00
71201,Simple Affogato,Coffee,2,₱245.00,₱490.00
71203,Banana Peanut Butter,Frappe,1,₱275.00,₱275.00
71203,San Mig Pilsen,Beer,2,₱0.00,₱0.00
71203,Kawali Bowl,Entree,2,₱199.00,₱398.00
71205,Coke Regular,Drinks,2,₱45.00,₱90.00
71205,Strawberry Lychee Shake,Shake,1,₱255.00,₱255.00
71205,Chicken Parm,Entree,2,₱495.00,₱990.00
71205,Bellagio Mochaccino,Coffee,1,₱225.00,₱225.00
71209,Mango Shake,Shake,2,₱280.00,₱560.00
71209,Fish Taco,Appetizer,1,₱395.00,₱395.00
71209,Chicharon,Appetizer,1,₱145.00,₱145.00
71209,Baletea,Tea,2,₱205.00,₱410.00
71211,Butter Toast,Side Dish,1,₱45.00,₱45.00
71211,Yogi Tea,Tea,2,₱125.00,₱250.00
71211,Free Pudding,Promos & Freebies,1,₱0.00,₱0.00
71211,Fries,Side Dish,1,₱95.00,₱95.00
71213,Green Mango Shake,Shake,1,₱225.00,₱225.00
71213,Gin & Tonic,Hard Liquor,1,₱345.00,₱345.00
71213,Shrimp Po Boy,Burger/Wrap & More,1,₱455.00,₱455.00
71213,Cappuccino,Coffee,2,₱185.00,₱370.00
71213,San Mig Pilsen,Beer,2,₱120.00,₱240.00
71215,Murica,Coffee,1,₱150.00,₱150.00
71215,C3,Drinks,1,₱245.00,₱245.00
71215,Free Pudding,Promos & Freebies,1,₱0.00,₱0.00
71218,Tropical White Lady,Mocktails,1,₱355.00,₱355.00
71218,Batwan Beef Stew,Entree,2,₱725.00,"₱1,450.00"
71218,Free Pudding,Promos & Freebies,1,₱0.00,₱0.00
71218,Boozy Affogato,Boozy Coffee,1,₱375.00,₱375.00
71218,Superdry,Beer,1,₱0.00,₱0.00
71219,Salis Curry Steak,Entree,2,₱425.00,₱850.00
71219,Batwan Beef Stew,Entree,1,₱785.00,₱785.00
71220,Kawali Bowl,Entree,2,₱199.00,₱398.00
71220,Negra,Beer,1,₱0.00,₱0.00
71220,Seafood Pesto,Pasta,2,₱495.00,₱990.00
71220,Chixsig Nachos,Appetizer,1,₱395.00,₱395.00
71224,Free Pudding,Promos & Freebies,2,₱0.00,₱0.00
71224,Dirty Matcha,Coffee,1,₱225.00,₱225.00
71224,K3,Others,1,₱245.00,₱245.00
71224,Baletea Freeze,Cocktail,2,₱365.00,₱730.00
71227,Ginger Ale,Beer,2,₱115.00,₱230.00
71227,Mango Shake,Shake,1,₱155.00,₱155.00
71227,Pitcher Red Sangria,Cocktail,2,₱650.00,"₱1,300.00"
71227,Hazelnut Macchiato,Coffee,2,₱205.00,₱410.00
71230,Squash Soup,Soup,2,₱315.00,₱630.00
71230,Cerveza Negra,Beer,1,₱150.00,₱150.00
71231,Bunwich Ala UTB,Entree,2,₱375.00,₱750.00
71231,Schweppes Soda Water,Drinks,1,₱105.00,₱105.00
71233,Rootbeer Float Rated G,Drinks,1,₱225.00,₱225.00
71233,Strawberry Matcha Latte,Coffee,1,₱245.00,₱245.00
71233,Bone-In Porkchop,Entree,1,"₱1,095.00","₱1,095.00"
71233,Dynamite Ala Carte,Appetizer,2,₱155.00,₱310.00
71235,Happy Hour 595+,Promos & Freebies,1,₱665.00,₱665.00
71235,SOP,Pizza,1,₱425.00,₱425.00
71238,Beer Peach,Beer,2,₱235.00,₱470.00
71238,Black Pepper Beef,Appetizer,1,₱525.00,₱525.00
71238,SOP,Pizza,2,₱425.00,₱850.00
71242,Vanilla Latte,Coffee,2,₱205.00,₱410.00
71242,Matcha Frappe,Frappe,1,₱255.00,₱255.00
71242,Container,Packaging,1,₱10.00,₱10.00
71244,Bucket Light,Beer,2,₱650.00,"₱1,300.00"
71244,Pink Margarita,Cocktail,2,₱0.00,₱0.00
71244,Creme Brulee,Dessert,2,₱245.00,₱490.00
71246,Murica,Burger/Wrap & More,2,₱150.00,₱300.00
71246,Garlic Rice,Add-ons,1,₱95.00,₱95.00
71246,Grilled Tuna,Entree,2,₱395.00,₱790.00
71246,Chicken Rice,Entree,2,₱405.00,₱810.00
71246,Yolo,Shake,1,₱255.00,₱255.00
71248,Plain Rice,Add-ons,1,₱65.00,₱65.00
71248,Butter Toast,Side Dish,1,₱45.00,₱45.00
71323,Strawberry Lychee Shake,Shake,1,₱255.00,₱255.00
71323,Salted Caramel Frappe,Frappe,2,₱255.00,₱510.00
71323,Yogi Tea,Tea,2,₱125.00,₱250.00
71325,Fries,Side Dish,1,₱95.00,₱95.00
71325,Salmon Rice,Entree,1,₱665.00,₱665.00
71327,Coke Regular,Drinks,2,₱55.00,₱110.00
71327,Black Pepper Beef,Appetizer,2,₱525.00,"₱1,050.00"
71327,Beef Salpicao,Entree,1,₱545.00,₱545.00
71327,Honey Lemon J,Drinks,2,₱135.00,₱270.00
71327,Corned Beef Plate,Breakfast,2,₱199.00,₱398.00
71329,Kawali Bowl,Entree,1,₱199.00,₱199.00
71329,Tailgate Ribs,Entree,2,₱595.00,"₱1,190.00"
71332,Kawali Bowl,Entree,2,₱199.00,₱398.00
71332,Bucket Assorted,Beer,1,₱750.00,₱750.00
71332,Grilled Tuna,Entree,2,₱395.00,₱790.00
71332,Bucket Pilsen,Beer,1,₱600.00,₱600.00
71334,Viet Coffee,Coffee,1,₱195.00,₱195.00
71334,Latte,Coffee,2,₱185.00,₱370.00
71334,Truffle Parmesan Fries,Appetizer,2,₱325.00,₱650.00
71334,San Mig Pilsen,Beer,1,₱120.00,₱120.00
71336,Happy Hour 595+,Promos & Freebies,2,₱665.00,"₱1,330.00"
71336,Taco,Appetizer,2,₱345.00,₱690.00
71336,Boozy Affogato,Boozy Coffee,1,₱375.00,₱375.00
71336,C3,Drinks,1,₱245.00,₱245.00
71340,Chicken Parm,Entree,2,₱495.00,₱990.00
71340,Tailgate Ribs,Entree,1,₱595.00,₱595.00
71340,Matcha Holic,Matcha,2,₱355.00,₱710.00
71344,Pinoy Charcuterie,Appetizer,1,₱495.00,₱495.00
71344,Cocoa Wonka,Drinks,1,₱245.00,₱245.00
71345,Dirty Matcha,Coffee,2,₱225.00,₱450.00
71345,Strawberry Lychee Shake,Shake,2,₱255.00,₱510.00
71345,Salis Curry Steak,Entree,2,₱425.00,₱850.00
71345,Chicken Parm,Entree,2,₱495.00,₱990.00
71345,Seafood Chowda,Soup,2,₱365.00,₱730.00
71347,Xtra Scoop Ice Cream,Dessert,1,₱65.00,₱65.00
71347,Murica,Coffee,2,₱150.00,₱300.00
71347,Honey-Sriracha Chicken,Entree,1,₱375.00,₱375.00
71347,San Mig Light,Beer,1,₱130.00,₱130.00
71348,Bucket Light,Beer,2,₱650.00,"₱1,300.00"
71348,Mango Shake,Shake,1,₱225.00,₱225.00
71348,San Mig Pilsen,Beer,2,₱0.00,₱0.00
71348,Trash Can,Dessert,2,₱395.00,₱790.00
71348,Thai Shrimp,Entree,2,₱425.00,₱850.00
71350,Creme Brulee,Dessert,1,₱245.00,₱245.00
71350,Egg,Add-ons,2,₱40.00,₱80.00
71352,Amaretto Sour,Cocktail,2,₱285.00,₱570.00
71352,K. Pork Bowl,Entree,2,₱585.00,"₱1,170.00"
71352,Truffle Parmesan Fries,Appetizer,2,₱325.00,₱650.00
71352,San Mig Super Dry,Beer,2,₱150.00,₱300.00
71352,Cerveza Negra,Beer,2,₱150.00,₱300.00
71353,Chicken Caesar Wrap,Burger/Wrap & More,2,₱425.00,₱850.00
71353,Lychee Berry Margarita,Cocktail,1,₱355.00,₱355.00
71357,Shrimp & Chips,Appetizer,1,₱415.00,₱415.00
71357,Free Pudding,Promos & Freebies,1,₱0.00,₱0.00
71357,Cappuccino,Coffee,2,₱185.00,₱370.00
71357,Chicken & Waffles,Entree,1,₱425.00,₱425.00
71357,Free Pudding,Promos & Freebies,1,₱0.00,₱0.00
71358,Yolo,Shake,1,₱255.00,₱255.00
71358,Mango Shake,Shake,1,₱195.00,₱195.00
71358,Chicken Rice,Entree,2,₱405.00,₱810.00
71358,Banana Peanut Butter,Frappe,1,₱275.00,₱275.00
71360,Jim Beam Whiskey,Hard Liquor,2,"₱2,600.00","₱5,200.00"
71360,Happy Hour 595+,Promos & Freebies,1,₱665.00,₱665.00
71360,Bacon Plate,Breakfast,1,₱199.00,₱199.00
71361,Mac & Cheese,Pasta,1,₱0.00,₱0.00
71361,Truffle Pasta,Pasta,1,₱435.00,₱435.00
71361,Chicken in a Basket,Appetizer,1,₱395.00,₱395.00
71363,Creme Brulee,Dessert,1,₱245.00,₱245.00
71363,Bucket Light,Beer,1,₱650.00,₱650.00
71363,Plain Rice,Add-ons,1,₱65.00,₱65.00
71363,Chicken Caesar Wrap,Burger/Wrap & More,2,₱425.00,₱850.00
71367,Murica,Coffee,1,₱150.00,₱150.00
71367,Plain Rice,Add-ons,2,₱65.00,₱130.00
71367,Johnnie Walker Black S,Hard Liquor,2,₱195.00,₱390.00
71367,SOP,Pizza,2,₱425.00,₱850.00
71367,Seafood Chowda,Soup,2,₱365.00,₱730.00
71368,Bucket Light,Beer,2,₱650.00,"₱1,300.00"
71368,Fishball Ala Carte,Appetizer,2,₱75.00,₱150.00
71368,Cold Water,Drinks,1,₱65.00,₱65.00
71368,Mango Shake,Shake,2,₱225.00,₱450.00
71371,Free Chicharon,Promos & Freebies,1,₱0.00,₱0.00
71371,Seafood Pesto,Pasta,1,₱495.00,₱495.00
71371,Caesar,Salad,1,₱365.00,₱365.00
71371,Free Chicharon,Promos & Freebies,2,₱0.00,₱0.00
71373,Truffle Parmesan Fries,Appetizer,1,₱325.00,₱325.00
71373,Truffle Pasta,Pasta,1,₱485.00,₱485.00
71373,Grilled Tuna,Entree,1,₱395.00,₱395.00
71373,Truffle Pasta,Pasta,1,₱435.00,₱435.00
71373,Glass Baletea,Tea,2,₱105.00,₱210.00
71374,Asian Chicken,Salad,2,₱365.00,₱730.00
71374,Coke Regular,Drinks,2,₱105.00,₱210.00
71375,Vegetable Arrabbiata,Pasta,1,₱415.00,₱415.00
71375,San Mig Light,Beer,1,₱0.00,₱0.00
71375,Black Pepper Beef,Appetizer,1,₱525.00,₱525.00
71377,Trash Can,Entree,2,₱395.00,₱790.00
71377,Plain Rice,Add-ons,2,₱65.00,₱130.00
71377,Lychee Shake,Shake,1,₱225.00,₱225.00
71379,San Mig Pilsen,Beer,1,₱120.00,₱120.00
71379,Caesar,Salad,1,₱365.00,₱365.00
71379,Tokwat Porky Pig,Appetizer,1,₱395.00,₱395.00
71381,Free Pudding,Promos & Freebies,1,₱0.00,₱0.00
71381,Tokwat Porky Pig,Appetizer,1,₱395.00,₱395.00
71381,Mac & Cheese,Pasta,1,₱445.00,₱445.00
71381,Trash Can,Cocktail,1,₱395.00,₱395.00
71381,Black Pepper Beef,Appetizer,1,₱525.00,₱525.00
71383,Fishball Ala Carte,Appetizer,1,₱75.00,₱75.00
71383,Mac & Cheese,Pasta,2,₱445.00,₱890.00
71383,Yogi Tea,Tea,2,₱0.00,₱0.00
71386,Bottled Water,Drinks,1,₱65.00,₱65.00
71386,Free Chicharon,Promos & Freebies,1,₱0.00,₱0.00
71386,San Mig Light,Beer,2,₱130.00,₱260.00
71386,Classic Mojito,Cocktail,2,₱295.00,₱590.00
71386,Xtra Scoop Ice Cream,Dessert,2,₱65.00,₱130.00
71387,Matcha Frappe,Frappe,1,₱255.00,₱255.00
71387,Surf & Turf,Entree,1,"₱1,195.00","₱1,195.00"
71387,Batwan Beef Stew,Entree,2,₱785.00,"₱1,570.00"
71387,Mango Shake,Shake,2,₱225.00,₱450.00
71387,SOP,Pizza,1,₱425.00,₱425.00
71389,Happy Hour 595+,Promos & Freebies,2,₱665.00,"₱1,330.00"
71389,Baletea,Tea,2,₱130.00,₱260.00
71389,Sisig Rice Bowl,Entree,2,₱415.00,₱830.00
71392,Chicken Parm,Entree,2,₱495.00,₱990.00
71392,Bucket Light,Beer,1,₱650.00,₱650.00
71392,Bunwich Ala UTB,Burger/Wrap & More,2,₱375.00,₱750.00
71395,Trash Can,Dessert,2,₱395.00,₱790.00
71395,Viet Coffee,Coffee,1,₱195.00,₱195.00
71395,Chixsig Nachos,Appetizer,1,₱395.00,₱395.00
71395,Cocoa Wonka,Drinks,1,₱245.00,₱245.00
71395,Pitcher Red Sangria,Cocktail,1,₱650.00,₱650.00
71398,Mango Shake,Shake,2,₱165.00,₱330.00
71398,Fries,Side Dish,1,₱95.00,₱95.00
71398,Free Pudding,Promos & Freebies,1,₱0.00,₱0.00
71399,Sausage Diablo,Appetizer,2,₱325.00,₱650.00
71399,Bucket Pilsen,Beer,2,₱600.00,"₱1,200.00"
71403,Chixsig Nachos,Appetizer,1,₱395.00,₱395.00
71403,Coke Regular,Drinks,1,₱55.00,₱55.00
71403,Lychee Shake,Shake,1,₱225.00,₱225.00
71403,Plain Rice,Add-ons,1,₱65.00,₱65.00
71403,Salmon Rice,Entree,2,₱665.00,"₱1,330.00"
71407,Beer Caramel,Beer,1,₱235.00,₱235.00
71407,Extra Espresso Shot,Coffee,1,₱95.00,₱95.00
71407,SOP,Pizza,1,₱425.00,₱425.00
71407,Sausage Diablo,Appetizer,1,₱325.00,₱325.00
71407,Mango Shake,Shake,2,₱165.00,₱330.00
71408,Baletea,Tea,2,₱205.00,₱410.00
71408,Free Pudding,Promos & Freebies,1,₱0.00,₱0.00
71408,Mac & Cheese,Pasta,2,₱445.00,₱890.00
71411,Kawali Bowl,Entree,2,₱199.00,₱398.00
71411,San Mig Light,Beer,1,₱130.00,₱130.00
71413,Platter Garlic Rice,Side Dish,2,₱395.00,₱790.00
71413,Sisig Rice Bowl,Entree,1,₱415.00,₱415.00
71413,Bucket Pilsen,Beer,2,₱600.00,"₱1,200.00"
71413,Chicken Parm,Entree,1,₱495.00,₱495.00
71413,Chicken Rice,Entree,1,₱405.00,₱405.00
71416,Superdry,Beer,2,₱0.00,₱0.00
71416,Salmon Rice,Entree,2,₱665.00,"₱1,330.00"
71416,C3,Drinks,2,₱245.00,₱490.00
71417,Pitcher Red Sangria,Cocktail,1,₱650.00,₱650.00
71417,Glass Baletea,Tea,2,₱105.00,₱210.00
71417,Pinoy Charcuterie,Appetizer,2,₱495.00,₱990.00
71417,Mango Shake,Shake,2,₱225.00,₱450.00
71421,San Mig Light,Beer,1,₱130.00,₱130.00
71421,K. Pork Bowl,Entree,1,₱595.00,₱595.00
71422,Negra,Beer,2,₱0.00,₱0.00
71422,Bucket Superdry,Beer,2,₱750.00,"₱1,500.00"
71424,Container,Packaging,1,₱10.00,₱10.00
71424,Truffle Pasta,Pasta,1,₱485.00,₱485.00
71424,Platter Plain Rice,Side Dish,2,₱295.00,₱590.00
71424,Mac & Cheese,Pasta,1,₱445.00,₱445.00
71424,Caesar,Salad,1,₱365.00,₱365.00
71425,Grilled Tuna,Entree,1,₱395.00,₱395.00
71425,Coke Zero,Drinks,2,₱105.00,₱210.00
71429,Glass Baletea,Tea,2,₱105.00,₱210.00
71429,Murica,Burger/Wrap & More,2,₱150.00,₱300.00
71429,Truffle Parmesan Fries,Appetizer,2,₱325.00,₱650.00
71429,Salis Curry Steak,Entree,2,₱425.00,₱850.00
71429,Tapsi & More,Entree,2,₱425.00,₱850.00
71433,Bday Ice Cream,Dessert,2,₱0.00,₱0.00
71433,SOP,Pizza,1,₱425.00,₱425.00
71433,Bucket Light,Beer,1,₱650.00,₱650.00
71436,Tailgate Ribs,Entree,2,₱595.00,"₱1,190.00"
71436,San Mig Light,Beer,2,₱0.00,₱0.00
71438,Fries,Side Dish,1,₱95.00,₱95.00
71438,War Heads,Cocktail,2,₱355.00,₱710.00
71438,Bucket Light,Beer,1,₱650.00,₱650.00
71441,Thai Shrimp,Entree,1,₱425.00,₱425.00
71441,Black Pepper Beef,Appetizer,1,₱585.00,₱585.00
71445,Chicken Parm,Entree,1,₱495.00,₱495.00
71445,Mac & Cheese,Pasta,2,₱445.00,₱890.00
71445,Free Chicharon,Promos & Freebies,1,₱0.00,₱0.00
71445,Tropical White Lady,Mocktails,1,₱355.00,₱355.00
71449,K. Beef Bowl,Entree,1,₱895.00,₱895.00
71449,Baletea,Tea,2,₱130.00,₱260.00
71453,Chicken Rice,Entree,1,₱405.00,₱405.00
71453,Seafood Chowda,Soup,2,₱365.00,₱730.00
71453,Baletea Freeze,Cocktail,1,₱365.00,₱365.00
71453,Batwan Beef Stew,Entree,2,₱725.00,"₱1,450.00"
71453,Chicken in a Basket,Appetizer,1,₱395.00,₱395.00
71455,Bread Pudding,Dessert,2,₱215.00,₱430.00
71455,Bucket Cerveza Negra,Beer,2,₱750.00,"₱1,500.00"
71455,Cerveza Negra,Beer,2,₱150.00,₱300.00
71459,Truffle Parmesan Fries,Appetizer,2,₱325.00,₱650.00
71459,Cold Water,Drinks,1,₱65.00,₱65.00
71459,Murica,Coffee,2,₱150.00,₱300.00
71462,Seafood Chowda,Soup,2,₱365.00,₱730.00
71462,Mango Tapioca,Dessert,2,₱245.00,₱490.00
71462,Latte,Coffee,1,₱205.00,₱205.00
71462,Trash Can,Dessert,2,₱395.00,₱790.00
71462,Kawali Bowl,Entree,2,₱199.00,₱398.00
71465,Truffle Shuffle,Pasta,1,₱435.00,₱435.00
71465,Beef and Shrimp Salpicao,Entree,1,₱895.00,₱895.00
71465,Rum & Coke,Cocktail,2,₱225.00,₱450.00
71468,K3,Others,2,₱245.00,₱490.00
71468,Thai Shrimp,Entree,1,₱425.00,₱425.00
71468,Chicken in a Basket,Appetizer,2,₱395.00,₱790.00
71470,Tapsi & More,Entree,2,₱425.00,₱850.00
71470,Tapsi & More,Entree,1,₱425.00,₱425.00
71470,Chicken Rice,Entree,2,₱405.00,₱810.00
71472,Mango Shake,Shake,2,₱145.00,₱290.00
71472,Murica,Coffee,2,₱150.00,₱300.00
71472,Black Pepper Beef,Appetizer,1,₱525.00,₱525.00
71472,Viet Coffee,Coffee,1,₱200.00,₱200.00
71476,Strawberry Lychee Shake,Shake,1,₱255.00,₱255.00
71476,Tokwat Porky Pig,Entree,1,₱395.00,₱395.00
71476,Strawberry Basil Mojito,Cocktail,2,₱0.00,₱0.00
71476,Tailgate Ribs,Entree,2,₱595.00,"₱1,190.00"
71478,Honey Lemon J,Drinks,1,₱135.00,₱135.00
71478,Gin & Tonic,Hard Liquor,1,₱345.00,₱345.00
71478,Batwan Beef Stew,Entree,1,₱785.00,₱785.00
71480,Bone-In Porkchop,Entree,2,"₱1,095.00","₱2,190.00"
71480,Shrimp & Chips,Appetizer,2,₱415.00,₱830.00
71484,Salis Curry Steak,Entree,1,₱425.00,₱425.00
71484,Coke Zero,Drinks,2,₱105.00,₱210.00
71484,Free Pudding,Promos & Freebies,2,₱0.00,₱0.00
71484,Free Pudding,Promos & Freebies,2,₱0.00,₱0.00
71485,Vegetable Arrabbiata,Pasta,1,₱415.00,₱415.00
71485,Cerveza Negra,Beer,2,₱150.00,₱300.00
71485,Baletea,Tea,2,₱245.00,₱490.00
71487,K. Pork Bowl,Entree,1,₱595.00,₱595.00
71487,Lychee Shake,Shake,1,₱225.00,₱225.00
71489,Seafood Chowda,Soup,1,₱365.00,₱365.00
71489,Truffle Pasta,Pasta,1,₱485.00,₱485.00
71489,Free Pudding,Promos & Freebies,2,₱0.00,₱0.00
71491,Pitcher Classic Mojito,Cocktail,2,₱650.00,"₱1,300.00"
71491,Tokwat Porky Pig,Appetizer,1,₱395.00,₱395.00
71491,Taco,Appetizer,1,₱345.00,₱345.00
71491,Murica,Coffee,2,₱150.00,₱300.00
71491,Pork Bowl,Entree,1,₱595.00,₱595.00
71493,Shrimp Po Boy,Burger/Wrap & More,2,₱475.00,₱950.00
71493,Creme Brulee,Dessert,1,₱245.00,₱245.00
71493,Free Pudding,Promos & Freebies,1,₱0.00,₱0.00
71497,Seafood Chowda,Soup,2,₱365.00,₱730.00
71497,Tailgate Ribs,Entree,1,₱595.00,₱595.00
71499,San Mig Super Dry,Beer,2,₱150.00,₱300.00
71499,Cocoa Wonka,Drinks,1,₱245.00,₱245.00
71503,Green Mango Shake,Shake,1,₱225.00,₱225.00
71503,Trash Can,Dessert,1,₱395.00,₱395.00
71503,Plain Rice,Add-ons,2,₱65.00,₱130.00
71503,Sisig Rice Bowl,Entree,1,₱415.00,₱415.00
71503,San Mig Light,Beer,2,₱0.00,₱0.00
71507,Tapsi & More,Entree,2,₱425.00,₱850.00
71507,Mango Shake,Shake,2,₱165.00,₱330.00
71507,Pork Sisig,Entree,2,₱345.00,₱690.00
71507,C3,Drinks,1,₱245.00,₱245.00
71510,Bread Pudding,Dessert,2,₱215.00,₱430.00
71510,Sisig Rice Bowl,Entree,2,₱450.00,₱900.00
71512,Strawberry Lychee Shake,Shake,2,₱255.00,₱510.00
71512,Chicharon,Appetizer,2,₱145.00,₱290.00
71512,Oxtail Soup,Soup,1,₱795.00,₱795.00
71513,Murica,Entree,1,₱150.00,₱150.00
71513,K. Beef Bowl,Entree,2,₱895.00,"₱1,790.00"
71513,Bunwich Ala UTB,Entree,2,₱375.00,₱750.00
71516,Sausage Angel,Appetizer,2,₱325.00,₱650.00
71516,San Mig Light,Beer,1,₱130.00,₱130.00
71516,Platter Garlic Rice,Side Dish,2,₱395.00,₱790.00
71516,K. Pork Bowl,Entree,2,₱595.00,"₱1,190.00"
71516,Tokwat Porky Pig,Appetizer,1,₱395.00,₱395.00
71519,Extra Espresso Shot,Coffee,2,₱95.00,₱190.00
71519,Bunwich Ala UTB,Burger/Wrap & More,1,₱375.00,₱375.00
71519,Spanish Latte,Coffee,1,₱195.00,₱195.00
71520,Beef Salpicao,Entree,2,₱545.00,"₱1,090.00"
71520,Spanish Latte,Coffee,1,₱195.00,₱195.00
71520,Chicken & Waffles,Entree,2,₱425.00,₱850.00
71522,Cajun Pasta,Pasta,2,₱425.00,₱850.00
71522,Truffle Pasta,Pasta,2,₱485.00,₱970.00
71522,Bucket Light,Beer,2,₱650.00,"₱1,300.00"
71522,UTB Burger,Burger/Wrap & More,1,₱425.00,₱425.00
71522,Sausage Skillet (Angel),Appetizer,2,₱325.00,₱650.00
71525,Good Morning Sunshine,Breakfast,2,₱199.00,₱398.00
71525,Honey Lemon J,Drinks,2,₱135.00,₱270.00
71525,Baletea Freeze,Cocktail,1,₱365.00,₱365.00
71525,Pitcher Red Sangria,Cocktail,1,₱650.00,₱650.00
71525,Bucket Light,Beer,2,₱650.00,"₱1,300.00"
71582,San Mig Light,Beer,1,₱130.00,₱130.00
71582,Trash Can,Dessert,1,₱395.00,₱395.00
71586,Free Pudding,Promos & Freebies,2,₱0.00,₱0.00
71586,Beef Salpicao,Entree,1,₱545.00,₱545.00
71586,Tailgate Ribs,Entree,1,₱650.00,₱650.00
71586,Caesar,Salad,2,₱365.00,₱730.00
71589,Coke Regular,Drinks,1,₱55.00,₱55.00
71589,Yogi Tea,Tea,1,₱0.00,₱0.00
71591,Trash Can,Cocktail,1,₱395.00,₱395.00
71591,Baletea,Tea,1,₱205.00,₱205.00
71591,Yogi Tea,Tea,1,₱0.00,₱0.00
71592,San Mig Pilsen,Beer,1,₱120.00,₱120.00
71592,Tokwat Porky Pig,Entree,2,₱395.00,₱790.00
71592,Platter Garlic Rice,Side Dish,2,₱395.00,₱790.00
71593,Pink Margarita,Cocktail,2,₱325.00,₱650.00
71593,Oxtail Soup,Soup,2,₱795.00,"₱1,590.00"
71593,Surf & Turf,Entree,1,"₱1,195.00","₱1,195.00"
71595,Shrimp & Chips,Appetizer,2,₱415.00,₱830.00
71595,Breakfast Pudding,Dessert,2,₱199.00,₱398.00
71595,Strawberry Basil Mojito,Cocktail,2,₱0.00,₱0.00
71595,San Mig Light,Beer,2,₱130.00,₱260.00
71595,K. Pork Bowl,Entree,2,₱595.00,"₱1,190.00"
71596,Kawali Bowl,Entree,2,₱199.00,₱398.00
71596,Bucket Light,Beer,2,₱650.00,"₱1,300.00"
71600,Chicken in a Basket,Appetizer,2,₱395.00,₱790.00
71600,Sausage Diablo,Appetizer,1,₱325.00,₱325.00
71600,Thai Shrimp,Entree,2,₱425.00,₱850.00
71600,Chixsig Nachos,Appetizer,2,₱395.00,₱790.00
71600,Honey-Sriracha Chicken,Salad,1,₱375.00,₱375.00
71604,Green Mango Shake,Shake,2,₱275.00,₱550.00
71604,Shrimp & Chips,Appetizer,2,₱415.00,₱830.00
71604,Tropical White Lady,Mocktails,1,₱355.00,₱355.00
71604,Johnnie Walker Black S,Hard Liquor,2,₱195.00,₱390.00
71604,Bucket Cerveza Negra,Beer,1,₱750.00,₱750.00
71605,Bucket Cerveza Negra,Beer,1,₱750.00,₱750.00
71605,Boozy Affogato,Boozy Coffee,1,₱375.00,₱375.00
71605,Beef and Shrimp Salpicao,Entree,2,₱895.00,"₱1,790.00"
71605,Gochujang Chicken Wrap,Burger/Wrap & More,1,₱470.00,₱470.00
71605,Cold Water,Drinks,1,₱65.00,₱65.00
71608,Trash Can,Dessert,1,₱395.00,₱395.00
71608,Bucket Assorted,Beer,2,₱750.00,"₱1,500.00"
71609,Cold Water,Drinks,2,₱65.00,₱130.00
71609,Bunwich Ala UTB,Burger/Wrap & More,2,₱375.00,₱750.00
71609,Beer Caramel,Beer,1,₱235.00,₱235.00
71609,Sausage Diablo,Appetizer,2,₱325.00,₱650.00
71613,Chicken Caesar Wrap,Burger/Wrap & More,1,₱425.00,₱425.00
71613,Chicken Caesar Wrap,Burger/Wrap & More,2,₱425.00,₱850.00
71613,Superdry,Beer,2,₱0.00,₱0.00
71613,Happy Hour 595+,Promos & Freebies,1,₱665.00,₱665.00
71616,K. Pork Bowl,Entree,2,₱595.00,"₱1,190.00"
71616,Baletea,Tea,2,₱205.00,₱410.00
71616,Banana Peanut Butter,Frappe,2,₱275.00,₱550.00
71616,Boozy Affogato,Boozy Coffee,2,₱375.00,₱750.00
71617,Egg,Add-ons,1,₱40.00,₱40.00
71617,Cerveza Negra,Beer,1,₱150.00,₱150.00
71617,Good Morning Sunshine,Breakfast,1,₱199.00,₱199.00
71621,Fishball Ala Carte,Appetizer,2,₱75.00,₱150.00
71621,Tanqueray Gin Shot,Hard Liquor,1,₱190.00,₱190.00
71623,Pitcher Red Sangria,Cocktail,1,₱650.00,₱650.00
71623,Strawberry Frappe,Frappe,2,₱255.00,₱510.00
71623,Warm Poke Bowl,Entree,2,₱625.00,"₱1,250.00"
71623,Bottled Water,Drinks,1,₱65.00,₱65.00
71625,Mango Shake,Shake,2,₱180.00,₱360.00
71625,Strawberry Matcha Latte,Coffee,2,₱245.00,₱490.00
71625,Tequila Sunrise,Cocktail,2,₱0.00,₱0.00
71627,San Mig Light,Beer,2,₱130.00,₱260.00
71627,Container,Packaging,2,₱10.00,₱20.00
71627,Tailgate Ribs,Entree,1,₱595.00,₱595.00
71627,Chixsig Nachos,Appetizer,2,₱395.00,₱790.00
71631,Kikiam Ala Carte,Appetizer,1,₱85.00,₱85.00
71631,Truffle Parmesan Fries,Appetizer,1,₱325.00,₱325.00
71631,Strawberry Lychee Shake,Shake,2,₱255.00,₱510.00
71631,Mango Shake,Shake,1,₱295.00,₱295.00
71631,Egg,Add-ons,1,₱40.00,₱40.00
71634,San Mig Pilsen,Beer,2,₱120.00,₱240.00
71634,Amaretto Sour,Cocktail,2,₱285.00,₱570.00
71634,Free Chicharon,Promos & Freebies,1,₱0.00,₱0.00
71636,Caesar,Salad,1,₱365.00,₱365.00
71636,Plain Rice,Add-ons,1,₱65.00,₱65.00
71636,Squash Soup,Soup,1,₱315.00,₱315.00
71636,Johnnie Walker Black S,Hard Liquor,1,₱195.00,₱195.00
71636,Trash Can,Dessert,1,₱395.00,₱395.00
71638,UTB Burger,Burger/Wrap & More,2,₱425.00,₱850.00
71638,Baletea,Tea,1,₱615.00,₱615.00
71638,Gochujang Chicken Wrap,Burger/Wrap & More,1,₱470.00,₱470.00
71640,Bucket Light,Beer,1,₱650.00,₱650.00
71640,Rootbeer Float,Drinks,1,₱225.00,₱225.00
71640,Salmon Rice,Entree,2,₱665.00,"₱1,330.00"
71640,Honey Lemon J,Drinks,2,₱135.00,₱270.00
71644,Plain Rice,Add-ons,1,₱65.00,₱65.00
71644,Shrimp & Chips,Appetizer,1,₱415.00,₱415.00
71644,Salis Curry Steak,Entree,1,₱425.00,₱425.00
71646,Salis Curry Steak,Entree,1,₱425.00,₱425.00
71646,Bellagio Mochaccino,Coffee,2,₱225.00,₱450.00
71646,T.O. Container,Packaging,1,₱20.00,₱20.00
71646,Chicken Parm,Entree,1,₱495.00,₱495.00
71647,Matcha Frappe,Frappe,2,₱255.00,₱510.00
71647,Strawberry Frappe,Frappe,2,₱255.00,₱510.00
71647,UTB Burger,Burger/Wrap & More,1,₱425.00,₱425.00
71647,Pink Margarita,Cocktail,2,₱325.00,₱650.00
71647,Sip,Cocktail,2,₱425.00,₱850.00
71648,Coke Regular,Drinks,1,₱105.00,₱105.00
71648,Strawberry Basil Mojito,Cocktail,1,₱375.00,₱375.00
71652,Free Pudding,Promos & Freebies,1,₱0.00,₱0.00
71652,Egg,Add-ons,2,₱40.00,₱80.00
71655,Container,Packaging,2,₱10.00,₱20.00
71655,Matcha Frappe,Frappe,2,₱255.00,₱510.00
71655,Kawali Bowl,Entree,1,₱199.00,₱199.00
71655,Yolo,Shake,1,₱255.00,₱255.00
71656,Baletea Freeze,Cocktail,2,₱365.00,₱730.00
71656,Boozy Affogato,Boozy Coffee,1,₱375.00,₱375.00
71658,Grilled Tuna,Entree,1,₱395.00,₱395.00
71658,C3,Drinks,2,₱245.00,₱490.00
71658,Fish Taco,Appetizer,1,₱395.00,₱395.00
71662,Bunwich Ala UTB,Burger/Wrap & More,1,₱375.00,₱375.00
71662,Bunwich Ala UTB,Entree,1,₱375.00,₱375.00
71662,C3,Drinks,1,₱245.00,₱245.00
71662,Green Mango Shake,Shake,1,₱225.00,₱225.00
71662,Mac & Cheese,Pasta,1,₱445.00,₱445.00
71664,Salted Caramel Frappe,Frappe,2,₱255.00,₱510.00
71664,Free Chicharon,Promos & Freebies,2,₱0.00,₱0.00
71666,Tokwat Porky Pig,Entree,2,₱395.00,₱790.00
71666,Honey Lemon J,Drinks,2,₱135.00,₱270.00
71666,Bunwich Ala UTB,Burger/Wrap & More,2,₱375.00,₱750.00
71666,Murica,Coffee,1,₱150.00,₱150.00
71666,K. Pork Bowl,Entree,2,₱595.00,"₱1,190.00"
71667,Coke Zero,Drinks,1,₱30.00,₱30.00
71667,Sop,Pizza,2,₱425.00,₱850.00
71667,Bucket Assorted,Beer,2,₱750.00,"₱1,500.00"
71671,Oxtail Soup,Soup,2,₱795.00,"₱1,590.00"
71671,Fish Taco,Appetizer,1,₱395.00,₱395.00
71671,Mango Tapioca,Dessert,1,₱245.00,₱245.00
71675,SOP,Pizza,1,₱425.00,₱425.00
71675,Mango Shake,Shake,2,₱180.00,₱360.00
71675,Bread Pudding,Dessert,2,₱215.00,₱430.00
71677,San Mig Light,Beer,1,₱0.00,₱0.00
71677,Kawali Bowl,Entree,2,₱199.00,₱398.00
71677,Beef Salpicao,Entree,2,₱545.00,"₱1,090.00"
71677,Plain Rice,Add-ons,1,₱65.00,₱65.00
71679,Bunwich Ala UTB,Burger/Wrap & More,2,₱375.00,₱750.00
71679,Coke Zero,Drinks,2,₱30.00,₱60.00
71679,Salmon Rice,Entree,2,₱665.00,"₱1,330.00"
71679,Matchalicious,Matcha,1,₱255.00,₱255.00
71679,Chicken Parm,Entree,1,₱550.00,₱550.00
71681,Pinoy Charcuterie,Appetizer,2,₱495.00,₱990.00
71681,Coke Zero,Drinks,2,₱105.00,₱210.00
71681,Pitcher Red Sangria,Cocktail,1,₱650.00,₱650.00
71684,Cappuccino,Coffee,2,₱185.00,₱370.00
71684,Asian Chicken,Salad,2,₱365.00,₱730.00
71684,Bottled Water,Drinks,1,₱65.00,₱65.00
71684,Coke Zero,Drinks,2,₱105.00,₱210.00
71686,Lychee Berry Margarita,Cocktail,2,₱355.00,₱710.00
71686,Mountain Dew,Drinks,1,₱105.00,₱105.00
71686,Lychee Shake,Shake,1,₱225.00,₱225.00
71688,Chicken Rice,Entree,1,₱405.00,₱405.00
71688,Coke Regular,Drinks,1,₱45.00,₱45.00
71688,Sausage Angel,Appetizer,2,₱325.00,₱650.00
71688,Free Chicharon,Promos & Freebies,2,₱0.00,₱0.00
71690,C3,Drinks,1,₱245.00,₱245.00
71690,Coke Regular,Drinks,1,₱125.00,₱125.00
71690,Cerveza Negra,Beer,2,₱150.00,₱300.00
71690,Matcha Frappe,Frappe,1,₱255.00,₱255.00
71691,Salis Curry Steak,Entree,1,₱425.00,₱425.00
71691,Free Chicharon,Promos & Freebies,2,₱0.00,₱0.00
71693,Gochujang Chicken Wrap,Burger/Wrap & More,2,₱470.00,₱940.00
71693,Squash Soup,Soup,2,₱315.00,₱630.00
71693,Murica,Entree,1,₱150.00,₱150.00
71693,Sisig Rice Bowl,Entree,1,₱345.00,₱345.00
71695,Twerk It,Boozy Coffee,2,₱345.00,₱690.00
71695,Green Mango Shake,Shake,2,₱225.00,₱450.00
71695,Sisig Rice Bowl,Entree,1,₱415.00,₱415.00
71695,Cerveza Negra,Beer,2,₱150.00,₱300.00
71699,War Heads,Cocktail,1,₱355.00,₱355.00
71699,Pitcher Red Sangria,Cocktail,2,₱650.00,"₱1,300.00"
71699,Plain Rice,Add-ons,1,₱65.00,₱65.00
71699,Tailgate Ribs,Entree,2,₱650.00,"₱1,300.00"
71700,Honey-Sriracha Chicken,Entree,2,₱375.00,₱750.00
71700,Bday Ice Cream,Dessert,2,₱0.00,₱0.00
71700,Caramel Macchiato,Coffee,2,₱195.00,₱390.00
71700,Kwek Ala Carte,Appetizer,1,₱155.00,₱155.00
71700,Green Mango Shake,Shake,2,₱225.00,₱450.00
71702,Chixsig Nachos,Appetizer,1,₱395.00,₱395.00
71702,Kawali Bowl,Entree,2,₱199.00,₱398.00
71704,Seafood Chowda,Soup,1,₱365.00,₱365.00
71704,Vegetable Arrabbiata,Pasta,2,₱415.00,₱830.00
71704,Johnnie Walker Black S,Hard Liquor,2,₱195.00,₱390.00
71704,Matcha Frappe,Frappe,2,₱255.00,₱510.00
71704,Chix Ball Ala Carte,Appetizer,1,₱95.00,₱95.00
71706,Container,Packaging,2,₱10.00,₱20.00
71706,K. Pork Bowl,Entree,1,₱595.00,₱595.00
71706,Platter Garlic Rice,Side Dish,1,₱395.00,₱395.00
71706,Platter Plain Rice,Side Dish,1,₱295.00,₱295.00
71706,Tokwat Porky Pig,Entree,1,₱395.00,₱395.00
71707,Mango Shake,Shake,2,₱225.00,₱450.00
71707,Salted Caramel Frappe,Frappe,2,₱255.00,₱510.00
71709,Butter Toast,Side Dish,1,₱45.00,₱45.00
71709,Bucket Cerveza Negra,Beer,2,₱750.00,"₱1,500.00"
71709,Sip,Cocktail,1,₱425.00,₱425.00
71713,Baletea Freeze,Cocktail,1,₱365.00,₱365.00
71713,Sisig Rice Bowl,Entree,1,₱415.00,₱415.00
71715,Tapsi & More,Entree,1,₱425.00,₱425.00
71715,San Mig Pilsen,Beer,1,₱90.00,₱90.00
71715,Strawberry Basil Mojito,Cocktail,1,₱375.00,₱375.00
71718,Sausage Angel,Appetizer,2,₱325.00,₱650.00
71718,Breakfast Pudding,Dessert,2,₱199.00,₱398.00
71718,Salmon Rice,Entree,1,₱665.00,₱665.00
71718,Beef and Shrimp Salpicao,Entree,2,₱895.00,"₱1,790.00"
71718,Plain Rice,Add-ons,1,₱65.00,₱65.00
71720,C3,Drinks,1,₱245.00,₱245.00
71720,Coke Zero,Drinks,1,₱105.00,₱105.00
71720,Tapsi & More,Entree,2,₱425.00,₱850.00
71721,Sisig Rice Bowl,Entree,2,₱415.00,₱830.00
71721,Happy Hour 595+,Promos & Freebies,1,₱665.00,₱665.00
71721,Chicken in a Basket,Appetizer,2,₱395.00,₱790.00
71724,Bucket Cerveza Negra,Beer,2,₱750.00,"₱1,500.00"
71724,Salted Caramel Frappe,Frappe,2,₱255.00,₱510.00
71724,Under the Summer Sun,Cocktail,2,₱0.00,₱0.00
71727,Grilled Tuna,Entree,1,₱395.00,₱395.00
71727,K3,Others,1,₱245.00,₱245.00
71727,Chicken Parm,Entree,1,₱495.00,₱495.00
71728,Bucket Light,Beer,2,₱650.00,"₱1,300.00"
71728,Fries,Side Dish,2,₱95.00,₱190.00
71730,Superdry,Beer,2,₱0.00,₱0.00
71730,Batwan Beef Stew,Entree,1,₱725.00,₱725.00
71730,Honey-Sriracha Chicken,Entree,1,₱375.00,₱375.00
71732,SOP,Pizza,2,₱425.00,₱850.00
71732,Seafood Pesto,Pasta,1,₱495.00,₱495.00
71732,Classic Mojito,Cocktail,2,₱295.00,₱590.00
71733,Matcha Frappe,Frappe,1,₱255.00,₱255.00
71733,Mango Shake,Shake,2,₱225.00,₱450.00
71733,Shrimp Po Boy,Burger/Wrap & More,2,₱455.00,₱910.00
71735,Trash Can,Dessert,2,₱395.00,₱790.00
71735,Strawberry Basil Mojito,Cocktail,1,₱0.00,₱0.00
71735,Squash Soup,Soup,1,₱315.00,₱315.00
71735,Sisig Rice Bowl,Entree,2,₱415.00,₱830.00
71735,Trash Can,Dessert,1,₱395.00,₱395.00
71737,Surf & Turf,Entree,2,"₱1,195.00","₱2,390.00"
71737,Free Chicharon,Promos & Freebies,1,₱0.00,₱0.00
71741,Boozy Affogato,Boozy Coffee,1,₱375.00,₱375.00
71741,Container,Packaging,2,₱10.00,₱20.00
71741,San Mig Pilsen,Beer,1,₱0.00,₱0.00
71741,San Mig Pilsen,Beer,2,₱120.00,₱240.00
71741,Banana Peanut Butter,Frappe,2,₱275.00,₱550.00
71745,Chicken in a Basket,Appetizer,2,₱395.00,₱790.00
71745,Latte,Coffee,2,₱205.00,₱410.00
71745,San Mig Light,Beer,2,₱0.00,₱0.00
71747,Trash Can,Cocktail,1,₱395.00,₱395.00
71747,Black Pepper Beef,Appetizer,2,₱525.00,"₱1,050.00"
71747,Caesar,Salad,2,₱365.00,₱730.00
71749,Mango Shake,Shake,2,₱225.00,₱450.00
71749,San Mig Pilsen,Beer,1,₱120.00,₱120.00
71749,Garlic Rice,Add-ons,1,₱95.00,₱95.00
71749,San Mig Light,Beer,1,₱130.00,₱130.00
71753,Chicken Caesar Wrap,Burger/Wrap & More,1,₱425.00,₱425.00
71753,Tequila Sunrise,Cocktail,2,₱315.00,₱630.00
71753,Egg,Add-ons,1,₱40.00,₱40.00
71753,Truffle Parmesan Fries,Appetizer,2,₱325.00,₱650.00
71754,Tapsi & More,Entree,2,₱425.00,₱850.00
71754,Boozy Affogato,Boozy Coffee,2,₱375.00,₱750.00
71754,Kawali Bowl,Entree,2,₱199.00,₱398.00
71754,Fish Taco,Appetizer,1,₱395.00,₱395.00
71757,Tapsi & More,Entree,1,₱425.00,₱425.00
71757,Asian Chicken,Salad,1,₱365.00,₱365.00
71757,Seafood Chowda,Soup,2,₱365.00,₱730.00
71757,Mango Shake,Shake,1,₱240.00,₱240.00
71758,Mac & Cheese,Pasta,1,₱445.00,₱445.00
71758,Dark Choco Chip Frappe,Frappe,1,₱285.00,₱285.00
71758,Matcha Frappe,Frappe,2,₱255.00,₱510.00
71758,Coke Regular,Drinks,2,₱105.00,₱210.00
71758,Negra,Beer,1,₱0.00,₱0.00
71760,Marrow Brulee,Dessert,1,₱365.00,₱365.00
71760,Garlic Rice,Add-ons,1,₱95.00,₱95.00
71760,Good Morning Sunshine,Breakfast,1,₱199.00,₱199.00
71764,Murica,Mocktails,2,₱150.00,₱300.00
71764,Fries,Side Dish,2,₱95.00,₱190.00
71764,Gochujang Chicken Wrap,Burger/Wrap & More,2,₱425.00,₱850.00
71764,Free Pudding,Promos & Freebies,1,₱0.00,₱0.00
71764,Lychee Mojito,Cocktail,1,₱355.00,₱355.00
71765,Platter Plain Rice,Side Dish,1,₱295.00,₱295.00
71765,Johnnie Walker Black,Hard Liquor,2,₱195.00,₱390.00
71765,Bucket Pilsen,Beer,2,₱600.00,"₱1,200.00"
71767,Viet Coffee,Coffee,2,₱145.00,₱290.00
71767,Honey Lemon J,Drinks,2,₱135.00,₱270.00
71767,Baletea Freeze,Cocktail,2,₱365.00,₱730.00
71767,K. Pork Bowl,Entree,2,₱585.00,"₱1,170.00"
71771,Chicken Rice,Entree,1,₱405.00,₱405.00
71771,Lychee Shake,Shake,2,₱225.00,₱450.00
71775,Truffle Pasta,Pasta,1,₱435.00,₱435.00
71775,San Mig Pilsen,Beer,2,₱0.00,₱0.00
71775,Fries,Side Dish,2,₱95.00,₱190.00
71775,San Mig Light,Beer,1,₱0.00,₱0.00
71775,Yolo,Shake,2,₱290.00,₱580.00
71776,Chicken Parm,Entree,2,₱550.00,"₱1,100.00"
71776,Bucket Light,Beer,2,₱650.00,"₱1,300.00"
71776,San Mig Light,Beer,1,₱0.00,₱0.00
71776,Cappuccino,Coffee,1,₱185.00,₱185.00
71776,Free Pudding,Promos & Freebies,1,₱0.00,₱0.00
71778,Under the Summer Sun,Cocktail,1,₱0.00,₱0.00
71778,Tropical White Lady,Mocktails,2,₱355.00,₱710.00
71779,Mac & Cheese,Pasta,1,₱445.00,₱445.00
71779,SOP,Pizza,1,₱425.00,₱425.00
71779,Xtra Scoop Ice Cream,Dessert,2,₱65.00,₱130.00
71779,San Mig Light,Beer,2,₱130.00,₱260.00
71779,Baletea,Tea,2,₱615.00,"₱1,230.00"
71782,Black Pepper Beef,Appetizer,1,₱525.00,₱525.00
71782,Batwan Beef Stew,Entree,1,₱725.00,₱725.00
71782,Plain Rice,Add-ons,1,₱65.00,₱65.00
71783,Seafood Chowda,Soup,1,₱365.00,₱365.00
71783,Container,Packaging,2,₱10.00,₱20.00
71783,Beef and Shrimp Salpicao,Entree,1,₱895.00,₱895.00
71783,Container,Packaging,1,₱10.00,₱10.00
71864,Chicken Caesar Wrap,Burger/Wrap & More,2,₱425.00,₱850.00
71864,SOP,Pizza,1,₱425.00,₱425.00
71864,Chicken in a Basket,Appetizer,1,₱395.00,₱395.00
71864,Rootbeer Float,Drinks,1,₱225.00,₱225.00
71864,Mango Shake,Shake,2,₱240.00,₱480.00
71868,Truffle Parmesan Fries,Appetizer,1,₱325.00,₱325.00
71868,C3,Drinks,2,₱245.00,₱490.00
71868,Lychee Shake,Shake,2,₱225.00,₱450.00
71868,Butter Toast,Side Dish,1,₱45.00,₱45.00
71870,Tailgate Ribs,Entree,2,₱650.00,"₱1,300.00"
71870,BaleteHeat,Cocktail,2,₱0.00,₱0.00
71870,Honey-Sriracha Chicken,Salad,1,₱375.00,₱375.00
71870,Caramel Macchiato,Coffee,1,₱195.00,₱195.00
71873,Pitcher Classic Mojito,Cocktail,1,₱650.00,₱650.00
71873,Sisig Rice Bowl,Entree,1,₱345.00,₱345.00
71874,UT-Pork Bowl,Entree,1,₱595.00,₱595.00
71874,Caesar,Salad,2,₱365.00,₱730.00
71874,Bone-In Porkchop,Entree,1,"₱1,095.00","₱1,095.00"
71874,Green Mango Shake,Shake,1,₱225.00,₱225.00
71874,Bucket Assorted,Beer,2,₱750.00,"₱1,500.00"
71878,Chicharon,Appetizer,1,₱145.00,₱145.00
71878,Schweppes Tonic Water,Drinks,2,₱105.00,₱210.00
71878,Johnnie Walker Black,Hard Liquor,1,₱195.00,₱195.00
71878,C3,Drinks,2,₱245.00,₱490.00
71878,Bucket Light,Beer,2,₱650.00,"₱1,300.00"
71882,Lychee Shake,Shake,1,₱225.00,₱225.00
71882,Dirty Matcha,Coffee,1,₱225.00,₱225.00
71884,Bucket Pilsen,Beer,2,₱600.00,"₱1,200.00"
71884,Strawberry Basil Mojito,Cocktail,2,₱0.00,₱0.00
71886,Murica,Entree,2,₱150.00,₱300.00
71886,Sausage Diablo,Appetizer,1,₱325.00,₱325.00
71886,Superdry,Beer,1,₱0.00,₱0.00
71886,UTB Burger,Burger/Wrap & More,1,₱425.00,₱425.00
71886,Bucket Assorted,Beer,1,₱750.00,₱750.00
71890,Cerveza Negra,Beer,2,₱150.00,₱300.00
71890,Bucket Light,Beer,2,₱650.00,"₱1,300.00"
71890,K. Beef Bowl,Entree,2,₱895.00,"₱1,790.00"
71890,Tapsi & More,Entree,1,₱425.00,₱425.00
71890,Marrow Brulee,Dessert,1,₱365.00,₱365.00
71891,Pinoy Charcuterie,Appetizer,2,₱495.00,₱990.00
71891,Bread Pudding,Dessert,2,₱215.00,₱430.00
71891,Pink Margarita,Cocktail,2,₱0.00,₱0.00
71891,Fish Be With U,Entree,2,₱795.00,"₱1,590.00"
71891,Strawberry Lychee Shake,Shake,2,₱255.00,₱510.00
71895,Red Sangria,Cocktail,1,₱345.00,₱345.00
71895,Truffle Pasta,Pasta,2,₱435.00,₱870.00
71895,Cerveza Negra,Beer,1,₱150.00,₱150.00
71895,Salis Curry Steak,Entree,2,₱425.00,₱850.00
71895,Matcha Frappe,Frappe,2,₱255.00,₱510.00
71896,Truffle Pasta,Pasta,2,₱485.00,₱970.00
71896,K. Pork Bowl,Entree,2,₱585.00,"₱1,170.00"
71896,Gochujang Chicken Wrap,Burger/Wrap & More,1,₱425.00,₱425.00
71896,Classic Mojito,Cocktail,1,₱295.00,₱295.00
71896,Dirty Matcha,Coffee,1,₱225.00,₱225.00
71899,Seafood Pesto,Pasta,2,₱495.00,₱990.00
71899,Sausage Diablo,Appetizer,1,₱325.00,₱325.00
71900,Beef Salpicao,Entree,1,₱545.00,₱545.00
71900,Bucket Cerveza Negra,Beer,2,₱750.00,"₱1,500.00"
71900,Schweppes Tonic Water,Drinks,2,₱105.00,₱210.00
71900,Lychee Berry Margarita,Cocktail,2,₱355.00,₱710.00
71903,Trash Can,Dessert,1,₱395.00,₱395.00
71903,Chicharon,Appetizer,1,₱145.00,₱145.00
71903,Fishball Ala Carte,Appetizer,1,₱75.00,₱75.00
71903,Chicken Caesar Wrap,Burger/Wrap & More,2,₱425.00,₱850.00
71905,Chicken Parm,Entree,1,₱495.00,₱495.00
71905,Truffle Pasta,Pasta,2,₱435.00,₱870.00
71905,Superdry,Beer,1,₱0.00,₱0.00
71908,Kikiam Ala Carte,Appetizer,1,₱85.00,₱85.00
71908,Garlic Rice,Add-ons,2,₱95.00,₱190.00
71908,Tapsi & More,Entree,1,₱425.00,₱425.00
71908,K. Pork Bowl,Entree,2,₱595.00,"₱1,190.00"
71908,Free Chicharon,Promos & Freebies,2,₱0.00,₱0.00
71910,Yolo,Shake,2,₱255.00,₱510.00
71910,K. Beef Bowl,Entree,2,₱895.00,"₱1,790.00"
71910,Yolo,Shake,1,₱20.00,₱20.00
71910,Pork Sisig,Entree,1,₱345.00,₱345.00
71910,UT-Pork Bowl,Entree,1,₱595.00,₱595.00
71911,Coke Regular,Drinks,1,₱55.00,₱55.00
71911,Sausage Diablo,Appetizer,2,₱360.00,₱720.00
71911,Tokwat Porky Pig,Appetizer,1,₱395.00,₱395.00
71913,Seafood Chowda,Soup,1,₱365.00,₱365.00
71913,Gochujang Chicken Wrap,Burger/Wrap & More,1,₱425.00,₱425.00
71913,Schweppes Soda Water,Drinks,1,₱105.00,₱105.00
71913,Salted Caramel Frappe,Frappe,2,₱255.00,₱510.00
71913,K. Pork Bowl,Entree,2,₱595.00,"₱1,190.00"
71916,Shrimp Salpicao,Entree,1,₱415.00,₱415.00
71916,Fish Taco,Appetizer,2,₱395.00,₱790.00
71919,T.O. Container,Packaging,1,₱20.00,₱20.00
71919,Sisig Rice Bowl,Entree,2,₱415.00,₱830.00
71921,Simple Affogato,Coffee,2,₱245.00,₱490.00
71921,Asian Chicken,Salad,2,₱365.00,₱730.00
71921,Truffle Pasta,Pasta,2,₱435.00,₱870.00
71923,Chicken Rice,Entree,2,₱405.00,₱810.00
71923,Warm Poke Bowl,Entree,2,₱625.00,"₱1,250.00"
71923,Free Chicharon,Promos & Freebies,2,₱0.00,₱0.00
71923,Shrimp Po Boy,Burger/Wrap & More,1,₱455.00,₱455.00
71923,Honey Lemon J,Drinks,1,₱135.00,₱135.00
71927,Mango Shake,Shake,2,₱280.00,₱560.00
71927,Chixsig Nachos,Appetizer,2,₱395.00,₱790.00
71927,Salis Curry Steak,Entree,2,₱425.00,₱850.00
71927,Green Mango Shake,Shake,2,₱275.00,₱550.00
71927,Baletea Freeze,Cocktail,1,₱365.00,₱365.00
71929,Chicken & Waffles,Entree,1,₱425.00,₱425.00
71929,San Mig Pilsen,Beer,1,₱120.00,₱120.00
71929,Baletea,Tea,2,₱205.00,₱410.00
71929,Trash Can,Dessert,1,₱395.00,₱395.00
71931,Platter Plain Rice,Side Dish,1,₱295.00,₱295.00
71931,Chicken in a Basket,Appetizer,2,₱395.00,₱790.00
71933,Lychee Berry Margarita,Cocktail,2,₱355.00,₱710.00
71933,Coke Regular,Drinks,2,₱105.00,₱210.00
71937,Pitcher Red Sangria,Cocktail,1,₱650.00,₱650.00
71937,Thai Shrimp,Entree,1,₱425.00,₱425.00
71937,Chicken & Waffles,Entree,2,₱425.00,₱850.00
71937,Dark Choco Chip Frappe,Frappe,1,₱285.00,₱285.00
71939,Green Mango Shake,Shake,2,₱225.00,₱450.00
71939,Murica,Coffee,1,₱150.00,₱150.00
71939,San Mig Pilsen,Beer,2,₱120.00,₱240.00
71943,Superdry,Beer,1,₱0.00,₱0.00
71943,Truffle Shuffle,Pasta,1,₱435.00,₱435.00
71943,Chicken in a Basket,Appetizer,1,₱395.00,₱395.00
71943,Chicken & Waffles,Entree,1,₱425.00,₱425.00
71943,Shrimp Po Boy,Burger/Wrap & More,2,₱455.00,₱910.00
71947,Happy Hour 595+,Promos & Freebies,1,₱665.00,₱665.00
71947,SOP,Pizza,2,₱425.00,₱850.00
71950,Pork Sisig,Entree,2,₱345.00,₱690.00
71950,Salted Caramel Frappe,Frappe,1,₱255.00,₱255.00
71950,Chicken & Waffles,Entree,2,₱425.00,₱850.00
71950,Strawberry Basil Mojito,Cocktail,1,₱0.00,₱0.00
71950,Glass Baletea,Tea,1,₱105.00,₱105.00
71953,Mountain Dew,Drinks,2,₱105.00,₱210.00
71953,Tapsi & More,Entree,1,₱425.00,₱425.00
71955,Salis Curry Steak,Entree,1,₱425.00,₱425.00
71955,Beer Peach,Beer,2,₱0.00,₱0.00
71956,San Mig Light,Beer,2,₱0.00,₱0.00
71956,Warm Poke Bowl,Entree,1,₱625.00,₱625.00
71956,Bucket Pilsen,Beer,2,₱600.00,"₱1,200.00"
71958,Bucket Assorted,Beer,1,₱750.00,₱750.00
71958,Schweppes Tonic Water,Drinks,2,₱105.00,₱210.00
71958,SOP,Pizza,1,₱425.00,₱425.00
71958,Seafood Chowda,Soup,1,₱365.00,₱365.00
71960,C3,Drinks,2,₱245.00,₱490.00
71960,Seafood Chowda,Soup,2,₱365.00,₱730.00
71960,Tailgate Ribs,Entree,2,₱595.00,"₱1,190.00"
71962,Mango Shake,Shake,2,₱280.00,₱560.00
71962,Dirty Matcha,Coffee,1,₱225.00,₱225.00
71965,Seafood Chowda,Soup,2,₱365.00,₱730.00
71965,Viet Coffee,Coffee,1,₱195.00,₱195.00
71965,Tapsi & More,Entree,1,₱425.00,₱425.00
71965,San Mig Light,Beer,1,₱0.00,₱0.00
71965,Thai Shrimp,Entree,2,₱425.00,₱850.00
71968,Baletea Freeze,Cocktail,2,₱365.00,₱730.00
71968,Free Pudding,Promos & Freebies,2,₱0.00,₱0.00
71968,Oxtail Soup,Soup,1,₱795.00,₱795.00
71968,Container,Packaging,1,₱10.00,₱10.00
71969,Bday Ice Cream,Dessert,1,₱0.00,₱0.00
71969,Truffle Pasta,Pasta,1,₱435.00,₱435.00
71969,Cappuccino,Coffee,2,₱185.00,₱370.00
71973,Bunwich Ala UTB,Burger/Wrap & More,1,₱375.00,₱375.00
71973,SOP,Pizza,2,₱425.00,₱850.00
71973,Free Pudding,Promos & Freebies,1,₱0.00,₱0.00
71973,Pork Sisig,Entree,2,₱345.00,₱690.00
71976,Schweppes Tonic Water,Drinks,1,₱105.00,₱105.00
71976,San Mig Pilsen,Beer,2,₱0.00,₱0.00
71979,SOP,Pizza,2,₱425.00,₱850.00
71979,Caesar,Salad,1,₱365.00,₱365.00
71979,Free Pudding,Promos & Freebies,1,₱0.00,₱0.00
71980,Bacon Plate,Breakfast,1,₱199.00,₱199.00
71980,Egg,Add-ons,1,₱40.00,₱40.00
71980,Fries,Side Dish,1,₱95.00,₱95.00
71980,Corned Beef Plate,Breakfast,2,₱199.00,₱398.00
71980,Classic Mojito,Cocktail,1,₱295.00,₱295.00
71984,Free Pudding,Promos & Freebies,2,₱0.00,₱0.00
71984,Cajun Pasta,Pasta,2,₱425.00,₱850.00
71984,Bucket Light,Beer,1,₱650.00,₱650.00
71987,Egg,Add-ons,2,₱40.00,₱80.00
71987,Salis Curry Steak,Entree,1,₱425.00,₱425.00
71987,Chicken Caesar Wrap,Burger/Wrap & More,1,₱425.00,₱425.00
71988,Marrow Brulee,Dessert,2,₱365.00,₱730.00
71988,Platter Plain Rice,Side Dish,1,₱295.00,₱295.00
71990,Bucket Assorted,Beer,1,₱750.00,₱750.00
71990,Mango Tapioca,Dessert,2,₱245.00,₱490.00
71990,Container,Packaging,1,₱10.00,₱10.00
71990,UTB Burger,Burger/Wrap & More,1,₱425.00,₱425.00
71992,Balete Salpicao,Entree,2,₱545.00,"₱1,090.00"
71992,Plain Rice,Add-ons,2,₱65.00,₱130.00
71992,Mango Shake,Shake,1,₱225.00,₱225.00
71992,Trash Can,Cocktail,1,₱395.00,₱395.00
71994,Honey Lemon J,Drinks,2,₱135.00,₱270.00
71994,Chicharon,Appetizer,2,₱145.00,₱290.00
71994,Mango Shake,Shake,1,₱140.00,₱140.00
71994,Vodka Sunrise,Cocktail,1,₱305.00,₱305.00
71994,Mug Root Beer,Beer,1,₱105.00,₱105.00
71996,Mango Shake,Shake,1,₱280.00,₱280.00
71996,Salis Curry Steak,Entree,2,₱425.00,₱850.00
71996,Mac & Cheese,Pasta,2,₱0.00,₱0.00
71997,Balete Salpicao,Entree,2,₱545.00,"₱1,090.00"
71997,Happy Hour 595+,Promos & Freebies,2,₱665.00,"₱1,330.00"
71997,Bunwich Ala UTB,Entree,1,₱375.00,₱375.00
71997,Coke Regular,Drinks,1,₱125.00,₱125.00
71999,Mango Shake,Shake,2,₱195.00,₱390.00
71999,Bunwich Ala UTB,Entree,1,₱375.00,₱375.00
72003,San Mig Super Dry,Beer,1,₱150.00,₱150.00
72003,Pink Margarita,Cocktail,1,₱325.00,₱325.00
72005,Rootbeer Float,Drinks,1,₱225.00,₱225.00
72005,Strawberry Lychee Shake,Shake,1,₱255.00,₱255.00
72005,Pork Sisig,Entree,2,₱345.00,₱690.00
72005,Caramel Macchiato,Coffee,2,₱195.00,₱390.00
72007,Shrimp & Chips,Appetizer,2,₱415.00,₱830.00
72007,Mango Shake,Shake,1,₱225.00,₱225.00
72007,Chicken & Waffles,Entree,2,₱425.00,₱850.00
72007,Fish Taco,Appetizer,1,₱395.00,₱395.00
72007,Chicken Parm,Entree,1,₱495.00,₱495.00
72008,Mug Root Beer,Beer,2,₱105.00,₱210.00
72008,Black Pepper Beef,Appetizer,2,₱525.00,"₱1,050.00"
72008,Strawberry Lychee Shake,Shake,2,₱255.00,₱510.00
72012,Vegetable Arrabbiata,Pasta,2,₱415.00,₱830.00
72012,Oxtail Soup,Soup,2,₱795.00,"₱1,590.00"
72012,Baletea,Tea,1,₱130.00,₱130.00
72012,Spanish Latte,Coffee,2,₱195.00,₱390.00
72016,Beef Salpicao,Entree,1,₱545.00,₱545.00
72016,K. Pork Bowl,Entree,2,₱595.00,"₱1,190.00"
72016,Coke Regular,Drinks,2,₱105.00,₱210.00
72016,Murica,Entree,1,₱150.00,₱150.00
72016,Viet Coffee,Coffee,2,₱195.00,₱390.00
72020,Trash Can,Dessert,1,₱395.00,₱395.00
72020,Banana Peanut Butter,Frappe,1,₱275.00,₱275.00
72020,Sausage Skillet (Angel),Appetizer,1,₱325.00,₱325.00
72021,Bucket Pilsen,Beer,1,₱600.00,₱600.00
72021,K. Beef Bowl,Entree,2,₱895.00,"₱1,790.00"
72024,San Mig Light,Beer,2,₱130.00,₱260.00
72024,Matchaholic,Matcha,2,₱0.00,₱0.00
72024,Warm Poke Bowl,Entree,2,₱625.00,"₱1,250.00"
72024,Cocoa Wonka,Drinks,2,₱245.00,₱490.00
72027,Truffle Parmesan Fries,Appetizer,2,₱325.00,₱650.00
72027,Bucket Light,Beer,2,₱650.00,"₱1,300.00"
72031,Bucket Light,Beer,2,₱650.00,"₱1,300.00"
72031,Spanish Latte,Coffee,2,₱195.00,₱390.00
72032,Takoyaki,Appetizer,1,₱345.00,₱345.00
72032,Spanish Latte,Coffee,1,₱195.00,₱195.00
72032,Boozy Affogato,Boozy Coffee,2,₱375.00,₱750.00
72032,Surf & Turf,Entree,1,"₱1,195.00","₱1,195.00"
72032,Warm Poke Bowl,Entree,2,₱625.00,"₱1,250.00"
72034,Salmon Rice,Entree,1,₱665.00,₱665.00
72034,Happy Hour 595+,Promos & Freebies,1,₱665.00,₱665.00
72034,Strawberry Frappe,Frappe,1,₱255.00,₱255.00
72034,Bunwich Ala UTB,Burger/Wrap & More,1,₱375.00,₱375.00
72038,San Mig Light,Beer,2,₱130.00,₱260.00
72038,Platter Garlic Rice,Side Dish,2,₱395.00,₱790.00
72038,Chicken Parm,Entree,1,₱495.00,₱495.00
72039,Mac & Cheese,Pasta,2,₱0.00,₱0.00
72039,Tailgate Ribs,Entree,2,₱595.00,"₱1,190.00"
72039,Honey-Sriracha Chicken,Entree,2,₱375.00,₱750.00
72039,Bucket Assorted,Beer,2,₱750.00,"₱1,500.00"
72039,Yogi Tea,Tea,1,₱125.00,₱125.00
72041,Creme Brulee,Dessert,2,₱245.00,₱490.00
72041,Glass Baletea,Tea,1,₱105.00,₱105.00
72045,Baletea Freeze,Cocktail,2,₱365.00,₱730.00
72045,Coke Zero,Drinks,2,₱105.00,₱210.00
72045,Bunwich Ala UTB,Burger/Wrap & More,2,₱375.00,₱750.00
72047,Thai Shrimp,Entree,2,₱425.00,₱850.00
72047,Mango Shake,Shake,1,₱140.00,₱140.00
72050,San Mig Light,Beer,2,₱0.00,₱0.00
72050,Beef Salpicao,Entree,2,₱545.00,"₱1,090.00"
72052,Happy Hour 595+,Promos & Freebies,1,₱665.00,₱665.00
72052,Batwan Beef Stew,Entree,1,₱725.00,₱725.00
72052,Trash Can,Dessert,1,₱395.00,₱395.00
72052,Container,Packaging,2,₱10.00,₱20.00
72054,K. Pork Bowl,Entree,1,₱585.00,₱585.00
72054,Breakfast Pudding,Dessert,1,₱199.00,₱199.00
72054,Salis Curry Steak,Entree,1,₱425.00,₱425.00
72054,Butter Toast,Side Dish,1,₱45.00,₱45.00
72054,SOP,Pizza,2,₱425.00,₱850.00
72055,Chicken in a Basket,Appetizer,1,₱395.00,₱395.00
72055,Container,Packaging,2,₱10.00,₱20.00
72055,Trash Can,Dessert,1,₱395.00,₱395.00
72055,Chicken in a Basket,Appetizer,1,₱395.00,₱395.00
72055,Jim Beam Whiskey,Hard Liquor,2,"₱2,600.00","₱5,200.00"
72056,Plain Rice,Add-ons,2,₱65.00,₱130.00
72056,Chicken Caesar Wrap,Burger/Wrap & More,2,₱425.00,₱850.00
72056,Oxtail Soup,Soup,2,₱795.00,"₱1,590.00"
72058,Caramel Macchiato,Coffee,1,₱0.00,₱0.00
72058,SOP,Pizza,1,₱425.00,₱425.00
72058,Sisig Rice Bowl,Entree,1,₱415.00,₱415.00
72060,Murica,Coffee,2,₱150.00,₱300.00
72060,BaleteHeat,Cocktail,1,₱0.00,₱0.00
72060,Beer Caramel,Beer,2,₱235.00,₱470.00
72060,Vanilla Latte,Coffee,1,₱205.00,₱205.00
72060,Gold Fashioned,Cocktail,2,₱290.00,₱580.00
72063,Mango Shake,Shake,1,₱240.00,₱240.00
72063,Bunwich Ala UTB,Burger/Wrap & More,1,₱375.00,₱375.00
72067,Kawali Bowl,Entree,2,₱199.00,₱398.00
72067,Kawali Bowl,Entree,1,₱199.00,₱199.00
72067,Coke Regular,Drinks,1,₱125.00,₱125.00
72067,Simple Affogato,Coffee,1,₱245.00,₱245.00
72067,Sop,Pizza,2,₱425.00,₱850.00
72068,Baletea Freeze,Cocktail,2,₱365.00,₱730.00
72068,Bucket Cerveza Negra,Beer,2,₱750.00,"₱1,500.00"
72068,Caesar,Salad,2,₱365.00,₱730.00
72068,Lychee Mojito,Cocktail,2,₱355.00,₱710.00
72068,Fries,Side Dish,1,₱95.00,₱95.00
72071,Chicken & Waffles,Entree,2,₱425.00,₱850.00
72071,Bucket Light,Beer,2,₱650.00,"₱1,300.00"
72072,Grilled Tuna,Entree,1,₱395.00,₱395.00
72072,Caesar,Salad,1,₱365.00,₱365.00
72072,Dynamite Ala Carte,Appetizer,2,₱155.00,₱310.00
72072,Fries,Side Dish,2,₱95.00,₱190.00
72075,Pinoy Charcuterie,Appetizer,1,₱495.00,₱495.00
72075,Coke Zero,Drinks,1,₱105.00,₱105.00
72075,Cerveza Negra,Beer,2,₱150.00,₱300.00
72079,Bucket Light,Beer,1,₱650.00,₱650.00
72079,Eves Apple,Mocktails,2,₱295.00,₱590.00
72079,Honey-Sriracha Chicken,Salad,2,₱375.00,₱750.00
72081,Banana Peanut Butter,Frappe,1,₱275.00,₱275.00
72081,Chicken & Waffles,Entree,2,₱425.00,₱850.00
72081,Mango Shake,Shake,1,₱195.00,₱195.00
72081,Oxtail Soup,Soup,1,₱795.00,₱795.00
72081,Mango Shake,Shake,2,₱140.00,₱280.00
72083,K. Beef Bowl,Entree,1,₱895.00,₱895.00
72083,Dynamite Ala Carte,Appetizer,2,₱155.00,₱310.00
72083,Negra,Beer,1,₱0.00,₱0.00
72087,Pink Margarita,Cocktail,2,₱325.00,₱650.00
72087,SOP,Pizza,2,₱425.00,₱850.00
72087,Bottled Water,Drinks,1,₱65.00,₱65.00
72087,San Mig Light,Beer,1,₱130.00,₱130.00
72089,Free Pudding,Promos & Freebies,1,₱0.00,₱0.00
72089,San Mig Light,Beer,2,₱0.00,₱0.00
72141,Free Pudding,Promos & Freebies,1,₱0.00,₱0.00
72141,Murica,Coffee,2,₱150.00,₱300.00
72141,Under the Summer Sun,Cocktail,2,₱0.00,₱0.00
72143,Pinoy Charcuterie,Appetizer,1,₱495.00,₱495.00
72143,Honey-Sriracha Chicken,Entree,1,₱375.00,₱375.00
72143,San Mig Super Dry,Beer,2,₱150.00,₱300.00
72143,Bucket Light,Beer,2,₱650.00,"₱1,300.00"
72143,San Mig Pilsen,Beer,2,₱90.00,₱180.00
72145,Bunwich Ala UTB,Entree,1,₱375.00,₱375.00
72145,Mango Shake,Shake,2,₱140.00,₱280.00
72149,Squash Soup,Soup,1,₱315.00,₱315.00
72149,Pitcher Red Sangria,Cocktail,2,₱650.00,"₱1,300.00"
72149,UTB Burger,Burger/Wrap & More,2,₱425.00,₱850.00
72149,Rootbeer Float,Drinks,1,₱225.00,₱225.00
72153,Baletea Freeze,Cocktail,1,₱365.00,₱365.00
72153,Salis Curry Steak,Entree,1,₱425.00,₱425.00
72153,Taco,Appetizer,1,₱345.00,₱345.00
72153,Tailgate Ribs,Entree,2,₱595.00,"₱1,190.00"
72155,Bucket Light,Beer,1,₱650.00,₱650.00
72155,C3,Drinks,1,₱245.00,₱245.00
72155,Pitcher Red Sangria,Cocktail,2,₱650.00,"₱1,300.00"
72155,Tokwat Porky Pig,Entree,1,₱395.00,₱395.00
72156,Spanish Latte,Coffee,2,₱195.00,₱390.00
72156,Trash Can,Dessert,1,₱395.00,₱395.00
72156,Salted Caramel Frappe,Frappe,1,₱255.00,₱255.00
72158,Truffle Pasta,Pasta,2,₱435.00,₱870.00
72158,Chicken & Waffles,Entree,1,₱425.00,₱425.00
72158,Chicken Rice,Entree,1,₱405.00,₱405.00
72162,Fries,Side Dish,2,₱95.00,₱190.00
72162,Latte,Coffee,2,₱185.00,₱370.00
72162,C3,Drinks,1,₱245.00,₱245.00
72162,Bucket Assorted,Beer,2,₱750.00,"₱1,500.00"
72162,Chixsig Nachos,Appetizer,1,₱395.00,₱395.00
72163,K3,Others,1,₱245.00,₱245.00
72163,Baletea Freeze,Cocktail,2,₱365.00,₱730.00
72163,Bucket Light,Beer,2,₱650.00,"₱1,300.00"
72165,Bunwich Ala UTB,Burger/Wrap & More,2,₱375.00,₱750.00
72165,Chicken Parm,Entree,1,₱495.00,₱495.00
72165,Caesar,Salad,1,₱365.00,₱365.00
72165,Vodka Sunrise,Cocktail,1,₱305.00,₱305.00
72167,Baletea Freeze,Cocktail,2,₱365.00,₱730.00
72167,Sisig Rice Bowl,Entree,2,₱415.00,₱830.00
72169,San Mig Light,Beer,1,₱130.00,₱130.00
72169,Rum & Coke,Cocktail,2,₱225.00,₱450.00
72169,Chicken Rice,Entree,1,₱405.00,₱405.00
72170,Free Pudding,Promos & Freebies,2,₱0.00,₱0.00
72170,Mango Shake,Shake,1,₱145.00,₱145.00
72172,Strawberry Frappe,Frappe,1,₱255.00,₱255.00
72172,Platter Garlic Rice,Side Dish,2,₱395.00,₱790.00
72173,Chicken in a Basket,Appetizer,1,₱395.00,₱395.00
72173,San Mig Light,Beer,2,₱0.00,₱0.00
72177,Coke Regular,Drinks,2,₱125.00,₱250.00
72177,Chicken & Waffles,Entree,2,₱425.00,₱850.00
72177,Platter Garlic Rice,Side Dish,1,₱395.00,₱395.00
72177,Batwan Beef Stew,Entree,1,₱785.00,₱785.00
72177,Bucket Light,Beer,2,₱650.00,"₱1,300.00"
72178,Bunwich Ala UTB,Burger/Wrap & More,2,₱375.00,₱750.00
72178,Bread Pudding,Dessert,2,₱215.00,₱430.00
72178,Plain Rice,Add-ons,1,₱65.00,₱65.00
72178,Taco,Appetizer,1,₱345.00,₱345.00
72178,Simple Affogato,Coffee,2,₱245.00,₱490.00
72182,Chicken Rice,Entree,1,₱405.00,₱405.00
72182,Mac & Cheese,Pasta,2,₱0.00,₱0.00
72186,Seafood Chowda,Soup,2,₱365.00,₱730.00
72186,Chicken in a Basket,Appetizer,1,₱395.00,₱395.00
72186,Cocoa Wonka,Drinks,2,₱245.00,₱490.00
72188,Sausage Diablo,Appetizer,2,₱325.00,₱650.00
72188,Bone-In Porkchop,Entree,2,"₱1,095.00","₱2,190.00"
72191,Free Pudding,Promos & Freebies,1,₱0.00,₱0.00
72191,Mug Root Beer,Beer,2,₱105.00,₱210.00
72191,UT-Pork Bowl,Entree,2,₱595.00,"₱1,190.00"
72191,Tokwat Porky Pig,Entree,1,₱395.00,₱395.00
72191,Bottled Water,Drinks,2,₱65.00,₱130.00
72193,Free Pudding,Promos & Freebies,2,₱0.00,₱0.00
72193,Amaretto Sour,Cocktail,1,₱285.00,₱285.00
72193,Hazelnut Macchiato,Coffee,1,₱205.00,₱205.00
72193,K3,Others,1,₱245.00,₱245.00
72193,Coke Regular,Drinks,2,₱105.00,₱210.00
72195,Banana Peanut Butter,Frappe,2,₱275.00,₱550.00
72195,Bucket Cerveza Negra,Beer,1,₱750.00,₱750.00
72195,Fries,Side Dish,1,₱95.00,₱95.00
72196,Mango Shake,Shake,2,₱180.00,₱360.00
72196,Superdry,Beer,2,₱0.00,₱0.00
72196,Murica,Coffee,1,₱150.00,₱150.00
72196,Sisig Rice Bowl,Entree,1,₱345.00,₱345.00
72198,San Mig Pilsen,Beer,2,₱120.00,₱240.00
72198,K. Pork Bowl,Entree,2,₱585.00,"₱1,170.00"
72198,Bone-In Porkchop,Entree,1,"₱1,095.00","₱1,095.00"
72198,UTB Burger,Burger/Wrap & More,2,₱425.00,₱850.00
72198,Plain Rice,Add-ons,1,₱65.00,₱65.00
72201,T.O. Container,Packaging,1,₱20.00,₱20.00
72201,Baletea,Tea,1,₱205.00,₱205.00
72201,Chix Ball Ala Carte,Appetizer,1,₱95.00,₱95.00
72201,Salted Caramel Frappe,Frappe,2,₱255.00,₱510.00
72203,San Mig Light,Beer,1,₱130.00,₱130.00
72203,Seafood Pesto,Pasta,1,₱495.00,₱495.00
72203,Baletea,Tea,2,₱130.00,₱260.00
72204,Murica,Coffee,1,₱150.00,₱150.00
72204,San Mig Light,Beer,1,₱0.00,₱0.00
72204,Caesar,Salad,2,₱365.00,₱730.00
72204,Hazelnut Macchiato,Coffee,2,₱205.00,₱410.00
72207,Salis Curry Steak,Entree,1,₱425.00,₱425.00
72207,Strawberry Matcha Latte,Coffee,1,₱245.00,₱245.00
72207,Bread Pudding,Dessert,2,₱215.00,₱430.00
72207,Pork Sisig,Entree,2,₱345.00,₱690.00
72209,Mountain Dew,Drinks,2,₱105.00,₱210.00
72209,Black Pepper Beef,Appetizer,2,₱525.00,"₱1,050.00"
72209,Strawberry Lychee Shake,Shake,1,₱255.00,₱255.00
72209,Cappuccino,Coffee,1,₱185.00,₱185.00
72213,Negra,Beer,2,₱0.00,₱0.00
72213,Truffle Pasta,Pasta,2,₱435.00,₱870.00
72213,San Mig Pilsen,Beer,2,₱0.00,₱0.00
72213,Tapsi & More,Entree,1,₱425.00,₱425.00
72215,Black Pepper Beef,Appetizer,1,₱525.00,₱525.00
72215,Bucket Pilsen,Beer,1,₱600.00,₱600.00
72215,San Mig Light,Beer,1,₱130.00,₱130.00
72215,Yogi Tea,Tea,1,₱125.00,₱125.00
72216,Under the Summer Sun,Cocktail,1,₱335.00,₱335.00
72216,Yolo,Shake,1,₱255.00,₱255.00
72216,Free Pudding,Promos & Freebies,2,₱0.00,₱0.00
72216,Salis Curry Steak,Entree,1,₱425.00,₱425.00
72219,Chicken & Waffles,Entree,1,₱425.00,₱425.00
72219,Truffle Shuffle,Pasta,2,₱435.00,₱870.00
72219,Free Chicharon,Promos & Freebies,2,₱0.00,₱0.00
72219,Takoyaki,Appetizer,2,₱345.00,₱690.00
72219,Mango Shake,Shake,1,₱225.00,₱225.00
72221,Cappuccino,Coffee,1,₱185.00,₱185.00
72221,San Mig Light,Beer,1,₱0.00,₱0.00
72221,Strawberry Basil Mojito,Cocktail,1,₱0.00,₱0.00
72221,Coke Regular,Drinks,1,₱105.00,₱105.00
72221,Coke Zero,Drinks,2,₱105.00,₱210.00
72222,Happy Hour 595+,Promos & Freebies,1,₱665.00,₱665.00
72222,Fish Taco,Appetizer,1,₱395.00,₱395.00
72226,Chicken Parm,Entree,1,₱495.00,₱495.00
72226,Negra,Beer,1,₱0.00,₱0.00
72226,Sisig Rice Bowl,Entree,1,₱450.00,₱450.00
72226,Free Pudding,Promos & Freebies,2,₱0.00,₱0.00
72226,Dark Choco Chip Frappe,Frappe,1,₱285.00,₱285.00
72228,Salis Curry Steak,Entree,2,₱425.00,₱850.00
72228,Balete Salpicao,Entree,2,₱545.00,"₱1,090.00"
72228,Sip,Cocktail,2,₱425.00,₱850.00
72229,Coke Regular,Drinks,1,₱105.00,₱105.00
72229,Strawberry Lychee Shake,Shake,2,₱255.00,₱510.00
72231,Chicken in a Basket,Appetizer,1,₱395.00,₱395.00
72231,San Mig Pilsen,Beer,1,₱120.00,₱120.00
72231,Lychee Shake,Shake,1,₱225.00,₱225.00
72231,Container,Packaging,2,₱10.00,₱20.00
72235,Bunwich Ala UTB,Burger/Wrap & More,2,₱375.00,₱750.00
72235,UTB Burger,Burger/Wrap & More,2,₱425.00,₱850.00
72235,Butter Toast,Side Dish,1,₱45.00,₱45.00
72237,Matchalicious,Matcha,1,₱255.00,₱255.00
72237,Squash Soup,Soup,1,₱315.00,₱315.00
72237,Chicken Rice,Entree,1,₱405.00,₱405.00
72237,San Mig Pilsen,Beer,2,₱0.00,₱0.00
72237,Yolo,Shake,1,₱255.00,₱255.00
72239,Fries,Side Dish,2,₱95.00,₱190.00
72239,Mac & Cheese,Pasta,2,₱445.00,₱890.00
72242,Fish Taco,Appetizer,2,₱395.00,₱790.00
72242,Warm Poke Bowl,Entree,1,₱625.00,₱625.00
72246,Takoyaki,Appetizer,1,₱345.00,₱345.00
72246,Truffle Parmesan Fries,Appetizer,2,₱325.00,₱650.00
72246,Salmon Rice,Entree,1,₱665.00,₱665.00
72246,Sisig Rice Bowl,Entree,1,₱415.00,₱415.00
72248,Shrimp Salpicao,Entree,2,₱415.00,₱830.00
72248,San Mig Pilsen,Beer,2,₱0.00,₱0.00
72248,Matchaholic,Matcha,1,₱0.00,₱0.00
72248,Strawberry Basil Mojito,Cocktail,2,₱0.00,₱0.00
72250,Murica,Coffee,1,₱150.00,₱150.00
72250,SOP,Pizza,2,₱425.00,₱850.00
72253,Chicken Parm,Entree,1,₱495.00,₱495.00
72253,K. Pork Bowl,Entree,1,₱595.00,₱595.00
72253,Chicken in a Basket,Appetizer,2,₱395.00,₱790.00
72253,Tokwat Porky Pig,Entree,2,₱395.00,₱790.00
72255,Trash Can,Dessert,2,₱395.00,₱790.00
72255,Murica,Coffee,1,₱150.00,₱150.00
72255,Dynamite Ala Carte,Appetizer,1,₱155.00,₱155.00
72255,Strawberry Lychee Shake,Shake,2,₱255.00,₱510.00
72258,Beer Peach,Beer,2,₱0.00,₱0.00
72258,Baletea Freeze,Cocktail,2,₱365.00,₱730.00
72258,Bucket Assorted,Beer,1,₱750.00,₱750.00
72258,Hazelnut Macchiato,Coffee,2,₱205.00,₱410.00
72258,Mango Shake,Shake,1,₱145.00,₱145.00
72260,Truffle Parmesan Fries,Appetizer,2,₱325.00,₱650.00
72260,Chixsig Nachos,Appetizer,2,₱395.00,₱790.00
72260,Salmon Rice,Entree,1,₱665.00,₱665.00
72260,Oxtail Soup,Soup,2,₱795.00,"₱1,590.00"
72260,Container,Packaging,2,₱10.00,₱20.00
72263,Strawberry Lychee Shake,Shake,1,₱255.00,₱255.00
72263,Trash Can,Dessert,1,₱395.00,₱395.00
72263,Chicken Parm,Entree,2,₱495.00,₱990.00
72265,Thai Shrimp,Entree,1,₱425.00,₱425.00
72265,San Mig Super Dry,Beer,1,₱150.00,₱150.00
72266,Fish Taco,Appetizer,2,₱395.00,₱790.00
72266,Bunwich Ala UTB,Entree,2,₱375.00,₱750.00
72266,Negra,Beer,2,₱0.00,₱0.00
72266,Creme Brulee,Dessert,2,₱245.00,₱490.00
72267,Container,Packaging,1,₱10.00,₱10.00
72267,Free Pudding,Promos & Freebies,2,₱0.00,₱0.00
72267,Tapsi & More,Entree,2,₱425.00,₱850.00
72267,Boozy Affogato,Boozy Coffee,1,₱375.00,₱375.00
72269,Pinoy Charcuterie,Appetizer,1,₱495.00,₱495.00
72269,UTB Burger,Burger/Wrap & More,2,₱425.00,₱850.00
72269,Cocoa Wonka,Drinks,2,₱245.00,₱490.00
72269,Pitcher Red Sangria,Cocktail,1,₱650.00,₱650.00
72271,Chixsig Nachos,Appetizer,1,₱395.00,₱395.00
72271,Container,Packaging,2,₱10.00,₱20.00
72271,Tapsi & More,Entree,1,₱425.00,₱425.00
72271,Mountain Dew,Drinks,2,₱105.00,₱210.00
72273,Green Mango Shake,Shake,2,₱275.00,₱550.00
72273,Tailgate Ribs,Entree,2,₱595.00,"₱1,190.00"
72273,Kikiam Ala Carte,Appetizer,2,₱85.00,₱170.00
72276,Baletea,Tea,1,₱130.00,₱130.00
72276,Yolo,Shake,2,₱255.00,₱510.00
72276,Mango Shake,Shake,2,₱195.00,₱390.00
72276,Bunwich Ala UTB,Burger/Wrap & More,2,₱375.00,₱750.00
72276,Bucket Superdry,Beer,1,₱750.00,₱750.00
72278,Strawberry Lychee Shake,Shake,1,₱255.00,₱255.00
72278,Grilled Tuna,Entree,2,₱395.00,₱790.00
72278,Dark Choco Chip Frappe,Frappe,2,₱285.00,₱570.00
72278,Salmon Rice,Entree,2,₱665.00,"₱1,330.00"
72278,Sisig Rice Bowl,Entree,1,₱345.00,₱345.00
72279,Pinoy Charcuterie,Appetizer,1,₱495.00,₱495.00
72279,Pitcher Red Sangria,Cocktail,2,₱650.00,"₱1,300.00"
72279,Trash Can,Entree,1,₱395.00,₱395.00
72279,Beer Caramel,Beer,2,₱235.00,₱470.00
72280,Mango Shake,Shake,2,₱225.00,₱450.00
72280,Chix Ball Ala Carte,Appetizer,2,₱95.00,₱190.00
72280,Kikiam Ala Carte,Appetizer,1,₱85.00,₱85.00
72280,Chixsig Nachos,Appetizer,1,₱395.00,₱395.00
72280,Chicken in a Basket,Appetizer,2,₱395.00,₱790.00
72282,Good Morning Sunshine,Breakfast,1,₱199.00,₱199.00
72282,Seafood Pesto,Pasta,1,₱495.00,₱495.00
72282,Matcha Frappe,Frappe,1,₱255.00,₱255.00
72283,Chicken Parm,Entree,2,₱495.00,₱990.00
72283,K. Beef Bowl,Entree,2,₱895.00,"₱1,790.00"
72283,Pink Margarita,Cocktail,2,₱325.00,₱650.00
72283,Caesar,Salad,1,₱365.00,₱365.00
72324,Free Pudding,Promos & Freebies,2,₱0.00,₱0.00
72324,Container,Packaging,1,₱10.00,₱10.00
72324,Tailgate Ribs,Entree,1,₱595.00,₱595.00
72325,C3,Drinks,1,₱245.00,₱245.00
72325,Mango Tapioca,Dessert,2,₱245.00,₱490.00
72325,Squash Soup,Soup,2,₱315.00,₱630.00
72325,C3,Drinks,2,₱245.00,₱490.00
72328,Cocoa Wonka,Drinks,1,₱245.00,₱245.00
72328,Fish Taco,Appetizer,2,₱395.00,₱790.00
72328,Salis Curry Steak,Entree,2,₱425.00,₱850.00
72328,Bucket Cerveza Negra,Beer,2,₱750.00,"₱1,500.00"
72332,Dirty Matcha,Coffee,1,₱225.00,₱225.00
72332,Bucket Assorted,Beer,2,₱750.00,"₱1,500.00"
72334,Matcha Frappe,Frappe,2,₱255.00,₱510.00
72334,Mango Shake,Shake,2,₱145.00,₱290.00
72334,Dirty Matcha,Coffee,2,₱225.00,₱450.00
72334,Under the Summer Sun,Cocktail,2,₱0.00,₱0.00
72334,Dirty Matcha,Coffee,1,₱225.00,₱225.00
72335,Tapsi & More,Entree,1,₱425.00,₱425.00
72335,Jim Beam Whiskey,Hard Liquor,1,"₱2,600.00","₱2,600.00"
72335,Plain Rice,Add-ons,1,₱65.00,₱65.00
72335,Extra Espresso Shot,Coffee,2,₱95.00,₱190.00
72335,Yolo,Shake,1,₱290.00,₱290.00
72338,C3,Drinks,2,₱245.00,₱490.00
72338,Tapsi & More,Entree,2,₱425.00,₱850.00
72340,Mango Shake,Shake,1,₱225.00,₱225.00
72340,Truffle Pasta,Pasta,1,₱435.00,₱435.00
72342,Squash Soup,Soup,1,₱315.00,₱315.00
72342,Strawberry Latte,Coffee,2,₱215.00,₱430.00
72342,Bread Pudding,Dessert,1,₱215.00,₱215.00
72342,Chixsig Nachos,Appetizer,1,₱395.00,₱395.00
72342,Kawali Bowl,Entree,2,₱199.00,₱398.00
72344,Salis Curry Steak,Entree,1,₱425.00,₱425.00
72344,Beef Salpicao,Entree,2,₱545.00,"₱1,090.00"
72344,Murica,Burger/Wrap & More,2,₱150.00,₱300.00
72346,Simple Affogato,Coffee,2,₱245.00,₱490.00
72346,Bacon Plate,Breakfast,2,₱199.00,₱398.00
72346,Caesar,Salad,2,₱365.00,₱730.00
72346,Green Mango Shake,Shake,2,₱225.00,₱450.00
72346,San Mig Light,Beer,2,₱0.00,₱0.00
72349,Sisig Rice Bowl,Entree,1,₱415.00,₱415.00
72349,Truffle Parmesan Fries,Appetizer,1,₱325.00,₱325.00
72352,Squash Soup,Soup,1,₱315.00,₱315.00
72352,Platter Plain Rice,Side Dish,1,₱295.00,₱295.00
72352,Caesar,Salad,2,₱365.00,₱730.00
72352,Pitcher Red Sangria,Cocktail,1,₱650.00,₱650.00
72355,San Mig Light,Beer,1,₱130.00,₱130.00
72355,Cerveza Negra,Beer,2,₱150.00,₱300.00
72359,Kawali Bowl,Entree,1,₱199.00,₱199.00
72359,Bunwich Ala UTB,Burger/Wrap & More,1,₱375.00,₱375.00
72359,Mango Shake,Shake,1,₱145.00,₱145.00
72361,K. Pork Bowl,Entree,1,₱595.00,₱595.00
72361,Kawali Bowl,Entree,1,₱199.00,₱199.00
72362,Kawali Bowl,Entree,1,₱199.00,₱199.00
72362,Bellagio Mochaccino,Coffee,2,₱225.00,₱450.00
72362,Chicken & Waffles,Entree,2,₱425.00,₱850.00
72362,Mango Shake,Shake,2,₱225.00,₱450.00
72364,Bucket Pilsen,Beer,2,₱600.00,"₱1,200.00"
72364,Platter Plain Rice,Side Dish,1,₱295.00,₱295.00
72364,Lychee Shake,Shake,2,₱225.00,₱450.00
72365,Garlic Rice,Add-ons,2,₱95.00,₱190.00
72365,San Mig Pilsen,Beer,2,₱0.00,₱0.00
72365,Chicken Parm,Entree,2,₱495.00,₱990.00
72365,Bottled Water,Drinks,2,₱65.00,₱130.00
72365,Oxtail Soup,Soup,1,₱795.00,₱795.00
72368,Merk TT,Others,1,₱345.00,₱345.00
72368,SOP,Pizza,1,₱425.00,₱425.00
72370,Seafood Chowda,Soup,1,₱365.00,₱365.00
72370,Matcha Frappe,Frappe,2,₱255.00,₱510.00
72370,Batwan Beef Stew,Entree,2,₱725.00,"₱1,450.00"
72370,Pitcher Classic Mojito,Cocktail,1,₱650.00,₱650.00
72374,Free Chicharon,Promos & Freebies,1,₱0.00,₱0.00
72374,Murica,Entree,2,₱150.00,₱300.00
72376,Baletea,Tea,1,₱245.00,₱245.00
72376,Chicken Rice,Entree,1,₱405.00,₱405.00
72376,Chicken in a Basket,Appetizer,2,₱395.00,₱790.00
72376,Chicken Parm,Entree,1,₱550.00,₱550.00
72376,Johnnie Walker Black,Hard Liquor,2,₱195.00,₱390.00
72380,Vodka Sunrise,Cocktail,2,₱305.00,₱610.00
72380,Cappuccino,Coffee,1,₱185.00,₱185.00
72380,Coke Regular,Drinks,1,₱45.00,₱45.00
72380,Bucket Light,Beer,1,₱650.00,₱650.00
72380,Truffle Pasta,Pasta,1,₱435.00,₱435.00
72384,C3,Drinks,1,₱245.00,₱245.00
72384,Pork Sisig,Entree,1,₱345.00,₱345.00
72386,Breakfast Pudding,Dessert,2,₱199.00,₱398.00
72386,Tapsi & More,Entree,1,₱425.00,₱425.00
72386,San Mig Super Dry,Beer,2,₱150.00,₱300.00
72386,Cocoa Wonka,Drinks,1,₱245.00,₱245.00
72386,Truffle Parmesan Fries,Appetizer,2,₱325.00,₱650.00
72389,Classic Mojito,Cocktail,1,₱295.00,₱295.00
72389,Marrow Brulee,Appetizer,1,₱365.00,₱365.00
72389,Batwan Beef Stew,Entree,2,₱785.00,"₱1,570.00"
72391,Yolo,Shake,1,₱290.00,₱290.00
72391,Squash Soup,Soup,1,₱315.00,₱315.00
72391,Free Chicharon,Promos & Freebies,1,₱0.00,₱0.00
72391,San Mig Pilsen,Beer,1,₱0.00,₱0.00
72391,Chicken Rice,Entree,2,₱405.00,₱810.00
72393,Vegetable Arrabbiata,Pasta,2,₱415.00,₱830.00
72393,Fries,Side Dish,2,₱95.00,₱190.00
72394,Spanish Latte,Coffee,1,₱195.00,₱195.00
72394,Jim Beam Whiskey,Hard Liquor,1,"₱2,600.00","₱2,600.00"
72394,San Mig Light,Beer,2,₱0.00,₱0.00
72394,Honey Lemon J,Drinks,1,₱135.00,₱135.00
72396,Salted Caramel Frappe,Frappe,2,₱255.00,₱510.00
72396,Asian Chicken,Salad,1,₱365.00,₱365.00
72396,Bucket Pilsen,Beer,2,₱600.00,"₱1,200.00"
72399,Salis Curry Steak,Entree,1,₱425.00,₱425.00
72399,Sisig Rice Bowl,Entree,2,₱415.00,₱830.00
72399,Platter Plain Rice,Side Dish,1,₱295.00,₱295.00
72399,Banana Peanut Butter,Frappe,1,₱275.00,₱275.00
72401,Fries,Side Dish,1,₱95.00,₱95.00
72401,Mango Shake,Shake,1,₱240.00,₱240.00
72401,Coke Regular,Drinks,2,₱125.00,₱250.00
72403,Coke Regular,Drinks,2,₱105.00,₱210.00
72403,Bread Pudding,Dessert,2,₱215.00,₱430.00
72403,Bucket Light,Beer,2,₱650.00,"₱1,300.00"
72403,Sausage Diablo,Appetizer,1,₱360.00,₱360.00
72403,Salted Caramel Frappe,Frappe,1,₱255.00,₱255.00
72405,Free Pudding,Promos & Freebies,2,₱0.00,₱0.00
72405,Vegetable Arrabbiata,Pasta,2,₱415.00,₱830.00
72407,Warm Poke Bowl,Entree,2,₱625.00,"₱1,250.00"
72407,Matcha Frappe,Frappe,1,₱255.00,₱255.00
72407,Murica,Coffee,2,₱150.00,₱300.00
72407,Chicken Rice,Entree,2,₱405.00,₱810.00
72407,Pinoy Charcuterie,Appetizer,2,₱495.00,₱990.00
72409,Salmon Rice,Entree,1,₱665.00,₱665.00
72409,Marrow Brulee,Dessert,1,₱365.00,₱365.00
72409,K. Pork Bowl,Entree,1,₱595.00,₱595.00
72410,Seafood Chowda,Soup,2,₱365.00,₱730.00
72410,Bread Pudding,Dessert,1,₱215.00,₱215.00
72410,Creme Brulee,Dessert,1,₱245.00,₱245.00
72412,Pink Margarita,Cocktail,1,₱325.00,₱325.00
72412,Coke Regular,Drinks,1,₱105.00,₱105.00
72415,Tapsi & More,Entree,2,₱425.00,₱850.00
72415,Mango Shake,Shake,2,₱225.00,₱450.00
72419,Taco,Appetizer,1,₱345.00,₱345.00
72419,Baletea Freeze,Cocktail,2,₱365.00,₱730.00
72420,K. Beef Bowl,Entree,2,₱895.00,"₱1,790.00"
72420,Xtra Scoop Ice Cream,Dessert,1,₱65.00,₱65.00
72420,Salis Curry Steak,Entree,1,₱425.00,₱425.00
72423,Murica,Burger/Wrap & More,1,₱150.00,₱150.00
72423,Bunwich Ala UTB,Entree,1,₱375.00,₱375.00
72425,Trash Can,Dessert,2,₱395.00,₱790.00
72425,Yogi Tea,Tea,1,₱125.00,₱125.00
72426,Truffle Parmesan Fries,Appetizer,1,₱325.00,₱325.00
72426,Mac & Cheese,Pasta,2,₱445.00,₱890.00
72430,Tropical White Lady,Mocktails,2,₱355.00,₱710.00
72430,Tailgate Ribs,Entree,2,₱595.00,"₱1,190.00"
72434,Marrow Brulee,Appetizer,1,₱365.00,₱365.00
72434,Xtra Scoop Ice Cream,Dessert,2,₱65.00,₱130.00
72434,Breakfast Pudding,Dessert,2,₱199.00,₱398.00
72436,Plain Rice,Add-ons,2,₱65.00,₱130.00
72436,Mac & Cheese,Pasta,2,₱445.00,₱890.00
72436,Merk TT,Others,2,₱345.00,₱690.00
72436,Murica,Coffee,2,₱150.00,₱300.00
72438,Mug Root Beer,Beer,2,₱105.00,₱210.00
72438,Pinoy Charcuterie,Appetizer,2,₱495.00,₱990.00
72438,Egg,Add-ons,2,₱40.00,₱80.00
72441,Plain Rice,Add-ons,1,₱65.00,₱65.00
72441,Bunwich Ala UTB,Burger/Wrap & More,1,₱375.00,₱375.00
72445,Eves Apple,Mocktails,1,₱295.00,₱295.00
72445,Dark Choco Chip Frappe,Frappe,2,₱285.00,₱570.00
72446,San Mig Light,Beer,2,₱130.00,₱260.00
72446,K3,Others,2,₱245.00,₱490.00
72446,UTB Burger,Burger/Wrap & More,1,₱425.00,₱425.00
72446,Sausage Diablo,Appetizer,2,₱325.00,₱650.00
72450,Green Mango Shake,Shake,1,₱225.00,₱225.00
72450,Strawberry Lychee Shake,Shake,2,₱255.00,₱510.00
72450,Chixsig Nachos,Appetizer,1,₱395.00,₱395.00
72450,Pitcher Red Sangria,Cocktail,2,₱650.00,"₱1,300.00"
72452,Bucket Light,Beer,2,₱650.00,"₱1,300.00"
72452,San Mig Light,Beer,1,₱130.00,₱130.00
72452,Honey Lemon J,Drinks,2,₱135.00,₱270.00
72452,Plain Rice,Add-ons,1,₱65.00,₱65.00
72455,Happy Hour 595+,Promos & Freebies,1,₱665.00,₱665.00
72455,Coke Zero,Drinks,1,₱105.00,₱105.00
72455,Under the Summer Sun,Cocktail,1,₱335.00,₱335.00
72455,Twerk It,Boozy Coffee,2,₱345.00,₱690.00
72457,Bucket Light,Beer,2,₱650.00,"₱1,300.00"
72457,Eyogi Tea,Tea,1,₱125.00,₱125.00
72457,Coke Regular,Drinks,2,₱125.00,₱250.00
72457,Honey Lemon J,Drinks,2,₱135.00,₱270.00
72457,Salted Caramel Frappe,Frappe,1,₱255.00,₱255.00
72461,Chicken Parm,Entree,1,₱495.00,₱495.00
72461,Salis Curry Steak,Entree,1,₱425.00,₱425.00
72461,Coke Regular,Drinks,1,₱45.00,₱45.00
72461,Pitcher Red Sangria,Cocktail,2,₱650.00,"₱1,300.00"
72461,Pink Margarita,Cocktail,2,₱325.00,₱650.00
72464,Strawberry Lychee Shake,Shake,2,₱255.00,₱510.00
72464,Lychee Shake,Shake,2,₱225.00,₱450.00
72464,Gochujang Chicken Wrap,Burger/Wrap & More,2,₱425.00,₱850.00
72464,Container,Packaging,1,₱10.00,₱10.00
72467,Chicharon,Appetizer,1,₱145.00,₱145.00
72467,K. Pork Bowl,Entree,1,₱595.00,₱595.00
72467,Truffle Pasta,Pasta,1,₱485.00,₱485.00
72467,Takoyaki,Appetizer,1,₱345.00,₱345.00
72467,Sausage Skillet (Angel),Appetizer,1,₱325.00,₱325.00
72469,Strawberry Lychee Shake,Shake,1,₱255.00,₱255.00
72469,Spanish Latte,Coffee,2,₱195.00,₱390.00
72473,Container,Packaging,2,₱10.00,₱20.00
72473,Dirty Matcha,Coffee,2,₱225.00,₱450.00
72473,Bunwich Ala UTB,Entree,2,₱375.00,₱750.00
72476,Negra,Beer,1,₱0.00,₱0.00
72476,Tailgate Ribs,Entree,2,₱595.00,"₱1,190.00"
72478,Mac & Cheese,Pasta,2,₱445.00,₱890.00
72478,Fish Be With U,Entree,1,₱795.00,₱795.00
72478,Free Pudding,Promos & Freebies,2,₱0.00,₱0.00
72482,Shrimp Po Boy,Burger/Wrap & More,1,₱475.00,₱475.00
72482,Truffle Parmesan Fries,Appetizer,1,₱325.00,₱325.00
72482,Fries,Side Dish,1,₱95.00,₱95.00
72482,Beef Salpicao,Entree,2,₱545.00,"₱1,090.00"
72484,Strawberry Basil Mojito,Cocktail,1,₱375.00,₱375.00
72484,Strawberry Matcha Frappe,Frappe,2,₱285.00,₱570.00
72484,Sisig Rice Bowl,Entree,1,₱415.00,₱415.00
72487,Chicken Parm,Entree,2,₱495.00,₱990.00
72487,Mango Shake,Shake,2,₱165.00,₱330.00
72487,Truffle Parmesan Fries,Appetizer,1,₱325.00,₱325.00
72488,Chicken Rice,Entree,2,₱405.00,₱810.00
72488,Kwek Ala Carte,Appetizer,1,₱155.00,₱155.00
72488,Seafood Chowda,Soup,1,₱365.00,₱365.00
72488,Viet Coffee,Coffee,1,₱195.00,₱195.00
72488,Baletea,Tea,1,₱245.00,₱245.00
72489,Tailgate Ribs,Entree,1,₱650.00,₱650.00
72489,Salted Caramel Frappe,Frappe,1,₱255.00,₱255.00
72490,San Mig Light,Beer,1,₱0.00,₱0.00
72490,Pinoy Charcuterie,Appetizer,2,₱495.00,₱990.00
72494,Jim Beam Whiskey,Hard Liquor,1,"₱2,600.00","₱2,600.00"
72494,Takoyaki,Appetizer,2,₱345.00,₱690.00
72494,Chicken Rice,Entree,1,₱405.00,₱405.00
72498,Tapsi & More,Entree,2,₱425.00,₱850.00
72498,Pitcher Red Sangria,Cocktail,2,₱650.00,"₱1,300.00"
72502,Dirty Matcha,Coffee,2,₱225.00,₱450.00
72502,Chixsig Nachos,Appetizer,2,₱395.00,₱790.00
72502,Chicken Parm,Entree,1,₱495.00,₱495.00
72502,Negra,Beer,1,₱0.00,₱0.00
72505,Taco,Appetizer,2,₱345.00,₱690.00
72505,Mango Shake,Shake,1,₱225.00,₱225.00
72507,Tapsi & More,Entree,2,₱425.00,₱850.00
72507,Seafood Chowda,Soup,2,₱365.00,₱730.00
72507,K. Beef Bowl,Entree,1,₱895.00,₱895.00
72507,Spanish Latte,Coffee,2,₱195.00,₱390.00
72508,Pinoy Charcuterie,Appetizer,1,₱495.00,₱495.00
72508,Mac & Cheese,Pasta,1,₱445.00,₱445.00
72511,Cappuccino,Coffee,1,₱185.00,₱185.00
72511,Pinoy Charcuterie,Appetizer,1,₱495.00,₱495.00
72511,Green Mango Shake,Shake,1,₱225.00,₱225.00
72515,Salis Curry Steak,Entree,2,₱425.00,₱850.00
72515,Mango Shake,Shake,1,₱145.00,₱145.00
72515,Kwek Ala Carte,Appetizer,1,₱155.00,₱155.00
72515,Pitcher Classic Mojito,Cocktail,2,₱650.00,"₱1,300.00"
72517,San Mig Light,Beer,2,₱0.00,₱0.00
72517,San Mig Pilsen,Beer,1,₱0.00,₱0.00
72517,Truffle Parmesan Fries,Appetizer,2,₱325.00,₱650.00
72517,Beef Salpicao,Entree,1,₱545.00,₱545.00
72521,Chicken Parm,Entree,2,₱495.00,₱990.00
72521,Gochujang Chicken Wrap,Burger/Wrap & More,2,₱470.00,₱940.00
72521,Lychee Mojito,Cocktail,1,₱355.00,₱355.00
72521,Warm Poke Bowl,Entree,2,₱625.00,"₱1,250.00"
72523,Honey-Sriracha Chicken,Entree,1,₱375.00,₱375.00
72523,Container,Packaging,1,₱10.00,₱10.00
72523,San Mig Pilsen,Beer,2,₱120.00,₱240.00
72523,Dirty Matcha,Coffee,1,₱225.00,₱225.00
72523,Pork Bowl,Entree,2,₱595.00,"₱1,190.00"
72525,Sisig Rice Bowl,Entree,1,₱345.00,₱345.00
72525,Bone-In Porkchop,Entree,1,"₱1,095.00","₱1,095.00"
72525,Gochujang Chicken Wrap,Burger/Wrap & More,1,₱425.00,₱425.00
72526,Superdry,Beer,2,₱0.00,₱0.00
72526,Warm Poke Bowl,Entree,2,₱625.00,"₱1,250.00"
72526,Plain Rice,Add-ons,2,₱65.00,₱130.00
72526,San Mig Light,Beer,1,₱130.00,₱130.00
72527,Chicken & Waffles,Entree,2,₱425.00,₱850.00
72527,Pinoy Charcuterie,Appetizer,1,₱495.00,₱495.00
72528,Coke Zero,Drinks,2,₱30.00,₱60.00
72528,Seafood Pesto,Pasta,1,₱495.00,₱495.00
72528,Negra,Beer,1,₱0.00,₱0.00
72532,Chicken & Waffles,Entree,2,₱425.00,₱850.00
72532,Bucket Light,Beer,2,₱650.00,"₱1,300.00"
72532,Coke Regular,Drinks,1,₱105.00,₱105.00
72532,Dirty Matcha,Coffee,1,₱225.00,₱225.00
72534,Caesar,Salad,1,₱365.00,₱365.00
72534,Banana Peanut Butter,Frappe,1,₱275.00,₱275.00
72534,Gin & Tonic,Hard Liquor,2,₱345.00,₱690.00
72534,San Mig Light,Beer,2,₱0.00,₱0.00
72534,Truffle Parmesan Fries,Appetizer,1,₱325.00,₱325.00
72538,Classic Mojito,Cocktail,2,₱295.00,₱590.00
72538,Tokwat Porky Pig,Entree,1,₱395.00,₱395.00
72538,Bellagio Mochaccino,Coffee,2,₱225.00,₱450.00
72541,Tokwat Porky Pig,Entree,1,₱395.00,₱395.00
72541,Free Pudding,Promos & Freebies,2,₱0.00,₱0.00
72541,Truffle Pasta,Pasta,1,₱485.00,₱485.00
72541,Kikiam Ala Carte,Appetizer,2,₱85.00,₱170.00
72545,Free Pudding,Promos & Freebies,2,₱0.00,₱0.00
72545,Mango Shake,Shake,2,₱140.00,₱280.00
72545,Spanish Latte,Coffee,1,₱195.00,₱195.00
72546,UTB Burger,Burger/Wrap & More,1,₱425.00,₱425.00
72546,Chicken in a Basket,Appetizer,1,₱395.00,₱395.00
72546,Asian Chicken,Salad,2,₱365.00,₱730.00
72546,K. Beef Bowl,Entree,2,₱895.00,"₱1,790.00"
72546,Pitcher Red Sangria,Cocktail,2,₱650.00,"₱1,300.00"
72547,Eves Apple,Mocktails,1,₱295.00,₱295.00
72547,Sausage Angel,Appetizer,2,₱325.00,₱650.00
72547,Chicken Parm,Entree,1,₱495.00,₱495.00
72547,C3,Drinks,2,₱245.00,₱490.00
72547,Butter Toast,Side Dish,1,₱45.00,₱45.00
72548,Sausage Diablo,Appetizer,2,₱325.00,₱650.00
72548,Sisig Rice Bowl,Entree,1,₱415.00,₱415.00
72552,Seafood Chowda,Soup,2,₱365.00,₱730.00
72552,Salmon Rice,Entree,2,₱665.00,"₱1,330.00"
72554,Mug Root Beer,Beer,1,₱105.00,₱105.00
72554,Chicharon,Appetizer,2,₱145.00,₱290.00
72554,Coke Zero,Drinks,2,₱105.00,₱210.00
72554,Strawberry Lychee Shake,Shake,2,₱255.00,₱510.00
72622,Salis Curry Steak,Entree,1,₱425.00,₱425.00
72622,Hazelnut Macchiato,Coffee,2,₱205.00,₱410.00
72622,Bottled Water,Drinks,1,₱65.00,₱65.00
72622,Bunwich Ala UTB,Entree,1,₱375.00,₱375.00
72625,Cocoa Wonka,Drinks,2,₱245.00,₱490.00
72625,Lychee Mojito,Cocktail,1,₱355.00,₱355.00
72625,Pixiedust,Cocktail,1,₱0.00,₱0.00
72626,Fish Taco,Appetizer,1,₱395.00,₱395.00
72626,Seafood Pesto,Pasta,1,₱495.00,₱495.00
72626,Hazelnut Macchiato,Coffee,1,₱205.00,₱205.00
72626,Salis Curry Steak,Entree,1,₱425.00,₱425.00
72629,Free Chicharon,Promos & Freebies,1,₱0.00,₱0.00
72629,Free Pudding,Promos & Freebies,1,₱0.00,₱0.00
72631,Tokwat Porky Pig,Entree,2,₱395.00,₱790.00
72631,Murica,Coffee,2,₱150.00,₱300.00
72631,Pinoy Charcuterie,Appetizer,1,₱495.00,₱495.00
72632,Murica,Entree,1,₱150.00,₱150.00
72632,Cappuccino,Coffee,1,₱185.00,₱185.00
72632,Sausage Angel,Appetizer,2,₱325.00,₱650.00
72632,Cold Water,Drinks,1,₱65.00,₱65.00
72635,Container,Packaging,1,₱10.00,₱10.00
72635,Boozy Affogato,Boozy Coffee,2,₱375.00,₱750.00
72635,San Mig Pilsen,Beer,2,₱120.00,₱240.00
72636,Lychee Shake,Shake,1,₱225.00,₱225.00
72636,Strawberry Matcha Frappe,Frappe,1,₱285.00,₱285.00
72636,Tokwat Porky Pig,Appetizer,1,₱395.00,₱395.00
72638,Strawberry Lychee Shake,Shake,2,₱255.00,₱510.00
72638,Sisig Rice Bowl,Entree,1,₱415.00,₱415.00
72638,Chicken Rice,Entree,2,₱405.00,₱810.00
72642,Sisig Rice Bowl,Entree,1,₱345.00,₱345.00
72642,Glass Baletea,Tea,1,₱105.00,₱105.00
72642,Sop,Pizza,2,₱425.00,₱850.00
72642,Jim Beam Whiskey,Hard Liquor,1,"₱2,600.00","₱2,600.00"
72643,Fries,Side Dish,1,₱95.00,₱95.00
72643,Mountain Dew,Drinks,1,₱105.00,₱105.00
72643,Happy Hour 595+,Promos & Freebies,1,₱665.00,₱665.00
72643,Chixsig Nachos,Appetizer,2,₱395.00,₱790.00
72646,Bucket Light,Beer,2,₱650.00,"₱1,300.00"
72646,Root Beer Float R18,Beer,1,₱325.00,₱325.00
72646,UTB Burger,Burger/Wrap & More,1,₱425.00,₱425.00
72646,Viet Coffee,Coffee,2,₱200.00,₱400.00
72648,Salis Curry Steak,Entree,1,₱425.00,₱425.00
72648,Honey-Sriracha Chicken,Salad,1,₱375.00,₱375.00
72648,Dynamite Ala Carte,Appetizer,2,₱155.00,₱310.00
72648,San Mig Light,Beer,1,₱0.00,₱0.00
72648,Sisig Rice Bowl,Entree,2,₱415.00,₱830.00
72649,Cappuccino,Coffee,1,₱185.00,₱185.00
72649,Mountain Dew,Drinks,2,₱105.00,₱210.00
72649,Cappuccino,Coffee,2,₱185.00,₱370.00
72649,Jim Beam Whiskey,Hard Liquor,1,"₱2,600.00","₱2,600.00"
72651,Beer Caramel,Beer,2,₱235.00,₱470.00
72651,Glass Bulera,Cocktail,2,₱115.00,₱230.00
72651,Truffle Pasta,Pasta,2,₱435.00,₱870.00
72651,Seafood Chowda,Soup,2,₱365.00,₱730.00
72653,Vanilla Latte,Coffee,2,₱205.00,₱410.00
72653,Truffle Pasta,Pasta,2,₱435.00,₱870.00
72653,Sop,Pizza,1,₱425.00,₱425.00
72653,Salted Caramel Frappe,Frappe,2,₱255.00,₱510.00
72653,Baletea Freeze,Cocktail,1,₱365.00,₱365.00
72656,Egg,Add-ons,1,₱40.00,₱40.00
72656,Jim Beam Whiskey,Hard Liquor,1,"₱2,600.00","₱2,600.00"
72658,Bucket Pilsen,Beer,2,₱600.00,"₱1,200.00"
72658,Caesar,Salad,1,₱365.00,₱365.00
72658,Salmon Rice,Entree,1,₱665.00,₱665.00
72658,San Mig Pilsen,Beer,2,₱120.00,₱240.00
72659,Red Sangria,Cocktail,2,₱345.00,₱690.00
72659,Cocoa Wonka,Drinks,1,₱245.00,₱245.00
72662,Salmon Rice,Entree,2,₱665.00,"₱1,330.00"
72662,Kawali Bowl,Entree,1,₱199.00,₱199.00
72662,Baletea,Tea,2,₱205.00,₱410.00
72662,Oxtail Soup,Soup,2,₱795.00,"₱1,590.00"
72662,Bellagio Mochaccino,Coffee,2,₱225.00,₱450.00
72666,Hazelnut Macchiato,Coffee,1,₱205.00,₱205.00
72666,Schweppes Soda Water,Drinks,2,₱105.00,₱210.00
72670,Sausage Diablo,Appetizer,2,₱325.00,₱650.00
72670,Chicken in a Basket,Appetizer,2,₱395.00,₱790.00
72674,Shrimp & Chips,Appetizer,1,₱415.00,₱415.00
72674,Murica,Burger/Wrap & More,1,₱150.00,₱150.00
72674,Bucket Assorted,Beer,2,₱750.00,"₱1,500.00"
72676,Seafood Chowda,Soup,1,₱365.00,₱365.00
72676,Boozy Affogato,Boozy Coffee,2,₱375.00,₱750.00
72679,San Mig Pilsen,Beer,2,₱0.00,₱0.00
72679,Murica,Coffee,2,₱150.00,₱300.00
72680,Rootbeer Float Rated G,Drinks,1,₱225.00,₱225.00
72680,Cerveza Negra,Beer,1,₱150.00,₱150.00
72680,Happy Hour 595+,Promos & Freebies,2,₱665.00,"₱1,330.00"
72680,Beef Salpicao,Entree,2,₱545.00,"₱1,090.00"
72684,Coke Zero,Drinks,1,₱105.00,₱105.00
72684,Vanilla Latte,Coffee,1,₱205.00,₱205.00
72684,Strawberry Basil Mojito,Cocktail,1,₱0.00,₱0.00
72684,Vegetable Arrabbiata,Pasta,1,₱415.00,₱415.00
72687,Strawberry Latte,Coffee,2,₱215.00,₱430.00
72687,Salis Curry Steak,Entree,2,₱425.00,₱850.00
72687,Lychee Berry Margarita,Cocktail,2,₱355.00,₱710.00
72687,Plain Rice,Add-ons,1,₱65.00,₱65.00
72691,Under the Summer Sun,Cocktail,1,₱0.00,₱0.00
72691,Tokwat Porky Pig,Appetizer,1,₱395.00,₱395.00
72692,Happy Hour 595+,Promos & Freebies,2,₱665.00,"₱1,330.00"
72692,Sip,Cocktail,1,₱425.00,₱425.00
72693,San Mig Super Dry,Beer,1,₱150.00,₱150.00
72693,Kikiam Ala Carte,Appetizer,1,₱85.00,₱85.00
72693,Bucket Pilsen,Beer,1,₱600.00,₱600.00
72695,Kawali Bowl,Entree,2,₱199.00,₱398.00
72695,Batwan Beef Stew,Entree,1,₱725.00,₱725.00
72695,Happy Hour 595+,Promos & Freebies,1,₱665.00,₱665.00
72695,Chicken & Waffles,Entree,2,₱425.00,₱850.00
72695,Cajun Pasta,Pasta,1,₱425.00,₱425.00
72697,Bunwich Ala UTB,Entree,2,₱375.00,₱750.00
72697,Coke Regular,Drinks,2,₱45.00,₱90.00
72697,Mountain Dew,Drinks,1,₱105.00,₱105.00
72701,Dirty Matcha,Coffee,1,₱225.00,₱225.00
72701,War Heads,Cocktail,2,₱355.00,₱710.00
72701,Truffle Parmesan Fries,Appetizer,2,₱325.00,₱650.00
72701,K. Pork Bowl,Entree,1,₱595.00,₱595.00
72704,Plain Rice,Add-ons,2,₱65.00,₱130.00
72704,Mango Tapioca,Dessert,2,₱245.00,₱490.00
72707,Free Pudding,Promos & Freebies,1,₱0.00,₱0.00
72707,Bacon Plate,Breakfast,1,₱199.00,₱199.00
72707,San Mig Super Dry,Beer,2,₱150.00,₱300.00
72707,Bellagio Mochaccino,Coffee,1,₱225.00,₱225.00
72711,Trash Can,Entree,2,₱395.00,₱790.00
72711,Truffle Pasta,Pasta,1,₱435.00,₱435.00
72715,Takoyaki,Appetizer,1,₱345.00,₱345.00
72715,Cold Water,Drinks,2,₱65.00,₱130.00
72715,Kwek Ala Carte,Appetizer,2,₱155.00,₱310.00
72718,Seafood Pesto,Pasta,2,₱495.00,₱990.00
72718,Mango Tapioca,Dessert,2,₱245.00,₱490.00
72720,Pitcher Red Sangria,Cocktail,1,₱650.00,₱650.00
72720,Yolo,Shake,2,₱255.00,₱510.00
72723,Bone-In Porkchop,Entree,2,"₱1,095.00","₱2,190.00"
72723,UTB Burger,Burger/Wrap & More,2,₱425.00,₱850.00
72727,Sausage Skillet (Angel),Appetizer,1,₱325.00,₱325.00
72727,Seafood Chowda,Soup,1,₱365.00,₱365.00
72727,Baletea Freeze,Cocktail,2,₱365.00,₱730.00
72727,Lychee Shake,Shake,2,₱225.00,₱450.00
72727,Asian Chicken,Salad,2,₱365.00,₱730.00
72731,Red Sangria,Cocktail,1,₱345.00,₱345.00
72731,Salted Caramel Frappe,Frappe,1,₱255.00,₱255.00
72731,Chicken Caesar Wrap,Burger/Wrap & More,2,₱425.00,₱850.00
72732,Caesar,Salad,2,₱365.00,₱730.00
72732,Cerveza Negra,Beer,2,₱150.00,₱300.00
72732,San Mig Pilsen,Beer,1,₱120.00,₱120.00
72732,Bucket Light,Beer,1,₱650.00,₱650.00
72732,Kawali Bowl,Entree,2,₱199.00,₱398.00
72736,Sausage Diablo,Appetizer,1,₱325.00,₱325.00
72736,Xtra Scoop Ice Cream,Dessert,1,₱65.00,₱65.00
72737,San Mig Light,Beer,2,₱130.00,₱260.00
72737,Dynamite Ala Carte,Appetizer,2,₱155.00,₱310.00
72737,Glass Baletea,Tea,1,₱105.00,₱105.00
72737,Black Pepper Beef,Appetizer,2,₱525.00,"₱1,050.00"
72737,Murica,Entree,2,₱150.00,₱300.00
72739,Container,Packaging,2,₱10.00,₱20.00
72739,Bottled Water,Drinks,1,₱65.00,₱65.00
72739,UTB Burger,Burger/Wrap & More,1,₱425.00,₱425.00
72739,Garlic Rice,Add-ons,1,₱95.00,₱95.00
72740,Trash Can,Dessert,2,₱395.00,₱790.00
72740,Good Morning Sunshine,Breakfast,2,₱199.00,₱398.00
72740,Beef and Shrimp Salpicao,Entree,2,₱895.00,"₱1,790.00"
72742,Free Pudding,Promos & Freebies,1,₱0.00,₱0.00
72742,Salted Caramel Frappe,Frappe,2,₱255.00,₱510.00
72742,Grilled Tuna,Entree,1,₱395.00,₱395.00
72744,Plain Rice,Add-ons,2,₱65.00,₱130.00
72744,Sisig Rice Bowl,Entree,1,₱415.00,₱415.00
72744,Free Pudding,Promos & Freebies,2,₱0.00,₱0.00
72744,Thai Shrimp,Entree,1,₱425.00,₱425.00
72746,Pink Margarita,Cocktail,1,₱0.00,₱0.00
72746,Tapsi & More,Entree,1,₱425.00,₱425.00
72746,Asian Chicken,Salad,2,₱365.00,₱730.00
72746,Bucket Cerveza Negra,Beer,2,₱750.00,"₱1,500.00"
72750,Bday Ice Cream,Dessert,2,₱0.00,₱0.00
72750,Green Mango Shake,Shake,2,₱225.00,₱450.00
72750,Seafood Pesto,Pasta,1,₱495.00,₱495.00
72750,Banana Peanut Butter,Frappe,2,₱275.00,₱550.00
72751,Pink Margarita,Cocktail,1,₱325.00,₱325.00
72751,Tailgate Ribs,Entree,2,₱595.00,"₱1,190.00"
72751,Lychee Berry Margarita,Cocktail,2,₱355.00,₱710.00
72753,San Mig Pilsen,Beer,1,₱0.00,₱0.00
72753,Chicken Rice,Entree,1,₱405.00,₱405.00
72753,San Mig Pilsen,Beer,2,₱0.00,₱0.00
72753,Red Sangria,Cocktail,1,₱345.00,₱345.00
72755,Schweppes Tonic Water,Drinks,1,₱105.00,₱105.00
72755,Thai Shrimp,Entree,1,₱425.00,₱425.00
72755,Asian Chicken,Salad,1,₱365.00,₱365.00
72755,Platter Garlic Rice,Side Dish,2,₱395.00,₱790.00
72755,Baletea Freeze,Cocktail,2,₱365.00,₱730.00
72759,Plain Rice,Add-ons,2,₱65.00,₱130.00
72759,Bucket Assorted,Beer,2,₱750.00,"₱1,500.00"
72759,Chicken in a Basket,Appetizer,2,₱395.00,₱790.00
72763,Tokwat Porky Pig,Entree,2,₱395.00,₱790.00
72763,Tropical White Lady,Mocktails,2,₱355.00,₱710.00
72763,Simple Affogato,Coffee,2,₱245.00,₱490.00
72763,K. Pork Bowl,Entree,2,₱595.00,"₱1,190.00"
72767,Under the Summer Sun,Cocktail,1,₱335.00,₱335.00
72767,Red Sangria,Cocktail,1,₱345.00,₱345.00
72767,Sausage Angel,Appetizer,2,₱325.00,₱650.00
72768,Sisig Rice Bowl,Entree,1,₱415.00,₱415.00
72768,Negra,Beer,1,₱0.00,₱0.00
72769,Tokwat Porky Pig,Entree,1,₱395.00,₱395.00
72769,War Heads,Cocktail,2,₱355.00,₱710.00
72769,Thai Shrimp,Entree,1,₱425.00,₱425.00
72771,Tailgate Ribs,Entree,1,₱595.00,₱595.00
72771,Free Chicharon,Promos & Freebies,2,₱0.00,₱0.00
72771,Yolo,Shake,1,₱255.00,₱255.00
72773,Simple Affogato,Coffee,1,₱245.00,₱245.00
72773,Coke Regular,Drinks,2,₱125.00,₱250.00
72773,Oxtail Soup,Soup,1,₱795.00,₱795.00
72773,Chicken Parm,Entree,1,₱495.00,₱495.00
72773,Free Pudding,Promos & Freebies,2,₱0.00,₱0.00
72821,Happy Hour 595+,Promos & Freebies,2,₱665.00,"₱1,330.00"
72821,Mac & Cheese,Pasta,1,₱445.00,₱445.00
72821,Spanish Latte,Coffee,1,₱195.00,₱195.00
72823,C3,Drinks,2,₱245.00,₱490.00
72823,Seafood Chowda,Soup,2,₱365.00,₱730.00
72826,Xtra Scoop Ice Cream,Dessert,2,₱65.00,₱130.00
72826,Plain Rice,Add-ons,2,₱65.00,₱130.00
72826,Cajun Pasta,Pasta,1,₱425.00,₱425.00
72826,Lychee Shake,Shake,2,₱225.00,₱450.00
72826,Fish Taco,Appetizer,2,₱395.00,₱790.00
72828,Caramel Macchiato,Coffee,1,₱0.00,₱0.00
72828,Honey Lemon J,Drinks,1,₱135.00,₱135.00
72828,Baletea Freeze,Cocktail,1,₱365.00,₱365.00
72828,Seafood Chowda,Soup,1,₱365.00,₱365.00
72828,Warm Poke Bowl,Entree,2,₱625.00,"₱1,250.00"
72830,Platter Plain Rice,Side Dish,2,₱295.00,₱590.00
72830,San Mig Light,Beer,2,₱0.00,₱0.00
72832,Chicken & Waffles,Entree,2,₱425.00,₱850.00
72832,Free Pudding,Promos & Freebies,2,₱0.00,₱0.00
72832,Chicken Rice,Entree,2,₱405.00,₱810.00
72832,Chicken Parm,Entree,1,₱495.00,₱495.00
72835,Warm Poke Bowl,Entree,1,₱625.00,₱625.00
72835,Shrimp & Chips,Appetizer,2,₱415.00,₱830.00
72837,Hazelnut Macchiato,Coffee,1,₱205.00,₱205.00
72837,Grilled Tuna,Entree,2,₱395.00,₱790.00
72837,Strawberry Matcha Frappe,Frappe,2,₱285.00,₱570.00
72838,Fish Be With U,Entree,2,₱795.00,"₱1,590.00"
72838,Honey Lemon J,Drinks,1,₱135.00,₱135.00
72841,Bucket Light,Beer,1,₱650.00,₱650.00
72841,Warm Poke Bowl,Entree,1,₱625.00,₱625.00
72841,Sausage Diablo,Appetizer,2,₱360.00,₱720.00
72841,Mango Shake,Shake,1,₱225.00,₱225.00
72843,Butter Toast,Side Dish,1,₱45.00,₱45.00
72843,Cappuccino,Coffee,1,₱185.00,₱185.00
72843,Bottled Water,Drinks,2,₱65.00,₱130.00
72843,Strawberry Matcha Latte,Coffee,1,₱245.00,₱245.00
72844,San Mig Pilsen,Beer,2,₱120.00,₱240.00
72844,Bread Pudding,Dessert,1,₱215.00,₱215.00
72846,Hazelnut Macchiato,Coffee,2,₱205.00,₱410.00
72846,Jim Beam Whiskey,Hard Liquor,1,"₱2,600.00","₱2,600.00"
72846,Yolo,Shake,2,₱255.00,₱510.00
72849,Warm Poke Bowl,Entree,2,₱625.00,"₱1,250.00"
72849,Murica,Coffee,2,₱150.00,₱300.00
72852,Free Pudding,Promos & Freebies,1,₱0.00,₱0.00
72852,Beef and Shrimp Salpicao,Entree,1,₱895.00,₱895.00
72852,Egg,Add-ons,2,₱40.00,₱80.00
72852,Glass Bulera,Cocktail,1,₱115.00,₱115.00
72854,Gold Fashioned,Cocktail,1,₱290.00,₱290.00
72854,Merk TT,Others,1,₱345.00,₱345.00
72856,Merk TT,Others,2,₱345.00,₱690.00
72856,Chicken Rice,Entree,2,₱405.00,₱810.00
72858,Honey-Sriracha Chicken,Salad,1,₱375.00,₱375.00
72858,Bucket Superdry,Beer,1,₱750.00,₱750.00
72858,Truffle Shuffle,Pasta,2,₱435.00,₱870.00
72861,Happy Hour 595+,Promos & Freebies,2,₱665.00,"₱1,330.00"
72861,Mango Shake,Shake,2,₱240.00,₱480.00
72861,Seafood Chowda,Soup,2,₱365.00,₱730.00
72863,Container,Packaging,1,₱10.00,₱10.00
72863,Schweppes Soda Water,Drinks,1,₱105.00,₱105.00
72867,Pink Margarita,Cocktail,1,₱0.00,₱0.00
72867,San Mig Pilsen,Beer,1,₱0.00,₱0.00
72867,Hazelnut Macchiato,Coffee,1,₱205.00,₱205.00
72867,Warm Poke Bowl,Entree,1,₱625.00,₱625.00
72868,Mango Shake,Shake,1,₱180.00,₱180.00
72868,Dirty Matcha,Coffee,1,₱225.00,₱225.00
72870,San Mig Light,Beer,2,₱0.00,₱0.00
72870,Corned Beef Plate,Breakfast,2,₱199.00,₱398.00
72870,Lychee Shake,Shake,1,₱225.00,₱225.00
72870,Baletea Freeze,Cocktail,1,₱365.00,₱365.00
72871,Pitcher Classic Mojito,Cocktail,1,₱650.00,₱650.00
72871,Rootbeer Float Rated G,Drinks,1,₱225.00,₱225.00
72871,Coke Zero,Drinks,1,₱105.00,₱105.00
72871,Salis Curry Steak,Entree,2,₱425.00,₱850.00
72874,Bucket Assorted,Beer,2,₱750.00,"₱1,500.00"
72874,K3,Others,2,₱245.00,₱490.00
72874,Free Chicharon,Promos & Freebies,1,₱0.00,₱0.00
72877,Bucket Cerveza Negra,Beer,2,₱750.00,"₱1,500.00"
72877,Matcha Frappe,Frappe,1,₱255.00,₱255.00
72877,Bucket Light,Beer,1,₱650.00,₱650.00
72881,Simple Affogato,Coffee,1,₱245.00,₱245.00
72881,Bucket Pilsen,Beer,1,₱600.00,₱600.00
72881,Strawberry Lychee Shake,Shake,1,₱255.00,₱255.00
72881,Spanish Latte,Coffee,2,₱195.00,₱390.00
72883,Beer Caramel,Beer,1,₱235.00,₱235.00
72883,Latte,Coffee,1,₱185.00,₱185.00
72883,Strawberry Basil Mojito,Cocktail,1,₱0.00,₱0.00
72884,Banana Peanut Butter,Frappe,2,₱275.00,₱550.00
72884,Grilled Tuna,Entree,1,₱395.00,₱395.00
72886,Cocoa Wonka,Drinks,1,₱245.00,₱245.00
72886,Free Pudding,Promos & Freebies,2,₱0.00,₱0.00
72886,Salmon Rice,Entree,1,₱665.00,₱665.00
72886,Tailgate Ribs,Entree,1,₱595.00,₱595.00
72889,Green Mango Shake,Shake,1,₱225.00,₱225.00
72889,Tokwat Porky Pig,Entree,2,₱395.00,₱790.00
72891,Free Chicharon,Promos & Freebies,2,₱0.00,₱0.00
72891,San Mig Light,Beer,1,₱0.00,₱0.00
72891,Seafood Pesto,Pasta,2,₱495.00,₱990.00
72893,Egg,Add-ons,1,₱40.00,₱40.00
72893,Warm Poke Bowl,Entree,2,₱625.00,"₱1,250.00"
72893,K. Beef Bowl,Entree,2,₱895.00,"₱1,790.00"
72897,Plain Rice,Add-ons,2,₱65.00,₱130.00
72897,Truffle Shuffle,Pasta,2,₱435.00,₱870.00
72897,Glass Bulera,Cocktail,1,₱115.00,₱115.00
72897,Sausage Diablo,Appetizer,1,₱325.00,₱325.00
72901,San Mig Pilsen,Beer,1,₱120.00,₱120.00
72901,Pixiedust,Cocktail,2,₱0.00,₱0.00
72901,SOP,Pizza,1,₱425.00,₱425.00
72901,Salmon Rice,Entree,2,₱665.00,"₱1,330.00"
72901,Truffle Pasta,Pasta,1,₱435.00,₱435.00
72903,Beer Peach,Beer,2,₱0.00,₱0.00
72903,Baletea,Tea,1,₱205.00,₱205.00
72903,Salis Curry Steak,Entree,2,₱425.00,₱850.00
72903,Fries,Side Dish,1,₱95.00,₱95.00
72906,Amaretto Sour,Cocktail,2,₱285.00,₱570.00
72906,K. Beef Bowl,Entree,2,₱895.00,"₱1,790.00"
72906,Sausage Diablo,Appetizer,2,₱325.00,₱650.00
72906,Rootbeer Float Rated G,Drinks,2,₱225.00,₱450.00
72909,Lychee Shake,Shake,2,₱225.00,₱450.00
72909,Chix Ball Ala Carte,Appetizer,1,₱95.00,₱95.00
72909,Creme Brulee,Dessert,1,₱245.00,₱245.00
72911,Free Chicharon,Promos & Freebies,1,₱0.00,₱0.00
72911,Garlic Rice,Add-ons,2,₱95.00,₱190.00
72911,Bucket Cerveza Negra,Beer,2,₱750.00,"₱1,500.00"
72911,Kiss of Death,Cocktail,2,₱550.00,"₱1,100.00"
72914,K. Beef Bowl,Entree,1,₱895.00,₱895.00
72914,Sausage Diablo,Appetizer,1,₱325.00,₱325.00
72914,Eyogi Tea,Tea,1,₱125.00,₱125.00
72914,Fries,Side Dish,1,₱95.00,₱95.00
72914,Under the Summer Sun,Cocktail,1,₱335.00,₱335.00
72916,Bunwich Ala UTB,Burger/Wrap & More,2,₱375.00,₱750.00
72916,Glass Bulera,Cocktail,2,₱115.00,₱230.00
72919,Gold Fashioned,Cocktail,1,₱290.00,₱290.00
72919,Bone-In Porkchop,Entree,2,"₱1,095.00","₱2,190.00"
72919,Chicken in a Basket,Appetizer,2,₱395.00,₱790.00
72919,Batwan Beef Stew,Entree,2,₱725.00,"₱1,450.00"
72923,SOP,Pizza,2,₱425.00,₱850.00
72923,Honey-Sriracha Chicken,Salad,1,₱375.00,₱375.00
72923,Caramel Macchiato,Coffee,2,₱195.00,₱390.00
72923,Caesar,Salad,1,₱365.00,₱365.00
72925,Vodka Sunrise,Cocktail,1,₱305.00,₱305.00
72925,Mango Shake,Shake,2,₱225.00,₱450.00
72928,Viet Coffee,Coffee,1,₱195.00,₱195.00
72928,Strawberry Matcha Latte,Coffee,1,₱245.00,₱245.00
72928,Ginger Ale,Beer,1,₱115.00,₱115.00
72928,Negra,Beer,1,₱0.00,₱0.00
72932,Chicken Rice,Entree,1,₱405.00,₱405.00
72932,Murica,Coffee,1,₱150.00,₱150.00
72932,Dirty Matcha,Coffee,1,₱225.00,₱225.00
72933,SOP,Pizza,2,₱425.00,₱850.00
72933,Garlic Rice,Add-ons,1,₱95.00,₱95.00
72935,Honey Lemon J,Drinks,2,₱135.00,₱270.00
72935,UT-Pork Bowl,Entree,2,₱595.00,"₱1,190.00"
72937,Trash Can,Dessert,2,₱395.00,₱790.00
72937,Chicken in a Basket,Appetizer,1,₱395.00,₱395.00
72937,Dark Choco Chip Frappe,Frappe,2,₱285.00,₱570.00
72941,Chicken & Waffles,Entree,1,₱425.00,₱425.00
72941,Seafood Chowda,Soup,1,₱365.00,₱365.00
72941,Latte,Coffee,1,₱185.00,₱185.00
72943,Salis Curry Steak,Entree,1,₱425.00,₱425.00
72943,Rootbeer Float Rated G,Drinks,1,₱225.00,₱225.00
72943,San Mig Light,Beer,1,₱0.00,₱0.00
72946,Free Chicharon,Promos & Freebies,2,₱0.00,₱0.00
72946,Pinoy Charcuterie,Appetizer,2,₱495.00,₱990.00
72946,Murica,Burger/Wrap & More,2,₱150.00,₱300.00
72946,Jim Beam Whiskey,Hard Liquor,2,"₱2,600.00","₱5,200.00"
72946,Yolo,Shake,1,₱255.00,₱255.00
72948,Plain Rice,Add-ons,1,₱65.00,₱65.00
72948,Squash Soup,Soup,2,₱315.00,₱630.00
72948,Truffle Parmesan Fries,Appetizer,1,₱325.00,₱325.00
72948,Free Chicharon,Promos & Freebies,2,₱0.00,₱0.00
72948,Bunwich Ala UTB,Burger/Wrap & More,1,₱375.00,₱375.00
72951,K. Pork Bowl,Entree,1,₱595.00,₱595.00
72951,C3,Drinks,2,₱245.00,₱490.00
72954,Takoyaki,Appetizer,2,₱345.00,₱690.00
72954,San Mig Pilsen,Beer,1,₱0.00,₱0.00
72955,Sausage Angel,Appetizer,1,₱325.00,₱325.00
72955,Johnnie Walker Black S,Hard Liquor,2,₱195.00,₱390.00
72955,Mango Shake,Shake,2,₱195.00,₱390.00
72955,UT-Pork Bowl,Entree,1,₱595.00,₱595.00
72959,Coke Regular,Drinks,2,₱45.00,₱90.00
72959,Truffle Pasta,Pasta,2,₱435.00,₱870.00
72959,Kikiam Ala Carte,Appetizer,2,₱85.00,₱170.00
72962,Bucket Pilsen,Beer,1,₱600.00,₱600.00
72962,Dynamite Ala Carte,Appetizer,1,₱155.00,₱155.00
72962,Murica,Coffee,1,₱150.00,₱150.00
72962,Strawberry Lychee Shake,Shake,2,₱255.00,₱510.00
72962,Container,Packaging,1,₱10.00,₱10.00
72964,Butter Toast,Side Dish,2,₱45.00,₱90.00
72964,Truffle Parmesan Fries,Appetizer,1,₱325.00,₱325.00
72964,Cajun Pasta,Pasta,1,₱425.00,₱425.00
72966,Matchalicious,Matcha,2,₱255.00,₱510.00
72966,Caesar,Salad,1,₱365.00,₱365.00
72966,Baletea,Tea,2,₱130.00,₱260.00
72966,San Mig Pilsen,Beer,2,₱120.00,₱240.00
72968,Rootbeer Float,Drinks,1,₱225.00,₱225.00
72968,Bucket Pilsen,Beer,1,₱600.00,₱600.00
72969,Beef and Shrimp Salpicao,Entree,1,₱895.00,₱895.00
72969,Garlic Rice,Add-ons,1,₱95.00,₱95.00
72971,Creme Brulee,Dessert,1,₱245.00,₱245.00
72971,Truffle Parmesan Fries,Appetizer,2,₱325.00,₱650.00
72971,Cerveza Negra,Beer,2,₱150.00,₱300.00
72971,Free Pudding,Promos & Freebies,1,₱0.00,₱0.00
72973,Chicken in a Basket,Appetizer,1,₱395.00,₱395.00
72973,Mango Shake,Shake,2,₱145.00,₱290.00
72973,Dark Choco Chip Frappe,Frappe,1,₱285.00,₱285.00
72975,Dirty Matcha,Coffee,1,₱225.00,₱225.00
72975,Beef Salpicao,Entree,1,₱545.00,₱545.00
72975,Batwan Beef Stew,Entree,2,₱725.00,"₱1,450.00"
72975,K. Pork Bowl,Entree,2,₱595.00,"₱1,190.00"
72975,Chicken Parm,Entree,2,₱495.00,₱990.00
72979,Banana Peanut Butter,Frappe,1,₱275.00,₱275.00
72979,Beef and Shrimp Salpicao,Entree,1,₱895.00,₱895.00
72979,Pitcher Red Sangria,Cocktail,1,₱650.00,₱650.00
72979,Chicken Parm,Entree,2,₱495.00,₱990.00
72980,Salis Curry Steak,Entree,2,₱425.00,₱850.00
72980,Sisig Rice Bowl,Entree,1,₱415.00,₱415.00
72980,Free Pudding,Promos & Freebies,1,₱0.00,₱0.00
72980,Sausage Diablo,Appetizer,1,₱325.00,₱325.00
72984,Salis Curry Steak,Entree,1,₱425.00,₱425.00
72984,Johnnie Walker Black S,Hard Liquor,1,₱195.00,₱195.00
72984,Classic Mojito,Cocktail,2,₱295.00,₱590.00
72984,Seafood Pesto,Pasta,1,₱495.00,₱495.00
72986,Rootbeer Float Rated G,Drinks,1,₱225.00,₱225.00
72986,San Mig Pilsen,Beer,2,₱120.00,₱240.00
72986,Creme Brulee,Dessert,1,₱245.00,₱245.00
72986,Chicken in a Basket,Appetizer,1,₱395.00,₱395.00
72988,Eves Apple,Mocktails,1,₱295.00,₱295.00
72988,Mango Shake,Shake,1,₱295.00,₱295.00
72988,Bottled Water,Drinks,1,₱65.00,₱65.00
72992,Strawberry Lychee Shake,Shake,2,₱255.00,₱510.00
72992,Chicken & Waffles,Entree,1,₱425.00,₱425.00
72992,Chicken Rice,Entree,1,₱405.00,₱405.00
72992,Batwan Beef Stew,Entree,1,₱725.00,₱725.00
72994,Beef Salpicao,Entree,1,₱545.00,₱545.00
72994,Creme Brulee,Dessert,2,₱245.00,₱490.00
72994,Boozy Affogato,Boozy Coffee,2,₱375.00,₱750.00
72996,Asian Chicken,Salad,2,₱365.00,₱730.00
72996,Boozy Affogato,Boozy Coffee,2,₱375.00,₱750.00
72999,Rootbeer Float Rated G,Drinks,1,₱225.00,₱225.00
72999,Salmon Rice,Entree,1,₱665.00,₱665.00
73002,Warm Poke Bowl,Entree,1,₱625.00,₱625.00
73002,Corned Beef Plate,Breakfast,2,₱199.00,₱398.00
73002,Asian Chicken,Salad,1,₱365.00,₱365.00
73002,Baletea,Tea,1,₱615.00,₱615.00
73006,Cerveza Negra,Beer,2,₱150.00,₱300.00
73006,Salted Caramel Frappe,Frappe,2,₱255.00,₱510.00
73006,Tapsi & More,Entree,2,₱425.00,₱850.00
73006,Chicken Parm,Entree,2,₱495.00,₱990.00
73006,Seafood Pesto,Pasta,1,₱495.00,₱495.00
73010,Fries,Side Dish,1,₱95.00,₱95.00
73010,Strawberry Lychee Shake,Shake,2,₱255.00,₱510.00
73010,Truffle Parmesan Fries,Appetizer,1,₱325.00,₱325.00
73010,Chixsig Nachos,Appetizer,2,₱395.00,₱790.00
73010,C3,Drinks,1,₱245.00,₱245.00
73013,Hazelnut Macchiato,Coffee,1,₱205.00,₱205.00
73013,Salis Curry Steak,Entree,2,₱425.00,₱850.00
73013,Spanish Latte,Coffee,1,₱195.00,₱195.00
73013,Chicken & Waffles,Entree,2,₱425.00,₱850.00
73013,Chicken Rice,Entree,2,₱405.00,₱810.00
73015,Grilled Tuna,Entree,1,₱395.00,₱395.00
73015,Yolo,Shake,1,₱255.00,₱255.00
73015,Truffle Parmesan Fries,Appetizer,2,₱325.00,₱650.00
73015,Truffle Parmesan Fries,Appetizer,2,₱325.00,₱650.00
73015,Trash Can,Cocktail,1,₱395.00,₱395.00
73018,Fries,Side Dish,2,₱95.00,₱190.00
73018,Fries,Side Dish,2,₱95.00,₱190.00
73022,Baletea Freeze,Cocktail,2,₱365.00,₱730.00
73022,Murica,Coffee,2,₱150.00,₱300.00
73022,Tapsi & More,Entree,2,₱425.00,₱850.00
73022,Green Mango Shake,Shake,2,₱225.00,₱450.00
73022,Cerveza Negra,Beer,1,₱150.00,₱150.00
73024,Latte,Coffee,1,₱205.00,₱205.00
73024,Mango Tapioca,Dessert,1,₱245.00,₱245.00
73024,Container,Packaging,1,₱10.00,₱10.00
73024,Murica,Entree,1,₱150.00,₱150.00
73026,Fish Taco,Appetizer,1,₱395.00,₱395.00
73026,Tailgate Ribs,Entree,1,₱595.00,₱595.00
73026,San Mig Light,Beer,1,₱130.00,₱130.00
73026,Murica,Coffee,2,₱150.00,₱300.00
73028,Pink Margarita,Cocktail,2,₱0.00,₱0.00
73028,Boozy Affogato,Boozy Coffee,1,₱375.00,₱375.00
73028,Caesar,Salad,1,₱365.00,₱365.00
73028,Cerveza Negra,Beer,2,₱150.00,₱300.00
73031,Tropical White Lady,Mocktails,1,₱355.00,₱355.00
73031,Cold Water,Drinks,1,₱65.00,₱65.00
73031,Beef Salpicao,Entree,1,₱545.00,₱545.00
73033,Sausage Diablo,Appetizer,1,₱360.00,₱360.00
73033,Tapsi & More,Entree,1,₱425.00,₱425.00
73033,Sausage Diablo,Appetizer,2,₱325.00,₱650.00
73033,Pinoy Charcuterie,Appetizer,2,₱495.00,₱990.00
73033,Chicken Parm,Entree,1,₱495.00,₱495.00
73082,Squash Soup,Soup,1,₱315.00,₱315.00
73082,Trash Can,Cocktail,2,₱395.00,₱790.00
73082,Mac & Cheese,Pasta,2,₱445.00,₱890.00
73082,Salis Curry Steak,Entree,1,₱425.00,₱425.00
73085,Pinoy Charcuterie,Appetizer,1,₱495.00,₱495.00
73085,Coke Zero,Drinks,1,₱105.00,₱105.00
73085,Matcha Frappe,Frappe,1,₱255.00,₱255.00
73086,San Mig Light,Beer,2,₱130.00,₱260.00
73086,Container,Packaging,1,₱10.00,₱10.00
73086,Gold Fashioned,Cocktail,1,₱290.00,₱290.00
73086,K. Pork Bowl,Entree,1,₱585.00,₱585.00
73086,Bellagio Mochaccino,Coffee,1,₱225.00,₱225.00
73090,San Mig Super Dry,Beer,2,₱150.00,₱300.00
73090,Trash Can,Dessert,1,₱395.00,₱395.00
73090,Banana Peanut Butter,Frappe,2,₱275.00,₱550.00
73090,Sisig Rice Bowl,Entree,1,₱415.00,₱415.00
73090,Kawali Bowl,Entree,1,₱199.00,₱199.00
73091,Coke Zero,Drinks,2,₱30.00,₱60.00
73091,San Mig Light,Beer,2,₱0.00,₱0.00
73091,San Mig Pilsen,Beer,2,₱90.00,₱180.00
73093,Beef and Shrimp Salpicao,Entree,1,₱895.00,₱895.00
73093,San Mig Light,Beer,2,₱0.00,₱0.00
73094,Lychee Shake,Shake,2,₱225.00,₱450.00
73094,San Mig Light,Beer,2,₱130.00,₱260.00
73095,Salis Curry Steak,Entree,2,₱425.00,₱850.00
73095,K. Beef Bowl,Entree,1,₱895.00,₱895.00
73095,Beef and Shrimp Salpicao,Entree,2,₱895.00,"₱1,790.00"
73095,San Mig Pilsen,Beer,2,₱0.00,₱0.00
73097,Salis Curry Steak,Entree,1,₱425.00,₱425.00
73097,Yolo,Shake,2,₱255.00,₱510.00
73098,SOP,Pizza,1,₱425.00,₱425.00
73098,Free Pudding,Promos & Freebies,1,₱0.00,₱0.00
73100,Fishball Ala Carte,Appetizer,2,₱75.00,₱150.00
73100,Matcha Frappe,Frappe,1,₱255.00,₱255.00
73102,San Mig Pilsen,Beer,2,₱120.00,₱240.00
73102,Negra,Beer,1,₱0.00,₱0.00
73102,Batwan Beef Stew,Entree,2,₱725.00,"₱1,450.00"
73102,Chicken in a Basket,Appetizer,2,₱395.00,₱790.00
73103,SOP,Pizza,2,₱425.00,₱850.00
73103,C3,Drinks,1,₱245.00,₱245.00
73104,Strawberry Latte,Coffee,1,₱215.00,₱215.00
73104,Bellagio Mochaccino,Coffee,1,₱225.00,₱225.00
73108,Cerveza Negra,Beer,2,₱150.00,₱300.00
73108,Free Pudding,Promos & Freebies,1,₱0.00,₱0.00
73111,Butter Toast,Side Dish,2,₱45.00,₱90.00
73111,Superdry,Beer,1,₱0.00,₱0.00
73113,Cold Water,Drinks,1,₱65.00,₱65.00
73113,Jim Beam Whiskey,Hard Liquor,1,"₱2,600.00","₱2,600.00"
73113,Free Pudding,Promos & Freebies,2,₱0.00,₱0.00
73114,Pixiedust,Cocktail,1,₱0.00,₱0.00
73114,Superdry,Beer,2,₱0.00,₱0.00
73116,C3,Drinks,2,₱245.00,₱490.00
73116,Plain Rice,Add-ons,2,₱65.00,₱130.00
73116,Schweppes Soda Water,Drinks,2,₱105.00,₱210.00
73116,Sisig Rice Bowl,Entree,2,₱345.00,₱690.00
73118,San Mig Light,Beer,1,₱130.00,₱130.00
73118,Fish Taco,Appetizer,1,₱395.00,₱395.00
73118,Pink Margarita,Cocktail,1,₱325.00,₱325.00
73120,Boozy Affogato,Boozy Coffee,1,₱375.00,₱375.00
73120,SOP,Pizza,2,₱425.00,₱850.00
73120,Mountain Dew,Drinks,2,₱105.00,₱210.00
73120,Johnnie Walker Black,Hard Liquor,2,₱195.00,₱390.00
73121,San Mig Super Dry,Beer,1,₱150.00,₱150.00
73121,Bottled Water,Drinks,1,₱65.00,₱65.00
73121,Pitcher Red Sangria,Cocktail,2,₱650.00,"₱1,300.00"
73121,Free Pudding,Promos & Freebies,2,₱0.00,₱0.00
73121,Seafood Chowda,Soup,1,₱365.00,₱365.00
73123,Chicken in a Basket,Appetizer,1,₱395.00,₱395.00
73123,Gold Fashioned,Cocktail,2,₱290.00,₱580.00
73123,T.O. Container,Packaging,1,₱20.00,₱20.00
73125,Truffle Pasta,Pasta,2,₱435.00,₱870.00
73125,Mango Shake,Shake,2,₱295.00,₱590.00
73129,Mango Tapioca,Dessert,2,₱245.00,₱490.00
73129,Chicken Parm,Entree,1,₱550.00,₱550.00
73129,Lychee Berry Margarita,Cocktail,1,₱355.00,₱355.00
73129,Bucket Pilsen,Beer,2,₱600.00,"₱1,200.00"
73131,Platter Garlic Rice,Side Dish,2,₱395.00,₱790.00
73131,San Mig Light,Beer,1,₱130.00,₱130.00
73131,Balete Salpicao,Entree,2,₱545.00,"₱1,090.00"
73134,Plain Rice,Add-ons,1,₱65.00,₱65.00
73134,Vegetable Arrabbiata,Pasta,1,₱415.00,₱415.00
73138,Matcha Frappe,Frappe,2,₱255.00,₱510.00
73138,Tokwat Porky Pig,Entree,2,₱395.00,₱790.00
73138,Pink Margarita,Cocktail,2,₱0.00,₱0.00
73138,San Mig Pilsen,Beer,2,₱0.00,₱0.00
73138,Bottled Water,Drinks,1,₱65.00,₱65.00
73140,Squash Soup,Soup,1,₱315.00,₱315.00
73140,Chicken Caesar Wrap,Burger/Wrap & More,1,₱425.00,₱425.00
73140,San Mig Super Dry,Beer,2,₱150.00,₱300.00
73140,Beef Salpicao,Entree,2,₱545.00,"₱1,090.00"
73140,San Mig Light,Beer,1,₱0.00,₱0.00
73141,Baletea,Tea,2,₱205.00,₱410.00
73141,Beef and Shrimp Salpicao,Entree,1,₱895.00,₱895.00
73141,Shrimp Po Boy,Burger/Wrap & More,1,₱455.00,₱455.00
73141,Cajun Pasta,Pasta,2,₱425.00,₱850.00
73141,Bunwich Ala UTB,Burger/Wrap & More,2,₱375.00,₱750.00
73145,War Heads,Cocktail,1,₱355.00,₱355.00
73145,Caramel Macchiato,Coffee,2,₱0.00,₱0.00
73146,Garlic Rice,Add-ons,2,₱95.00,₱190.00
73146,Tequila Sunrise,Cocktail,1,₱0.00,₱0.00
73148,Negra,Beer,2,₱0.00,₱0.00
73148,Pitcher Classic Mojito,Cocktail,1,₱650.00,₱650.00
73148,Matcha Frappe,Frappe,2,₱255.00,₱510.00
73148,Garlic Rice,Add-ons,1,₱95.00,₱95.00
73152,Tapsi & More,Entree,2,₱425.00,₱850.00
73152,Creme Brulee,Dessert,1,₱245.00,₱245.00
73154,Beef and Shrimp Salpicao,Entree,2,₱895.00,"₱1,790.00"
73154,Platter Garlic Rice,Side Dish,2,₱395.00,₱790.00
73154,Free Pudding,Promos & Freebies,2,₱0.00,₱0.00
73156,Tapsi & More,Entree,1,₱425.00,₱425.00
73156,Tokwat Porky Pig,Appetizer,1,₱395.00,₱395.00
73156,Cerveza Negra,Beer,2,₱150.00,₱300.00
73156,Tailgate Ribs,Entree,1,₱595.00,₱595.00
73158,Coke Regular,Drinks,2,₱105.00,₱210.00
73158,Beer Caramel,Beer,1,₱235.00,₱235.00
73158,K. Beef Bowl,Entree,1,₱895.00,₱895.00
73158,Lychee Mojito,Cocktail,2,₱355.00,₱710.00
73158,K. Pork Bowl,Entree,2,₱595.00,"₱1,190.00"
73160,Bottled Water,Drinks,2,₱65.00,₱130.00
73160,Chicken Rice,Entree,2,₱405.00,₱810.00
73163,Shrimp & Chips,Appetizer,1,₱415.00,₱415.00
73163,K. Pork Bowl,Entree,2,₱595.00,"₱1,190.00"
73164,Spanish Latte,Coffee,1,₱195.00,₱195.00
73164,Dynamite Ala Carte,Appetizer,2,₱155.00,₱310.00
73164,Bucket Light,Beer,2,₱650.00,"₱1,300.00"
73164,Matcha Frappe,Frappe,2,₱255.00,₱510.00
73166,Thai Shrimp,Entree,1,₱425.00,₱425.00
73166,Bunwich Ala UTB,Burger/Wrap & More,1,₱375.00,₱375.00
73166,Salis Curry Steak,Entree,2,₱425.00,₱850.00
73170,Free Pudding,Promos & Freebies,2,₱0.00,₱0.00
73170,Corned Beef Plate,Breakfast,1,₱199.00,₱199.00
73170,Chicken Parm,Entree,1,₱495.00,₱495.00
73170,Truffle Parmesan Fries,Appetizer,1,₱325.00,₱325.00
73170,Hazelnut Macchiato,Coffee,1,₱205.00,₱205.00
73174,Salted Caramel Frappe,Frappe,1,₱255.00,₱255.00
73174,Eves Apple,Mocktails,1,₱295.00,₱295.00
73176,Seafood Chowda,Soup,1,₱365.00,₱365.00
73176,Murica,Coffee,2,₱150.00,₱300.00
73176,Strawberry Lychee Shake,Shake,2,₱255.00,₱510.00
73176,Lychee Berry Margarita,Cocktail,2,₱355.00,₱710.00
73176,Boozy Affogato,Boozy Coffee,1,₱375.00,₱375.00
73178,Chicken Rice,Entree,2,₱405.00,₱810.00
73178,Chicken Caesar Wrap,Burger/Wrap & More,2,₱425.00,₱850.00
73179,Matcha Holic,Matcha,1,₱355.00,₱355.00
73179,Chixsig Nachos,Appetizer,1,₱395.00,₱395.00
73179,Trash Can,Entree,2,₱395.00,₱790.00
73179,Chixsig Nachos,Appetizer,1,₱395.00,₱395.00
73179,Baletea,Tea,2,₱615.00,"₱1,230.00"
73181,San Mig Pilsen,Beer,2,₱120.00,₱240.00
73181,Strawberry Lychee Shake,Shake,1,₱255.00,₱255.00
73181,K. Beef Bowl,Entree,2,₱895.00,"₱1,790.00"
73181,Batwan Beef Stew,Entree,1,₱725.00,₱725.00
73181,Bone-In Porkchop,Entree,2,"₱1,095.00","₱2,190.00"
73183,Bucket Pilsen,Beer,2,₱600.00,"₱1,200.00"
73183,San Mig Pilsen,Beer,1,₱120.00,₱120.00
73183,Salis Curry Steak,Entree,1,₱425.00,₱425.00
73183,Matchaholic,Matcha,1,₱0.00,₱0.00
73186,Pinoy Charcuterie,Appetizer,1,₱495.00,₱495.00
73186,Tapsi & More,Entree,2,₱425.00,₱850.00
73188,Shrimp & Chips,Appetizer,1,₱415.00,₱415.00
73188,Coke Regular,Drinks,1,₱125.00,₱125.00
73188,Lychee Shake,Shake,1,₱225.00,₱225.00
73188,Rum & Coke,Cocktail,1,₱225.00,₱225.00
73189,Coke Zero,Drinks,1,₱105.00,₱105.00
73189,Chicken Parm,Entree,2,₱550.00,"₱1,100.00"
73189,Marrow Brulee,Dessert,1,₱365.00,₱365.00
73189,San Mig Pilsen,Beer,2,₱120.00,₱240.00
73189,Sisig Rice Bowl,Entree,2,₱415.00,₱830.00
73193,Asian Chicken,Salad,2,₱365.00,₱730.00
73193,Truffle Parmesan Fries,Appetizer,2,₱325.00,₱650.00
73193,Latte,Coffee,1,₱205.00,₱205.00
73195,San Mig Light,Beer,1,₱130.00,₱130.00
73195,Seafood Pesto,Pasta,2,₱495.00,₱990.00
73195,Bellagio Mochaccino,Coffee,2,₱225.00,₱450.00
73195,K. Pork Bowl,Entree,1,₱595.00,₱595.00
73197,Salis Curry Steak,Entree,2,₱425.00,₱850.00
73197,Chicken Parm,Entree,1,₱495.00,₱495.00
73197,Chixsig Nachos,Appetizer,2,₱395.00,₱790.00
73201,Viet Coffee,Coffee,2,₱145.00,₱290.00
73201,Rootbeer Float,Drinks,1,₱225.00,₱225.00
73201,Yolo,Shake,1,₱20.00,₱20.00
73201,Pink Margarita,Cocktail,2,₱325.00,₱650.00
73201,Salis Curry Steak,Entree,2,₱425.00,₱850.00
73204,Bucket Pilsen,Beer,2,₱600.00,"₱1,200.00"
73204,Container,Packaging,2,₱10.00,₱20.00
73204,SOP,Pizza,1,₱425.00,₱425.00
73206,Truffle Pasta,Pasta,2,₱435.00,₱870.00
73206,Butter Toast,Side Dish,1,₱45.00,₱45.00
73206,Squash Soup,Soup,2,₱315.00,₱630.00
73208,San Mig Pilsen,Beer,1,₱90.00,₱90.00
73208,Green Mango Shake,Shake,1,₱225.00,₱225.00
73209,Garlic Rice,Add-ons,1,₱95.00,₱95.00
73209,Caramel Macchiato,Coffee,1,₱0.00,₱0.00
73209,Salmon Rice,Entree,2,₱665.00,"₱1,330.00"
73209,Cappuccino,Coffee,1,₱185.00,₱185.00
73210,Fries,Side Dish,1,₱95.00,₱95.00
73210,Mango Tapioca,Dessert,2,₱245.00,₱490.00
73210,Viet Coffee,Coffee,1,₱195.00,₱195.00
73210,BaleteHeat,Cocktail,1,₱0.00,₱0.00
73210,Chicken in a Basket,Appetizer,2,₱395.00,₱790.00
73211,Truffle Parmesan Fries,Appetizer,2,₱325.00,₱650.00
73211,Sip,Cocktail,1,₱425.00,₱425.00
73211,Simple Affogato,Coffee,1,₱245.00,₱245.00
73211,Yolo,Shake,2,₱255.00,₱510.00
73213,Truffle Parmesan Fries,Appetizer,2,₱325.00,₱650.00
73213,Fish Be With U,Entree,1,₱795.00,₱795.00
73217,Butter Toast,Side Dish,2,₱45.00,₱90.00
73217,San Mig Pilsen,Beer,1,₱0.00,₱0.00
73221,Green Mango Shake,Shake,2,₱275.00,₱550.00
73221,Free Pudding,Promos & Freebies,2,₱0.00,₱0.00
73221,Truffle Parmesan Fries,Appetizer,1,₱325.00,₱325.00
73221,Free Pudding,Promos & Freebies,1,₱0.00,₱0.00
73221,Cajun Pasta,Pasta,1,₱425.00,₱425.00
73222,Bucket Assorted,Beer,2,₱750.00,"₱1,500.00"
73222,Salis Curry Steak,Entree,2,₱425.00,₱850.00
73222,Takoyaki,Appetizer,1,₱345.00,₱345.00
73222,Pitcher Red Sangria,Cocktail,2,₱650.00,"₱1,300.00"
73222,Boozy Affogato,Boozy Coffee,1,₱375.00,₱375.00
73224,Batwan Beef Stew,Entree,2,₱725.00,"₱1,450.00"
73224,Dark Choco Chip Frappe,Frappe,1,₱285.00,₱285.00
73226,Tailgate Ribs,Entree,1,₱595.00,₱595.00
73226,Caesar,Salad,1,₱365.00,₱365.00
73227,Grilled Tuna,Entree,2,₱395.00,₱790.00
73227,Pitcher Red Sangria,Cocktail,2,₱650.00,"₱1,300.00"
73228,Gochujang Chicken Wrap,Burger/Wrap & More,1,₱470.00,₱470.00
73228,Fries,Side Dish,1,₱95.00,₱95.00
73230,Truffle Shuffle,Pasta,2,₱435.00,₱870.00
73230,Mango Shake,Shake,2,₱145.00,₱290.00
73230,Cerveza Negra,Beer,1,₱150.00,₱150.00
73232,Spanish Latte,Coffee,2,₱195.00,₱390.00
73232,Cold Water,Drinks,1,₱65.00,₱65.00
73232,Truffle Parmesan Fries,Appetizer,1,₱325.00,₱325.00
73232,Coke Regular,Drinks,2,₱105.00,₱210.00
73232,Chicken & Waffles,Entree,1,₱425.00,₱425.00
73236,K. Beef Bowl,Entree,2,₱895.00,"₱1,790.00"
73236,Free Pudding,Promos & Freebies,1,₱0.00,₱0.00
73236,UT-Pork Bowl,Entree,2,₱595.00,"₱1,190.00"
73236,Free Chicharon,Promos & Freebies,2,₱0.00,₱0.00
73236,Lychee Shake,Shake,2,₱225.00,₱450.00
73238,Sausage Diablo,Appetizer,1,₱325.00,₱325.00
73238,Hazelnut Macchiato,Coffee,2,₱205.00,₱410.00
73238,Classic Mojito,Cocktail,1,₱295.00,₱295.00
73238,Caramel Macchiato,Coffee,2,₱195.00,₱390.00
73238,Mac & Cheese,Pasta,1,₱445.00,₱445.00
73241,Free Pudding,Promos & Freebies,2,₱0.00,₱0.00
73241,Dirty Matcha,Coffee,1,₱225.00,₱225.00
73241,C3,Drinks,2,₱245.00,₱490.00
73241,Murica,Burger/Wrap & More,2,₱150.00,₱300.00
73242,Mac & Cheese,Pasta,1,₱445.00,₱445.00
73242,Chicken Parm,Entree,1,₱550.00,₱550.00
73242,Beer Caramel,Beer,2,₱235.00,₱470.00
73242,Baletea,Tea,1,₱245.00,₱245.00
73242,Tailgate Ribs,Entree,1,₱595.00,₱595.00
73244,San Mig Light,Beer,2,₱130.00,₱260.00
73244,Viet Coffee,Coffee,2,₱195.00,₱390.00
73244,Cerveza Negra,Beer,2,₱150.00,₱300.00
73245,Mango Shake,Shake,2,₱280.00,₱560.00
73245,Salis Curry Steak,Entree,2,₱425.00,₱850.00
73245,Chicken Parm,Entree,1,₱495.00,₱495.00
73248,Trash Can,Dessert,2,₱395.00,₱790.00
73248,Taco,Appetizer,1,₱345.00,₱345.00
73249,Sisig Rice Bowl,Entree,2,₱415.00,₱830.00
73249,Cold Water,Drinks,2,₱65.00,₱130.00
73250,Asian Chicken,Salad,2,₱365.00,₱730.00
73250,Murica,Coffee,1,₱150.00,₱150.00
73250,Green Mango Shake,Shake,1,₱225.00,₱225.00
73251,Sisig Rice Bowl,Entree,2,₱345.00,₱690.00
73251,Mango Shake,Shake,1,₱145.00,₱145.00
73251,Tailgate Ribs,Entree,2,₱595.00,"₱1,190.00"
73253,Sisig Rice Bowl,Entree,2,₱415.00,₱830.00
73253,Warm Poke Bowl,Entree,1,₱625.00,₱625.00
73253,Strawberry Matcha Latte,Coffee,1,₱245.00,₱245.00
73253,Gochujang Chicken Wrap,Burger/Wrap & More,2,₱470.00,₱940.00
73255,Ginger Ale,Beer,1,₱115.00,₱115.00
73255,Trash Can,Dessert,1,₱395.00,₱395.00
73255,Fish Taco,Appetizer,1,₱395.00,₱395.00
73255,Mango Shake,Shake,2,₱225.00,₱450.00
73255,Fries,Side Dish,1,₱95.00,₱95.00
73257,Bucket Assorted,Beer,1,₱750.00,₱750.00
73257,Pork Sisig,Entree,2,₱345.00,₱690.00
73257,Salis Curry Steak,Entree,2,₱425.00,₱850.00
73258,K. Pork Bowl,Entree,1,₱595.00,₱595.00
73258,Trash Can,Dessert,2,₱395.00,₱790.00
73258,UT-Pork Bowl,Entree,2,₱595.00,"₱1,190.00"
73258,Lychee Shake,Shake,1,₱225.00,₱225.00
73258,San Mig Pilsen,Beer,2,₱0.00,₱0.00
73260,Pitcher Red Sangria,Cocktail,1,₱650.00,₱650.00
73260,Spanish Latte,Coffee,1,₱195.00,₱195.00
73260,Truffle Shuffle,Pasta,2,₱435.00,₱870.00
73264,Fries,Side Dish,2,₱95.00,₱190.00
73264,Corned Beef Plate,Breakfast,2,₱199.00,₱398.00
73264,Yolo,Shake,1,₱20.00,₱20.00
73268,Strawberry Frappe,Frappe,2,₱255.00,₱510.00
73268,Salmon Rice,Entree,2,₱665.00,"₱1,330.00"
73270,Sisig Rice Bowl,Entree,1,₱415.00,₱415.00
73270,K. Beef Bowl,Entree,2,₱895.00,"₱1,790.00"
73270,Cerveza Negra,Beer,1,₱150.00,₱150.00
73270,Truffle Parmesan Fries,Appetizer,2,₱325.00,₱650.00
73270,Shrimp Po Boy,Burger/Wrap & More,1,₱455.00,₱455.00
73274,Creme Brulee,Dessert,2,₱245.00,₱490.00
73274,K. Pork Bowl,Entree,2,₱585.00,"₱1,170.00"
73274,Bone-In Porkchop,Entree,1,"₱1,095.00","₱1,095.00"
73364,Tokwat Porky Pig,Entree,2,₱395.00,₱790.00
73364,Salmon Rice,Entree,2,₱665.00,"₱1,330.00"
73368,Black Pepper Beef,Appetizer,2,₱525.00,"₱1,050.00"
73368,Chicken Caesar Wrap,Burger/Wrap & More,1,₱425.00,₱425.00
73368,K. Pork Bowl,Entree,2,₱595.00,"₱1,190.00"
73368,Fish Taco,Appetizer,1,₱395.00,₱395.00
73370,Beer Peach,Beer,2,₱235.00,₱470.00
73370,Murica,Entree,1,₱150.00,₱150.00
73370,Salis Curry Steak,Entree,2,₱425.00,₱850.00
73374,Mango Shake,Shake,2,₱155.00,₱310.00
73374,Lychee Berry Margarita,Cocktail,2,₱355.00,₱710.00
73374,Murica,Mocktails,2,₱150.00,₱300.00
73374,Green Mango Shake,Shake,2,₱225.00,₱450.00
73374,Baletea,Tea,1,₱615.00,₱615.00
73376,K. Beef Bowl,Entree,2,₱895.00,"₱1,790.00"
73376,Yolo,Shake,1,₱255.00,₱255.00
73380,Mountain Dew,Drinks,1,₱105.00,₱105.00
73380,Bday Ice Cream,Dessert,1,₱0.00,₱0.00
73380,Baletea,Tea,2,₱130.00,₱260.00
73382,Egg,Add-ons,2,₱40.00,₱80.00
73382,Honey-Sriracha Chicken,Entree,2,₱375.00,₱750.00
73382,Murica,Entree,1,₱150.00,₱150.00
73382,Chicken & Waffles,Entree,1,₱425.00,₱425.00
73384,Container,Packaging,2,₱10.00,₱20.00
73384,Cajun Pasta,Pasta,1,₱425.00,₱425.00
73384,Free Pudding,Promos & Freebies,2,₱0.00,₱0.00
73384,Chicken Rice,Entree,1,₱405.00,₱405.00
73384,Bread Pudding,Dessert,2,₱215.00,₱430.00
73387,Matcha Frappe,Frappe,1,₱255.00,₱255.00
73387,Murica,Coffee,1,₱150.00,₱150.00
73387,San Mig Super Dry,Beer,2,₱150.00,₱300.00
73387,Free Pudding,Promos & Freebies,1,₱0.00,₱0.00
73387,C3,Drinks,1,₱245.00,₱245.00
73389,Coke Regular,Drinks,2,₱105.00,₱210.00
73389,Container,Packaging,2,₱10.00,₱20.00
73389,Latte,Coffee,1,₱205.00,₱205.00
73389,Bucket Light,Beer,2,₱650.00,"₱1,300.00"
73389,SOP,Pizza,1,₱425.00,₱425.00
73393,Chix Ball Ala Carte,Appetizer,1,₱95.00,₱95.00
73393,Lychee Shake,Shake,2,₱225.00,₱450.00
73393,San Mig Pilsen,Beer,2,₱120.00,₱240.00
73396,Free Pudding,Promos & Freebies,1,₱0.00,₱0.00
73396,Pink Margarita,Cocktail,1,₱325.00,₱325.00
73397,Jim Beam Whiskey,Hard Liquor,1,"₱2,600.00","₱2,600.00"
73397,Fish Be With U,Entree,1,₱795.00,₱795.00
73397,Kawali Bowl,Entree,2,₱199.00,₱398.00
73397,Merk TT,Others,2,₱345.00,₱690.00
73397,SOP,Pizza,2,₱425.00,₱850.00
73400,Sausage Angel,Appetizer,2,₱325.00,₱650.00
73400,Thai Shrimp,Entree,1,₱425.00,₱425.00
73400,Bone-In Porkchop,Entree,1,"₱1,095.00","₱1,095.00"
73402,Fries,Side Dish,1,₱95.00,₱95.00
73402,UTB Burger,Burger/Wrap & More,2,₱425.00,₱850.00
73402,Mango Shake,Shake,2,₱225.00,₱450.00
73404,Trash Can,Cocktail,1,₱395.00,₱395.00
73404,Tokwat Porky Pig,Appetizer,1,₱395.00,₱395.00
73404,Mango Shake,Shake,1,₱165.00,₱165.00
73406,Banana Peanut Butter,Frappe,1,₱275.00,₱275.00
73406,Matchalicious,Matcha,1,₱255.00,₱255.00
73406,C3,Drinks,1,₱245.00,₱245.00
73408,Container,Packaging,2,₱10.00,₱20.00
73408,Batwan Beef Stew,Entree,2,₱785.00,"₱1,570.00"
73408,Cocoa Wonka,Drinks,1,₱245.00,₱245.00
73408,Caesar,Salad,2,₱365.00,₱730.00
73408,Beef Salpicao,Entree,2,₱545.00,"₱1,090.00"
73412,Yogi Tea,Tea,1,₱0.00,₱0.00
73412,Murica,Coffee,2,₱150.00,₱300.00
73412,Kawali Bowl,Entree,2,₱199.00,₱398.00
73412,Free Chicharon,Promos & Freebies,1,₱0.00,₱0.00
73412,Asian Chicken,Salad,2,₱365.00,₱730.00
73415,Free Chicharon,Promos & Freebies,2,₱0.00,₱0.00
73415,Tapsi & More,Entree,2,₱425.00,₱850.00
73417,Fish Taco,Appetizer,2,₱395.00,₱790.00
73417,Fish Be With U,Entree,1,₱795.00,₱795.00
73419,Tailgate Ribs,Entree,1,₱595.00,₱595.00
73419,San Mig Super Dry,Beer,1,₱150.00,₱150.00
73419,Bucket Assorted,Beer,1,₱750.00,₱750.00
73419,Pixiedust,Cocktail,1,₱0.00,₱0.00
73419,K. Beef Bowl,Entree,1,₱895.00,₱895.00
73423,Free Pudding,Promos & Freebies,2,₱0.00,₱0.00
73423,Classic Mojito,Cocktail,2,₱295.00,₱590.00
73427,Superdry,Beer,2,₱0.00,₱0.00
73427,Mango Shake,Shake,1,₱140.00,₱140.00
73427,Chicken in a Basket,Appetizer,1,₱395.00,₱395.00
73427,Baletea Freeze,Cocktail,1,₱365.00,₱365.00
73431,Pinoy Charcuterie,Appetizer,2,₱495.00,₱990.00
73431,Thai Shrimp,Entree,1,₱425.00,₱425.00
73431,Seafood Pesto,Pasta,1,₱495.00,₱495.00
73431,Mango Shake,Shake,1,₱225.00,₱225.00
73432,Pitcher Red Sangria,Cocktail,1,₱650.00,₱650.00
73432,Grilled Tuna,Entree,2,₱395.00,₱790.00
73434,Bottled Water,Drinks,1,₱65.00,₱65.00
73434,Sisig Rice Bowl,Entree,1,₱415.00,₱415.00
73434,Baletea,Tea,1,₱615.00,₱615.00
73435,Salmon Rice,Entree,2,₱665.00,"₱1,330.00"
73435,San Mig Light,Beer,1,₱130.00,₱130.00
73435,Tapsi & More,Entree,1,₱425.00,₱425.00
73435,Oxtail Soup,Soup,1,₱795.00,₱795.00
73435,San Mig Pilsen,Beer,2,₱120.00,₱240.00
73437,Cappuccino,Coffee,2,₱185.00,₱370.00
73437,Sisig Rice Bowl,Entree,2,₱415.00,₱830.00
73440,Truffle Shuffle,Pasta,2,₱435.00,₱870.00
73440,Salis Curry Steak,Entree,2,₱425.00,₱850.00
73443,San Mig Pilsen,Beer,1,₱0.00,₱0.00
73443,Salis Curry Steak,Entree,2,₱425.00,₱850.00
73446,Warm Poke Bowl,Entree,1,₱625.00,₱625.00
73446,Mango Shake,Shake,1,₱180.00,₱180.00
73446,Salis Curry Steak,Entree,2,₱425.00,₱850.00
73446,Tapsi & More,Entree,1,₱425.00,₱425.00
73449,Matcha Frappe,Frappe,1,₱255.00,₱255.00
73449,Oxtail Soup,Soup,2,₱795.00,"₱1,590.00"
73453,San Mig Pilsen,Beer,1,₱0.00,₱0.00
73453,SOP,Pizza,1,₱425.00,₱425.00
73455,Yolo,Shake,2,₱255.00,₱510.00
73455,Warm Poke Bowl,Entree,1,₱625.00,₱625.00
73455,San Mig Pilsen,Beer,1,₱120.00,₱120.00
73455,Sausage Skillet (Angel),Appetizer,1,₱325.00,₱325.00
73455,Truffle Parmesan Fries,Appetizer,2,₱325.00,₱650.00
73457,Caramel Macchiato,Coffee,2,₱195.00,₱390.00
73457,K. Pork Bowl,Entree,2,₱595.00,"₱1,190.00"
73457,Mango Shake,Shake,2,₱225.00,₱450.00
73457,Viet Coffee,Coffee,1,₱195.00,₱195.00
73461,Dirty Matcha,Coffee,1,₱225.00,₱225.00
73461,Coke Zero,Drinks,2,₱105.00,₱210.00
73461,K. Pork Bowl,Entree,1,₱595.00,₱595.00
73463,Fish Taco,Appetizer,1,₱395.00,₱395.00
73463,Shrimp & Chips,Appetizer,2,₱415.00,₱830.00
73464,C3,Drinks,1,₱245.00,₱245.00
73464,Caramel Macchiato,Coffee,2,₱195.00,₱390.00
73464,Fish Taco,Appetizer,2,₱395.00,₱790.00
73464,Container,Packaging,2,₱10.00,₱20.00
73464,Tokwat Porky Pig,Entree,2,₱395.00,₱790.00
73468,Coke Regular,Drinks,1,₱125.00,₱125.00
73468,Mango Shake,Shake,1,₱165.00,₱165.00
73470,Chicken Parm,Entree,1,₱550.00,₱550.00
73470,Platter Plain Rice,Side Dish,2,₱295.00,₱590.00
73470,Chicken Parm,Entree,2,₱495.00,₱990.00
73470,Bellagio Mochaccino,Coffee,2,₱225.00,₱450.00
73470,Coke Zero,Drinks,2,₱105.00,₱210.00
73474,Bucket Light,Beer,1,₱650.00,₱650.00
73474,Yolo,Shake,1,₱255.00,₱255.00
73474,Caesar,Salad,1,₱365.00,₱365.00
73476,Glass Bulera,Cocktail,2,₱115.00,₱230.00
73476,Warm Poke Bowl,Entree,2,₱625.00,"₱1,250.00"
73476,Taco,Appetizer,1,₱345.00,₱345.00
73478,Mango Shake,Shake,1,₱140.00,₱140.00
73478,San Mig Pilsen,Beer,1,₱120.00,₱120.00
73478,Strawberry Matcha Latte,Coffee,2,₱245.00,₱490.00
73478,Honey-Sriracha Chicken,Entree,2,₱375.00,₱750.00
73478,Glass Baletea,Tea,2,₱105.00,₱210.00
73481,K. Beef Bowl,Entree,2,₱895.00,"₱1,790.00"
73481,Chicken Caesar Wrap,Burger/Wrap & More,1,₱425.00,₱425.00
73481,Mango Shake,Shake,2,₱225.00,₱450.00
73481,Chicken Parm,Entree,1,₱495.00,₱495.00
73481,K. Beef Bowl,Entree,2,₱895.00,"₱1,790.00"
73482,Rootbeer Float Rated G,Drinks,2,₱225.00,₱450.00
73482,Bucket Light,Beer,2,₱650.00,"₱1,300.00"
73482,Sausage Diablo,Appetizer,1,₱325.00,₱325.00
73482,Plain Rice,Add-ons,1,₱65.00,₱65.00
73482,Breakfast Pudding,Dessert,2,₱199.00,₱398.00
73484,Chicken in a Basket,Appetizer,1,₱395.00,₱395.00
73484,Chicken Rice,Entree,1,₱405.00,₱405.00
73484,Thai Shrimp,Entree,1,₱425.00,₱425.00
73484,Dynamite Ala Carte,Appetizer,2,₱155.00,₱310.00
73484,Pitcher Red Sangria,Cocktail,2,₱650.00,"₱1,300.00"
73485,Latte,Coffee,1,₱185.00,₱185.00
73485,Caesar,Salad,1,₱365.00,₱365.00
73485,SOP,Pizza,2,₱425.00,₱850.00
73485,Asian Chicken,Salad,1,₱365.00,₱365.00
73487,Chixsig Nachos,Appetizer,1,₱395.00,₱395.00
73487,Mango Shake,Shake,1,₱295.00,₱295.00
73487,Trash Can,Cocktail,2,₱395.00,₱790.00
73487,Dirty Matcha,Coffee,2,₱225.00,₱450.00
73487,Cerveza Negra,Beer,1,₱150.00,₱150.00
73491,Salted Caramel Frappe,Frappe,1,₱255.00,₱255.00
73491,UTB Burger,Burger/Wrap & More,2,₱425.00,₱850.00
73491,Sausage Angel,Appetizer,2,₱325.00,₱650.00
73494,Mango Shake,Shake,2,₱280.00,₱560.00
73494,Pinoy Charcuterie,Appetizer,1,₱495.00,₱495.00
73494,Lychee Shake,Shake,1,₱225.00,₱225.00
73494,San Mig Light,Beer,1,₱130.00,₱130.00
73498,Bucket Pilsen,Beer,2,₱600.00,"₱1,200.00"
73498,Root Beer Float R18,Beer,2,₱325.00,₱650.00
73498,Tokwat Porky Pig,Appetizer,2,₱395.00,₱790.00
73498,Truffle Pasta,Pasta,2,₱485.00,₱970.00
73498,Tapsi & More,Entree,2,₱425.00,₱850.00
73500,K. Pork Bowl,Entree,2,₱585.00,"₱1,170.00"
73500,Lychee Shake,Shake,1,₱225.00,₱225.00
73500,Squash Soup,Soup,1,₱315.00,₱315.00
73500,Sisig Rice Bowl,Entree,1,₱415.00,₱415.00
73500,Pitcher Red Sangria,Cocktail,1,₱650.00,₱650.00
73501,Beer Caramel,Beer,2,₱235.00,₱470.00
73501,Fish Taco,Appetizer,1,₱395.00,₱395.00
73501,Free Pudding,Promos & Freebies,1,₱0.00,₱0.00
73501,Truffle Pasta,Pasta,1,₱435.00,₱435.00
73505,Jim Beam Whiskey,Hard Liquor,2,"₱2,600.00","₱5,200.00"
73505,Egg,Add-ons,2,₱40.00,₱80.00
73505,Mountain Dew,Drinks,1,₱105.00,₱105.00
73505,Murica,Entree,2,₱150.00,₱300.00
73505,Plain Rice,Add-ons,1,₱65.00,₱65.00
73506,Simple Affogato,Coffee,1,₱245.00,₱245.00
73506,Lychee Shake,Shake,2,₱225.00,₱450.00
73508,UTB Burger,Burger/Wrap & More,1,₱425.00,₱425.00
73508,Bread Pudding,Dessert,1,₱215.00,₱215.00
73508,Bottled Water,Drinks,1,₱65.00,₱65.00
73511,Strawberry Frappe,Frappe,1,₱255.00,₱255.00
73511,Truffle Parmesan Fries,Appetizer,1,₱325.00,₱325.00
73511,Bottled Water,Drinks,2,₱65.00,₱130.00
73511,Bread Pudding,Dessert,2,₱215.00,₱430.00
73513,Tokwat Porky Pig,Appetizer,2,₱395.00,₱790.00
73513,K. Beef Bowl,Entree,2,₱895.00,"₱1,790.00"
73513,Bone-In Porkchop,Entree,2,"₱1,095.00","₱2,190.00"
73513,Mango Shake,Shake,1,₱180.00,₱180.00
73513,Chicken in a Basket,Appetizer,1,₱395.00,₱395.00
73515,Kiss of Death,Cocktail,1,₱550.00,₱550.00
73515,Red Sangria,Cocktail,1,₱345.00,₱345.00
73515,Tokwat Porky Pig,Appetizer,2,₱395.00,₱790.00
73515,Coke Regular,Drinks,1,₱45.00,₱45.00
73515,C3,Drinks,1,₱245.00,₱245.00
73516,San Mig Pilsen,Beer,1,₱90.00,₱90.00
73516,Tanqueray Gin Shot,Hard Liquor,1,₱190.00,₱190.00
73516,Beef Salpicao,Entree,2,₱545.00,"₱1,090.00"
73517,Mango Shake,Shake,2,₱295.00,₱590.00
73517,Pitcher Classic Mojito,Cocktail,2,₱650.00,"₱1,300.00"
73517,Honey Lemon J,Drinks,1,₱135.00,₱135.00
73517,Sisig Rice Bowl,Entree,1,₱415.00,₱415.00
73521,SOP,Pizza,2,₱425.00,₱850.00
73521,Ginger Ale,Beer,1,₱115.00,₱115.00
73525,Baletea,Tea,2,₱205.00,₱410.00
73525,Trash Can,Dessert,1,₱395.00,₱395.00
73525,Truffle Parmesan Fries,Appetizer,2,₱325.00,₱650.00
73526,Murica,Mocktails,2,₱150.00,₱300.00
73526,SOP,Pizza,1,₱425.00,₱425.00
73526,Strawberry Basil Mojito,Cocktail,2,₱0.00,₱0.00
73526,Tequila Sunrise,Cocktail,1,₱0.00,₱0.00
73527,Happy Hour 595+,Promos & Freebies,1,₱665.00,₱665.00
73527,Pinoy Charcuterie,Appetizer,1,₱495.00,₱495.00
73527,San Mig Light,Beer,2,₱0.00,₱0.00
73529,K3,Others,1,₱245.00,₱245.00
73529,Oxtail Soup,Soup,2,₱795.00,"₱1,590.00"
73531,Bucket Light,Beer,1,₱650.00,₱650.00
73531,Fries,Side Dish,1,₱95.00,₱95.00
73531,Sausage Angel,Appetizer,2,₱325.00,₱650.00
73531,C3,Drinks,2,₱245.00,₱490.00
73531,Lychee Shake,Shake,2,₱225.00,₱450.00
73532,Mango Tapioca,Dessert,1,₱245.00,₱245.00
73532,Plain Rice,Add-ons,2,₱65.00,₱130.00
73536,Mac & Cheese,Pasta,2,₱0.00,₱0.00
73536,Lychee Berry Margarita,Cocktail,1,₱355.00,₱355.00
73536,Baletea Freeze,Cocktail,1,₱365.00,₱365.00
73536,Viet Coffee,Coffee,1,₱195.00,₱195.00
73539,Pork Sisig,Entree,2,₱345.00,₱690.00
73539,Yolo,Shake,1,₱20.00,₱20.00
73539,Thai Shrimp,Entree,1,₱425.00,₱425.00
73541,Chicken Parm,Entree,2,₱495.00,₱990.00
73541,UTB Burger,Burger/Wrap & More,2,₱425.00,₱850.00
73541,Bread Pudding,Dessert,1,₱215.00,₱215.00
73541,Salmon Rice,Entree,1,₱665.00,₱665.00
73541,Mango Shake,Shake,1,₱195.00,₱195.00
73543,Corned Beef Plate,Breakfast,1,₱199.00,₱199.00
73543,Tapsi & More,Entree,1,₱425.00,₱425.00
73543,Cappuccino,Coffee,1,₱185.00,₱185.00
73543,Mango Shake,Shake,1,₱140.00,₱140.00
73543,Platter Garlic Rice,Side Dish,1,₱395.00,₱395.00
73546,Schweppes Tonic Water,Drinks,2,₱105.00,₱210.00
73546,Vanilla Latte,Coffee,1,₱205.00,₱205.00
73549,San Mig Light,Beer,1,₱0.00,₱0.00
73549,Seafood Chowda,Soup,1,₱365.00,₱365.00
73549,Platter Plain Rice,Side Dish,2,₱295.00,₱590.00
73549,Corned Beef Plate,Breakfast,1,₱199.00,₱199.00
73552,Marrow Brulee,Appetizer,2,₱365.00,₱730.00
73552,Bunwich Ala UTB,Burger/Wrap & More,1,₱375.00,₱375.00
73552,Beef and Shrimp Salpicao,Entree,1,₱895.00,₱895.00
73555,Pinoy Charcuterie,Appetizer,1,₱495.00,₱495.00
73555,Free Pudding,Promos & Freebies,2,₱0.00,₱0.00
73555,Seafood Chowda,Soup,2,₱365.00,₱730.00
73555,Murica,Mocktails,1,₱150.00,₱150.00
73556,Red Sangria,Cocktail,2,₱345.00,₱690.00
73556,Chicken Rice,Entree,1,₱405.00,₱405.00
73556,Green Mango Shake,Shake,2,₱225.00,₱450.00
73556,Chicken Rice,Entree,2,₱405.00,₱810.00
73558,Cappuccino,Coffee,2,₱185.00,₱370.00
73558,Chicken Rice,Entree,2,₱405.00,₱810.00
73558,Bucket Superdry,Beer,1,₱750.00,₱750.00
73558,Red Sangria,Cocktail,2,₱345.00,₱690.00
73558,Sop,Pizza,2,₱425.00,₱850.00
73559,Mango Shake,Shake,2,₱180.00,₱360.00
73559,Free Pudding,Promos & Freebies,2,₱0.00,₱0.00
73559,Pork Sisig,Entree,1,₱345.00,₱345.00
73559,K3,Others,2,₱245.00,₱490.00
73562,Lychee Shake,Shake,2,₱225.00,₱450.00
73562,SOP,Pizza,2,₱425.00,₱850.00
73564,Pitcher Classic Mojito,Cocktail,2,₱650.00,"₱1,300.00"
73564,Free Chicharon,Promos & Freebies,2,₱0.00,₱0.00
73564,Corned Beef Plate,Breakfast,2,₱199.00,₱398.00
73564,Happy Hour 595+,Promos & Freebies,1,₱665.00,₱665.00
73567,Salted Caramel Frappe,Frappe,1,₱255.00,₱255.00
73567,Pitcher Red Sangria,Cocktail,1,₱650.00,₱650.00
73568,Banana Peanut Butter,Frappe,2,₱275.00,₱550.00
73568,Under the Summer Sun,Cocktail,1,₱0.00,₱0.00
73568,Yolo,Shake,2,₱20.00,₱40.00
73568,Chicken Parm,Entree,1,₱495.00,₱495.00
73568,Murica,Entree,1,₱150.00,₱150.00
73571,Dark Choco Chip Frappe,Frappe,1,₱285.00,₱285.00
73571,Tropical White Lady,Mocktails,2,₱355.00,₱710.00
73571,San Mig Pilsen,Beer,1,₱120.00,₱120.00
73571,Squash Soup,Soup,2,₱315.00,₱630.00
73574,Strawberry Lychee Shake,Shake,1,₱255.00,₱255.00
73574,Yolo,Shake,1,₱20.00,₱20.00
73574,Superdry,Beer,2,₱0.00,₱0.00
73574,SOP,Pizza,1,₱425.00,₱425.00
73574,Baletea Freeze,Cocktail,1,₱365.00,₱365.00
73577,Chicken Parm,Entree,2,₱495.00,₱990.00
73577,Salis Curry Steak,Entree,1,₱425.00,₱425.00
73577,Chicken Parm,Entree,2,₱550.00,"₱1,100.00"
73577,Baletea Freeze,Cocktail,2,₱365.00,₱730.00
73577,Mac & Cheese,Pasta,1,₱445.00,₱445.00
73579,Fries,Side Dish,2,₱95.00,₱190.00
73579,Boozy Affogato,Boozy Coffee,1,₱375.00,₱375.00
73579,Mango Shake,Shake,2,₱280.00,₱560.00
73580,Bone-In Porkchop,Entree,2,"₱1,095.00","₱2,190.00"
73580,Container,Packaging,1,₱10.00,₱10.00
73582,Tokwat Porky Pig,Entree,2,₱395.00,₱790.00
73582,Honey Lemon J,Drinks,2,₱135.00,₱270.00
73582,Sausage Angel,Appetizer,2,₱325.00,₱650.00
73582,Fish Taco,Appetizer,1,₱395.00,₱395.00
73583,Under the Summer Sun,Cocktail,1,₱335.00,₱335.00
73583,Sausage Diablo,Appetizer,1,₱325.00,₱325.00
73583,Fishball Ala Carte,Appetizer,1,₱75.00,₱75.00
73583,Truffle Parmesan Fries,Appetizer,2,₱325.00,₱650.00
73583,Chicken & Waffles,Entree,1,₱425.00,₱425.00
73585,Green Mango Shake,Shake,2,₱275.00,₱550.00
73585,Mango Shake,Shake,1,₱225.00,₱225.00
73585,Grilled Tuna,Entree,2,₱395.00,₱790.00
73585,Plain Rice,Add-ons,1,₱65.00,₱65.00
73585,Fish Taco,Appetizer,2,₱395.00,₱790.00
73589,Matcha Holic,Matcha,1,₱355.00,₱355.00
73589,San Mig Super Dry,Beer,1,₱150.00,₱150.00
73589,Banana Peanut Butter,Frappe,1,₱275.00,₱275.00
73589,Cajun Pasta,Pasta,1,₱425.00,₱425.00
73589,Sisig Rice Bowl,Entree,1,₱450.00,₱450.00
73592,Dirty Matcha,Coffee,2,₱225.00,₱450.00
73592,Batwan Beef Stew,Entree,1,₱785.00,₱785.00
73592,Free Pudding,Promos & Freebies,2,₱0.00,₱0.00
73592,Sausage Diablo,Appetizer,1,₱325.00,₱325.00
73594,SOP,Pizza,2,₱425.00,₱850.00
73594,Murica,Burger/Wrap & More,1,₱150.00,₱150.00
73594,K. Beef Bowl,Entree,2,₱895.00,"₱1,790.00"
73673,Schweppes Tonic Water,Drinks,2,₱105.00,₱210.00
73673,Mango Shake,Shake,2,₱280.00,₱560.00
73673,Baletea,Tea,1,₱205.00,₱205.00
73677,Strawberry Lychee Shake,Shake,1,₱255.00,₱255.00
73677,Black Pepper Beef,Appetizer,1,₱525.00,₱525.00
73677,San Mig Pilsen,Beer,1,₱120.00,₱120.00
73677,Tapsi & More,Entree,1,₱425.00,₱425.00
73679,Strawberry Basil Mojito,Cocktail,1,₱375.00,₱375.00
73679,Tokwat Porky Pig,Appetizer,2,₱395.00,₱790.00
73679,Chicken Parm,Entree,2,₱495.00,₱990.00
73679,Chicken Caesar Wrap,Burger/Wrap & More,1,₱425.00,₱425.00
73679,Pinoy Charcuterie,Appetizer,2,₱495.00,₱990.00
73683,San Mig Pilsen,Beer,2,₱120.00,₱240.00
73683,Kikiam Ala Carte,Appetizer,1,₱85.00,₱85.00
73686,Free Chicharon,Promos & Freebies,2,₱0.00,₱0.00
73687,Truffle Parmesan Fries,Appetizer,2,₱325.00,₱650.00
73687,Free Pudding,Promos & Freebies,2,₱0.00,₱0.00
73690,Chicken Rice,Entree,1,₱405.00,₱405.00
73690,Container,Packaging,2,₱10.00,₱20.00
73690,San Mig Light,Beer,1,₱0.00,₱0.00
73690,UT-Pork Bowl,Entree,2,₱595.00,"₱1,190.00"
73694,Shrimp & Chips,Appetizer,1,₱415.00,₱415.00
73694,Mango Shake,Shake,2,₱280.00,₱560.00
73695,San Mig Light,Beer,1,₱130.00,₱130.00
73695,Salmon Rice,Entree,1,₱665.00,₱665.00
73695,Yogi Tea,Tea,2,₱0.00,₱0.00
73698,Strawberry Basil Mojito,Cocktail,2,₱0.00,₱0.00
73698,Fish Taco,Appetizer,2,₱395.00,₱790.00
73698,Salmon Rice,Entree,2,₱665.00,"₱1,330.00"
73701,Batwan Beef Stew,Entree,2,₱785.00,"₱1,570.00"
73701,Twerk It,Boozy Coffee,1,₱345.00,₱345.00
73701,Negra,Beer,2,₱0.00,₱0.00
73701,Good Morning Sunshine,Breakfast,2,₱199.00,₱398.00
73705,Murica,Mocktails,2,₱150.00,₱300.00
73705,Grilled Tuna,Entree,2,₱395.00,₱790.00
73705,Strawberry Basil Mojito,Cocktail,2,₱0.00,₱0.00
73705,Cocoa Wonka,Drinks,1,₱245.00,₱245.00
73707,Coke Zero,Drinks,2,₱30.00,₱60.00
73707,Tailgate Ribs,Entree,2,₱650.00,"₱1,300.00"
73707,Tapsi & More,Entree,2,₱425.00,₱850.00
73707,Chicken Caesar Wrap,Burger/Wrap & More,2,₱425.00,₱850.00
73707,Twerk It,Boozy Coffee,1,₱345.00,₱345.00
73711,UTB Burger,Burger/Wrap & More,1,₱425.00,₱425.00
73711,Eyogi Tea,Tea,2,₱125.00,₱250.00
73713,K3,Others,2,₱245.00,₱490.00
73713,Chicken & Waffles,Entree,1,₱425.00,₱425.00
73713,Chix Ball Ala Carte,Appetizer,1,₱95.00,₱95.00
73713,Beef and Shrimp Salpicao,Entree,1,₱895.00,₱895.00
73713,Chicken Rice,Entree,2,₱405.00,₱810.00
73715,Truffle Parmesan Fries,Appetizer,2,₱325.00,₱650.00
73715,Coke Regular,Drinks,2,₱55.00,₱110.00
73715,Strawberry Lychee Shake,Shake,2,₱255.00,₱510.00
73719,Negra,Beer,1,₱0.00,₱0.00
73719,Fries,Side Dish,2,₱95.00,₱190.00
73719,Bucket Assorted,Beer,1,₱750.00,₱750.00
73722,Viet Coffee,Coffee,2,₱195.00,₱390.00
73722,San Mig Pilsen,Beer,2,₱120.00,₱240.00
73722,Jim Beam Whiskey,Hard Liquor,2,"₱2,600.00","₱5,200.00"
73725,Free Pudding,Promos & Freebies,1,₱0.00,₱0.00
73725,Truffle Pasta,Pasta,2,₱435.00,₱870.00
73725,Caesar,Salad,2,₱365.00,₱730.00
73725,Red Sangria,Cocktail,2,₱345.00,₱690.00
73725,Trash Can,Dessert,2,₱395.00,₱790.00
73726,Simple Affogato,Coffee,1,₱245.00,₱245.00
73726,Squash Soup,Soup,2,₱315.00,₱630.00
73726,Container,Packaging,1,₱10.00,₱10.00
73728,Trash Can,Entree,1,₱395.00,₱395.00
73728,Honey-Sriracha Chicken,Entree,1,₱375.00,₱375.00
73728,Batwan Beef Stew,Entree,2,₱725.00,"₱1,450.00"
73732,Pork Bowl,Entree,2,₱595.00,"₱1,190.00"
73732,Strawberry Frappe,Frappe,1,₱255.00,₱255.00
73735,Marrow Brulee,Dessert,1,₱365.00,₱365.00
73735,Salted Caramel Frappe,Frappe,1,₱255.00,₱255.00
73737,Chicken Parm,Entree,1,₱495.00,₱495.00
73737,Free Chicharon,Promos & Freebies,1,₱0.00,₱0.00
73739,Seafood Chowda,Soup,1,₱365.00,₱365.00
73739,Superdry,Beer,2,₱0.00,₱0.00
73739,Negra,Beer,1,₱0.00,₱0.00
73741,Container,Packaging,2,₱10.00,₱20.00
73741,K. Beef Bowl,Entree,1,₱895.00,₱895.00
73741,Salis Curry Steak,Entree,2,₱425.00,₱850.00
73743,Caesar,Salad,2,₱365.00,₱730.00
73743,Bucket Light,Beer,1,₱650.00,₱650.00
73743,Rootbeer Float Rated G,Drinks,2,₱225.00,₱450.00
73745,Bellagio Mochaccino,Coffee,2,₱225.00,₱450.00
73745,Salted Caramel Frappe,Frappe,2,₱255.00,₱510.00
73745,Bucket Assorted,Beer,2,₱750.00,"₱1,500.00"
73747,SOP,Pizza,1,₱425.00,₱425.00
73747,Mac & Cheese,Pasta,2,₱445.00,₱890.00
73747,Matchalicious,Matcha,2,₱255.00,₱510.00
73747,Bucket Pilsen,Beer,2,₱600.00,"₱1,200.00"
73750,SOP,Pizza,2,₱425.00,₱850.00
73750,Yolo,Shake,1,₱290.00,₱290.00
73750,Platter Plain Rice,Side Dish,2,₱295.00,₱590.00
73753,Eves Apple,Mocktails,1,₱295.00,₱295.00
73753,Mango Shake,Shake,2,₱140.00,₱280.00
73753,Batwan Beef Stew,Entree,1,₱785.00,₱785.00
73757,Cappuccino,Coffee,2,₱185.00,₱370.00
73757,Lychee Berry Margarita,Cocktail,1,₱355.00,₱355.00
73757,K. Beef Bowl,Entree,2,₱895.00,"₱1,790.00"
73757,Pitcher Red Sangria,Cocktail,1,₱650.00,₱650.00
73757,Chicken & Waffles,Entree,2,₱425.00,₱850.00
73761,Plain Rice,Add-ons,1,₱65.00,₱65.00
73761,Thai Shrimp,Entree,1,₱425.00,₱425.00
73761,C3,Drinks,1,₱245.00,₱245.00
73761,Murica,Burger/Wrap & More,1,₱150.00,₱150.00
73761,Beef and Shrimp Salpicao,Entree,1,₱895.00,₱895.00
73763,Beer Caramel,Beer,2,₱235.00,₱470.00
73763,Pork Bowl,Entree,2,₱595.00,"₱1,190.00"
73763,Happy Hour 595+,Promos & Freebies,1,₱665.00,₱665.00
73766,Warm Poke Bowl,Entree,2,₱625.00,"₱1,250.00"
73766,Bunwich Ala UTB,Burger/Wrap & More,2,₱375.00,₱750.00
73766,Chicken & Waffles,Entree,2,₱425.00,₱850.00
73766,Kawali Bowl,Entree,1,₱199.00,₱199.00
73768,Fish Be With U,Entree,2,₱795.00,"₱1,590.00"
73768,Free Pudding,Promos & Freebies,1,₱0.00,₱0.00
73768,Kiss of Death,Cocktail,2,₱550.00,"₱1,100.00"
73768,Chicken & Waffles,Entree,2,₱425.00,₱850.00
73770,Salted Caramel Frappe,Frappe,2,₱255.00,₱510.00
73770,Chixsig Nachos,Appetizer,2,₱395.00,₱790.00
73770,Viet Coffee,Coffee,1,₱195.00,₱195.00
73770,Tanqueray Gin Shot,Hard Liquor,2,₱190.00,₱380.00
73770,K. Beef Bowl,Entree,1,₱895.00,₱895.00
73773,Strawberry Frappe,Frappe,2,₱255.00,₱510.00
73773,Matcha Frappe,Frappe,1,₱255.00,₱255.00
73773,San Mig Pilsen,Beer,2,₱0.00,₱0.00
73773,Honey Lemon J,Drinks,1,₱135.00,₱135.00
73777,Gold Fashioned,Cocktail,2,₱290.00,₱580.00
73777,Banana Peanut Butter,Frappe,2,₱275.00,₱550.00
73777,Dynamite Ala Carte,Appetizer,2,₱155.00,₱310.00
73777,Container,Packaging,1,₱10.00,₱10.00
73778,Mac & Cheese,Pasta,2,₱445.00,₱890.00
73778,Chicken & Waffles,Entree,2,₱425.00,₱850.00
73778,Chicken Rice,Entree,2,₱405.00,₱810.00
73778,Marrow Brulee,Dessert,1,₱365.00,₱365.00
73780,Mango Tapioca,Dessert,2,₱245.00,₱490.00
73780,Sisig Rice Bowl,Entree,2,₱450.00,₱900.00
73780,Squash Soup,Soup,2,₱315.00,₱630.00
73782,Tapsi & More,Entree,2,₱425.00,₱850.00
73782,Bread Pudding,Dessert,1,₱215.00,₱215.00
73784,UTB Burger,Burger/Wrap & More,1,₱425.00,₱425.00
73784,Mango Shake,Shake,1,₱225.00,₱225.00
73784,Lychee Berry Margarita,Cocktail,1,₱355.00,₱355.00
73786,Xtra Scoop Ice Cream,Dessert,2,₱65.00,₱130.00
73786,Tailgate Ribs,Entree,1,₱595.00,₱595.00
73786,Bunwich Ala UTB,Burger/Wrap & More,2,₱375.00,₱750.00
73786,Murica,Burger/Wrap & More,2,₱150.00,₱300.00
73788,San Mig Pilsen,Beer,2,₱0.00,₱0.00
73788,Bday Ice Cream,Dessert,1,₱0.00,₱0.00
73788,Salmon Rice,Entree,2,₱665.00,"₱1,330.00"
73788,Bellagio Mochaccino,Coffee,1,₱225.00,₱225.00
73788,Latte,Coffee,1,₱185.00,₱185.00
73790,San Mig Light,Beer,2,₱130.00,₱260.00
73790,San Mig Pilsen,Beer,1,₱0.00,₱0.00
73790,Honey Lemon J,Drinks,2,₱135.00,₱270.00
73790,Shrimp Salpicao,Entree,1,₱415.00,₱415.00
73792,Matcha Frappe,Frappe,2,₱255.00,₱510.00
73792,Mango Shake,Shake,2,₱295.00,₱590.00
73792,Tokwat Porky Pig,Appetizer,2,₱395.00,₱790.00
73795,Green Mango Shake,Shake,1,₱275.00,₱275.00
73795,Bunwich Ala UTB,Burger/Wrap & More,2,₱375.00,₱750.00
73795,Caesar,Salad,1,₱365.00,₱365.00
73795,Container,Packaging,2,₱10.00,₱20.00
73795,Batwan Beef Stew,Entree,1,₱785.00,₱785.00
73797,Batwan Beef Stew,Entree,1,₱725.00,₱725.00
73797,San Mig Pilsen,Beer,1,₱90.00,₱90.00
73797,Breakfast Pudding,Dessert,2,₱199.00,₱398.00
73797,Truffle Shuffle,Pasta,2,₱435.00,₱870.00
73799,Coke Zero,Drinks,2,₱105.00,₱210.00
73799,San Mig Pilsen,Beer,1,₱0.00,₱0.00
73799,Yolo,Shake,2,₱290.00,₱580.00
73801,Chicken in a Basket,Appetizer,1,₱395.00,₱395.00
73801,Free Pudding,Promos & Freebies,1,₱0.00,₱0.00
73801,Glass Bulera,Cocktail,1,₱115.00,₱115.00
73801,Vegetable Arrabbiata,Pasta,2,₱415.00,₱830.00
73801,Eves Apple,Mocktails,2,₱295.00,₱590.00
73805,Container,Packaging,2,₱10.00,₱20.00
73805,Tapsi & More,Entree,1,₱425.00,₱425.00
73805,Sisig Rice Bowl,Entree,1,₱345.00,₱345.00
73805,Classic Mojito,Cocktail,1,₱295.00,₱295.00
73806,Murica,Coffee,2,₱150.00,₱300.00
73806,Latte,Coffee,1,₱185.00,₱185.00
73806,Mango Tapioca,Dessert,2,₱245.00,₱490.00
73807,Under the Summer Sun,Cocktail,1,₱0.00,₱0.00
73807,Good Morning Sunshine,Breakfast,2,₱199.00,₱398.00
73807,K. Pork Bowl,Entree,2,₱585.00,"₱1,170.00"
73807,Truffle Parmesan Fries,Appetizer,2,₱325.00,₱650.00
73808,Chicken Parm,Entree,2,₱495.00,₱990.00
73808,Container,Packaging,2,₱10.00,₱20.00
73808,Beef and Shrimp Salpicao,Entree,2,₱895.00,"₱1,790.00"
73811,Creme Brulee,Dessert,2,₱245.00,₱490.00
73811,Bread Pudding,Dessert,1,₱215.00,₱215.00
73811,Mac & Cheese,Pasta,2,₱445.00,₱890.00
73811,Pinoy Charcuterie,Appetizer,1,₱495.00,₱495.00
73813,Free Pudding,Promos & Freebies,1,₱0.00,₱0.00
73813,Salis Curry Steak,Entree,1,₱425.00,₱425.00
73813,Honey-Sriracha Chicken,Entree,2,₱375.00,₱750.00
73813,Strawberry Matcha Latte,Coffee,1,₱245.00,₱245.00
73814,Johnnie Walker Black S,Hard Liquor,1,₱195.00,₱195.00
73814,Mango Shake,Shake,1,₱145.00,₱145.00
73814,Cappuccino,Coffee,2,₱185.00,₱370.00
73814,Free Pudding,Promos & Freebies,1,₱0.00,₱0.00
73815,Free Pudding,Promos & Freebies,2,₱0.00,₱0.00
73815,Cappuccino,Coffee,2,₱185.00,₱370.00
73815,Cold Water,Drinks,1,₱65.00,₱65.00
73818,Tapsi & More,Entree,2,₱425.00,₱850.00
73818,Hazelnut Macchiato,Coffee,2,₱205.00,₱410.00
73818,Bday Ice Cream,Dessert,2,₱0.00,₱0.00
73818,Truffle Pasta,Pasta,2,₱435.00,₱870.00
73819,Tanqueray Gin Shot,Hard Liquor,2,₱190.00,₱380.00
73819,Bucket Cerveza Negra,Beer,1,₱750.00,₱750.00
73819,Murica,Mocktails,1,₱150.00,₱150.00
73819,Spanish Latte,Coffee,1,₱195.00,₱195.00
73819,Beef Salpicao,Entree,1,₱545.00,₱545.00
73821,Free Chicharon,Promos & Freebies,1,₱0.00,₱0.00
73821,Coke Zero,Drinks,1,₱105.00,₱105.00
73821,Coke Regular,Drinks,1,₱105.00,₱105.00
73821,Kawali Bowl,Entree,2,₱199.00,₱398.00
73821,Plain Rice,Add-ons,1,₱65.00,₱65.00
73822,Yolo,Shake,1,₱290.00,₱290.00
73822,UTB Burger,Burger/Wrap & More,2,₱425.00,₱850.00
73822,Bacon Plate,Breakfast,2,₱199.00,₱398.00
73822,Free Chicharon,Promos & Freebies,2,₱0.00,₱0.00
73822,Bday Ice Cream,Dessert,2,₱0.00,₱0.00
73824,Johnnie Walker Black,Hard Liquor,1,₱195.00,₱195.00
73824,Salis Curry Steak,Entree,1,₱425.00,₱425.00
73826,K. Pork Bowl,Entree,2,₱585.00,"₱1,170.00"
73826,Strawberry Matcha Frappe,Frappe,2,₱285.00,₱570.00
73826,Chicken in a Basket,Appetizer,1,₱395.00,₱395.00
73828,Tequila Sunrise,Cocktail,1,₱0.00,₱0.00
73828,Cappuccino,Coffee,1,₱185.00,₱185.00
73828,Creme Brulee,Dessert,1,₱245.00,₱245.00
73828,Kikiam Ala Carte,Appetizer,1,₱85.00,₱85.00
73828,Garlic Rice,Add-ons,1,₱95.00,₱95.00
73829,Bucket Superdry,Beer,2,₱750.00,"₱1,500.00"
73829,Seafood Chowda,Soup,1,₱365.00,₱365.00
73829,Coke Zero,Drinks,2,₱105.00,₱210.00
73829,Baletea,Tea,1,₱205.00,₱205.00
73829,Dirty Matcha,Coffee,2,₱225.00,₱450.00
73832,Baletea,Tea,2,₱130.00,₱260.00
73832,Truffle Pasta,Pasta,1,₱485.00,₱485.00
73832,Kawali Bowl,Entree,2,₱199.00,₱398.00
73834,Platter Garlic Rice,Side Dish,2,₱395.00,₱790.00
73834,Black Pepper Beef,Appetizer,2,₱525.00,"₱1,050.00"
73834,Container,Packaging,2,₱10.00,₱20.00
73834,Baletea,Tea,2,₱205.00,₱410.00
73834,Free Pudding,Promos & Freebies,2,₱0.00,₱0.00
73836,Chicken & Waffles,Entree,2,₱425.00,₱850.00
73836,Trash Can,Dessert,1,₱395.00,₱395.00
73836,San Mig Light,Beer,1,₱0.00,₱0.00
73838,Red Sangria,Cocktail,2,₱345.00,₱690.00
73838,Tapsi & More,Entree,1,₱425.00,₱425.00
73838,Salted Caramel Frappe,Frappe,1,₱255.00,₱255.00
73840,San Mig Pilsen,Beer,2,₱90.00,₱180.00
73840,C3,Drinks,2,₱245.00,₱490.00
73841,Mango Shake,Shake,1,₱225.00,₱225.00
73841,Chicken in a Basket,Appetizer,1,₱395.00,₱395.00
73841,Mac & Cheese,Pasta,2,₱445.00,₱890.00
73844,Chicken Rice,Entree,1,₱405.00,₱405.00
73844,Batwan Beef Stew,Entree,2,₱725.00,"₱1,450.00"
73846,Marrow Brulee,Dessert,2,₱365.00,₱730.00
73846,Matchalicious,Matcha,2,₱255.00,₱510.00
73848,Pitcher Red Sangria,Cocktail,2,₱650.00,"₱1,300.00"
73848,K. Beef Bowl,Entree,2,₱895.00,"₱1,790.00"
73850,San Mig Pilsen,Beer,2,₱120.00,₱240.00
73850,Sisig Rice Bowl,Entree,1,₱415.00,₱415.00
73850,Strawberry Matcha Frappe,Frappe,2,₱285.00,₱570.00
73850,K. Beef Bowl,Entree,1,₱895.00,₱895.00
73852,Bucket Light,Beer,1,₱650.00,₱650.00
73852,Chicken & Waffles,Entree,1,₱425.00,₱425.00
73852,Seafood Chowda,Soup,2,₱365.00,₱730.00
73856,Salis Curry Steak,Entree,1,₱425.00,₱425.00
73856,Salmon Rice,Entree,2,₱665.00,"₱1,330.00"
73856,Balete Salpicao,Entree,1,₱545.00,₱545.00
73856,Corned Beef Plate,Breakfast,1,₱199.00,₱199.00
73858,Egg,Add-ons,2,₱40.00,₱80.00
73858,Gin & Tonic,Hard Liquor,2,₱345.00,₱690.00
73858,Free Pudding,Promos & Freebies,2,₱0.00,₱0.00
73858,Free Pudding,Promos & Freebies,1,₱0.00,₱0.00
73858,Thai Shrimp,Entree,2,₱425.00,₱850.00
73860,Free Chicharon,Promos & Freebies,2,₱0.00,₱0.00
73860,Superdry,Beer,1,₱0.00,₱0.00
73860,Red Sangria,Cocktail,1,₱345.00,₱345.00
73864,Mac & Cheese,Pasta,1,₱445.00,₱445.00
73864,Plain Rice,Add-ons,2,₱65.00,₱130.00
73954,Eves Apple,Mocktails,1,₱295.00,₱295.00
73954,Vanilla Latte,Coffee,2,₱205.00,₱410.00
73954,Container,Packaging,2,₱10.00,₱20.00
73955,Caesar,Salad,2,₱365.00,₱730.00
73955,Baletea,Tea,2,₱615.00,"₱1,230.00"
73959,Bucket Superdry,Beer,1,₱750.00,₱750.00
73959,Trash Can,Cocktail,1,₱395.00,₱395.00
73959,Chicken Caesar Wrap,Burger/Wrap & More,2,₱425.00,₱850.00
73959,Bellagio Mochaccino,Coffee,1,₱225.00,₱225.00
73963,Rootbeer Float,Drinks,1,₱225.00,₱225.00
73963,Truffle Pasta,Pasta,2,₱435.00,₱870.00
73963,Simple Affogato,Coffee,1,₱245.00,₱245.00
73967,War Heads,Cocktail,1,₱355.00,₱355.00
73967,Chixsig Nachos,Appetizer,1,₱395.00,₱395.00
73967,SOP,Pizza,2,₱425.00,₱850.00
73967,San Mig Light,Beer,1,₱130.00,₱130.00
73967,Coke Regular,Drinks,1,₱105.00,₱105.00
73970,SOP,Pizza,1,₱425.00,₱425.00
73970,Truffle Parmesan Fries,Appetizer,1,₱325.00,₱325.00
73970,Cocoa Wonka,Drinks,2,₱245.00,₱490.00
73972,Yolo,Shake,1,₱255.00,₱255.00
73972,Gochujang Chicken Wrap,Burger/Wrap & More,1,₱425.00,₱425.00
73972,Salis Curry Steak,Entree,1,₱425.00,₱425.00
73975,Murica,Coffee,1,₱150.00,₱150.00
73975,Root Beer Float R18,Beer,1,₱325.00,₱325.00
73975,Latte,Coffee,2,₱185.00,₱370.00
73975,Murica,Coffee,2,₱150.00,₱300.00
73978,Salis Curry Steak,Entree,2,₱425.00,₱850.00
73978,Rootbeer Float Rated G,Drinks,2,₱225.00,₱450.00
73981,K. Pork Bowl,Entree,2,₱595.00,"₱1,190.00"
73981,Viet Coffee,Coffee,2,₱200.00,₱400.00
73981,Free Pudding,Promos & Freebies,2,₱0.00,₱0.00
73983,Salis Curry Steak,Entree,2,₱425.00,₱850.00
73983,Sausage Diablo,Appetizer,1,₱325.00,₱325.00
73983,Mango Shake,Shake,1,₱225.00,₱225.00
73983,Kwek Ala Carte,Appetizer,1,₱155.00,₱155.00
73987,Baletea,Tea,1,₱205.00,₱205.00
73987,SOP,Pizza,1,₱425.00,₱425.00
73990,Chicken in a Basket,Appetizer,2,₱395.00,₱790.00
73990,UTB Burger,Burger/Wrap & More,2,₱425.00,₱850.00
73990,Shrimp Po Boy,Burger/Wrap & More,1,₱475.00,₱475.00
73990,San Mig Light,Beer,2,₱130.00,₱260.00
73990,Squash Soup,Soup,2,₱315.00,₱630.00
73994,Beef Salpicao,Entree,2,₱545.00,"₱1,090.00"
73994,Eves Apple,Mocktails,2,₱295.00,₱590.00
73998,Taco,Appetizer,1,₱345.00,₱345.00
73998,Schweppes Soda Water,Drinks,1,₱105.00,₱105.00
73998,San Mig Light,Beer,2,₱130.00,₱260.00
74002,K. Beef Bowl,Entree,2,₱895.00,"₱1,790.00"
74002,Strawberry Basil Mojito,Cocktail,1,₱375.00,₱375.00
74006,Happy Hour 595+,Promos & Freebies,1,₱665.00,₱665.00
74006,San Mig Light,Beer,1,₱130.00,₱130.00
74010,Sausage Angel,Appetizer,1,₱325.00,₱325.00
74010,Truffle Parmesan Fries,Appetizer,1,₱325.00,₱325.00
74010,Chicken Rice,Entree,2,₱405.00,₱810.00
74011,Honey-Sriracha Chicken,Entree,1,₱375.00,₱375.00
74011,Merk TT,Others,1,₱345.00,₱345.00
74011,Butter Toast,Side Dish,2,₱45.00,₱90.00
74011,Bottled Water,Drinks,1,₱65.00,₱65.00
74011,San Mig Pilsen,Beer,2,₱0.00,₱0.00
74015,Seafood Chowda,Soup,2,₱365.00,₱730.00
74015,Green Mango Shake,Shake,2,₱275.00,₱550.00
74015,Honey Lemon J,Drinks,2,₱135.00,₱270.00
74015,Container,Packaging,1,₱10.00,₱10.00
74016,Murica,Coffee,2,₱150.00,₱300.00
74016,Bellagio Mochaccino,Coffee,2,₱225.00,₱450.00
74016,Pinoy Charcuterie,Appetizer,1,₱495.00,₱495.00
74018,K. Pork Bowl,Entree,1,₱595.00,₱595.00
74018,Cerveza Negra,Beer,1,₱150.00,₱150.00
74018,Green Mango Shake,Shake,2,₱225.00,₱450.00
74018,Seafood Chowda,Soup,1,₱365.00,₱365.00
74018,Bellagio Mochaccino,Coffee,2,₱225.00,₱450.00
74019,Pitcher Red Sangria,Cocktail,1,₱650.00,₱650.00
74019,Cocoa Wonka,Drinks,1,₱245.00,₱245.00
74022,Boozy Affogato,Boozy Coffee,2,₱375.00,₱750.00
74022,Mango Shake,Shake,2,₱295.00,₱590.00
74026,Superdry,Beer,1,₱0.00,₱0.00
74026,Chixsig Nachos,Appetizer,2,₱395.00,₱790.00
74026,Plain Rice,Add-ons,2,₱65.00,₱130.00
74026,Mac & Cheese,Pasta,1,₱445.00,₱445.00
74027,Glass Bulera,Cocktail,2,₱115.00,₱230.00
74027,Spanish Latte,Coffee,1,₱195.00,₱195.00
74027,Container,Packaging,2,₱10.00,₱20.00
74027,Bunwich Ala UTB,Entree,1,₱375.00,₱375.00
74029,Marrow Brulee,Dessert,1,₱365.00,₱365.00
74029,Plain Rice,Add-ons,1,₱65.00,₱65.00
74029,Sisig Rice Bowl,Entree,1,₱345.00,₱345.00
74029,Bacon Plate,Breakfast,2,₱199.00,₱398.00
74029,Beer Peach,Beer,1,₱0.00,₱0.00
74032,Strawberry Basil Mojito,Cocktail,2,₱0.00,₱0.00
74032,Baletea,Tea,2,₱130.00,₱260.00
74034,K. Beef Bowl,Entree,1,₱895.00,₱895.00
74034,Murica,Coffee,1,₱150.00,₱150.00
74034,Dynamite Ala Carte,Appetizer,1,₱155.00,₱155.00
74038,Fish Taco,Appetizer,2,₱395.00,₱790.00
74038,Bucket Cerveza Negra,Beer,1,₱750.00,₱750.00
74038,C3,Drinks,2,₱245.00,₱490.00
74038,Free Pudding,Promos & Freebies,2,₱0.00,₱0.00
74038,Free Pudding,Promos & Freebies,1,₱0.00,₱0.00
74042,Rum & Coke,Cocktail,2,₱225.00,₱450.00
74042,Baletea,Tea,1,₱205.00,₱205.00
74042,Glass Baletea,Tea,2,₱105.00,₱210.00
74042,Salmon Rice,Entree,1,₱665.00,₱665.00
74042,Honey-Sriracha Chicken,Salad,1,₱375.00,₱375.00
74045,Fries,Side Dish,2,₱95.00,₱190.00
74045,Mango Shake,Shake,2,₱145.00,₱290.00
74045,Chixsig Nachos,Appetizer,2,₱395.00,₱790.00
74045,Beef Salpicao,Entree,1,₱545.00,₱545.00
74047,C3,Drinks,2,₱245.00,₱490.00
74047,Tequila Sunrise,Cocktail,2,₱0.00,₱0.00
74047,Squash Soup,Soup,1,₱315.00,₱315.00
74047,War Heads,Cocktail,1,₱355.00,₱355.00
74047,Vodka Sunrise,Cocktail,2,₱305.00,₱610.00
74049,Pitcher Classic Mojito,Cocktail,2,₱650.00,"₱1,300.00"
74049,Strawberry Basil Mojito,Cocktail,1,₱0.00,₱0.00
74051,Sisig Rice Bowl,Entree,2,₱450.00,₱900.00
74051,Creme Brulee,Dessert,1,₱245.00,₱245.00
74051,Beef Salpicao,Entree,1,₱545.00,₱545.00
74054,Truffle Pasta,Pasta,2,₱435.00,₱870.00
74054,Glass Bulera,Cocktail,2,₱115.00,₱230.00
74054,Free Pudding,Promos & Freebies,1,₱0.00,₱0.00
74054,Truffle Parmesan Fries,Appetizer,1,₱325.00,₱325.00
74054,Warm Poke Bowl,Entree,1,₱625.00,₱625.00
74055,Baletea Freeze,Cocktail,2,₱365.00,₱730.00
74055,Superdry,Beer,2,₱0.00,₱0.00
74055,Shrimp & Chips,Appetizer,2,₱415.00,₱830.00
74055,Cappuccino,Coffee,1,₱185.00,₱185.00
74055,Mango Tapioca,Dessert,1,₱245.00,₱245.00
74057,Bucket Pilsen,Beer,1,₱600.00,₱600.00
74057,Chicken in a Basket,Appetizer,1,₱395.00,₱395.00
74057,Plain Rice,Add-ons,1,₱65.00,₱65.00
74058,Free Pudding,Promos & Freebies,2,₱0.00,₱0.00
74058,Garlic Rice,Add-ons,1,₱95.00,₱95.00
74059,K. Beef Bowl,Entree,2,₱895.00,"₱1,790.00"
74059,Trash Can,Cocktail,2,₱395.00,₱790.00
74059,Amaretto Sour,Cocktail,1,₱285.00,₱285.00
74059,SOP,Pizza,1,₱425.00,₱425.00
74059,Honey Lemon J,Drinks,1,₱135.00,₱135.00
74061,Truffle Parmesan Fries,Appetizer,2,₱325.00,₱650.00
74061,Bucket Superdry,Beer,2,₱750.00,"₱1,500.00"
74061,Chicken Parm,Entree,2,₱495.00,₱990.00
74061,Salted Caramel Frappe,Frappe,1,₱255.00,₱255.00
74064,Sausage Angel,Appetizer,1,₱325.00,₱325.00
74064,Hazelnut Macchiato,Coffee,2,₱205.00,₱410.00
74064,Strawberry Matcha Latte,Coffee,2,₱245.00,₱490.00
74064,Cocoa Wonka,Drinks,1,₱245.00,₱245.00
74068,Beer Peach,Beer,2,₱235.00,₱470.00
74068,Chixsig Nachos,Appetizer,1,₱395.00,₱395.00
74071,Matchalicious,Matcha,2,₱255.00,₱510.00
74071,K. Pork Bowl,Entree,2,₱595.00,"₱1,190.00"
74074,Beer Peach,Beer,2,₱235.00,₱470.00
74074,Tequila Sunrise,Cocktail,2,₱315.00,₱630.00
74074,Seafood Chowda,Soup,2,₱365.00,₱730.00
74076,Mango Shake,Shake,2,₱195.00,₱390.00
74076,Tequila Sunrise,Cocktail,1,₱315.00,₱315.00
74076,Bunwich Ala UTB,Burger/Wrap & More,1,₱375.00,₱375.00
74076,Cold Water,Drinks,1,₱65.00,₱65.00
74076,Salmon Rice,Entree,2,₱665.00,"₱1,330.00"
74078,Tokwat Porky Pig,Entree,1,₱395.00,₱395.00
74078,Bread Pudding,Dessert,2,₱215.00,₱430.00
74078,Warm Poke Bowl,Entree,2,₱625.00,"₱1,250.00"
74078,Taco,Appetizer,1,₱345.00,₱345.00
74080,Beer Peach,Beer,2,₱0.00,₱0.00
74080,Pitcher Classic Mojito,Cocktail,1,₱650.00,₱650.00
74080,Lychee Berry Margarita,Cocktail,2,₱355.00,₱710.00
74080,Thai Shrimp,Entree,2,₱425.00,₱850.00
74080,Warm Poke Bowl,Entree,1,₱625.00,₱625.00
74084,Pitcher Classic Mojito,Cocktail,2,₱650.00,"₱1,300.00"
74084,K. Pork Bowl,Entree,2,₱595.00,"₱1,190.00"
74086,SOP,Pizza,1,₱425.00,₱425.00
74086,Red Sangria,Cocktail,1,₱345.00,₱345.00
74089,Black Pepper Beef,Appetizer,1,₱525.00,₱525.00
74089,Salted Caramel Frappe,Frappe,1,₱255.00,₱255.00
74089,Black Pepper Beef,Appetizer,1,₱585.00,₱585.00
74091,Banana Peanut Butter,Frappe,2,₱275.00,₱550.00
74091,Free Pudding,Promos & Freebies,2,₱0.00,₱0.00
74091,Chicken Caesar Wrap,Burger/Wrap & More,1,₱425.00,₱425.00
74093,Container,Packaging,1,₱10.00,₱10.00
74093,Cajun Pasta,Pasta,1,₱425.00,₱425.00
74093,Kikiam Ala Carte,Appetizer,1,₱85.00,₱85.00
74097,Sausage Diablo,Appetizer,1,₱360.00,₱360.00
74097,Sisig Rice Bowl,Entree,1,₱415.00,₱415.00
74097,Ginger Ale,Beer,1,₱115.00,₱115.00
74097,Salis Curry Steak,Entree,2,₱425.00,₱850.00
74100,Beer Caramel,Beer,2,₱235.00,₱470.00
74100,Container,Packaging,1,₱10.00,₱10.00
74100,Bread Pudding,Dessert,1,₱215.00,₱215.00
74100,Mac & Cheese,Pasta,1,₱445.00,₱445.00
74102,Chicken Caesar Wrap,Burger/Wrap & More,2,₱425.00,₱850.00
74102,Fish Be With U,Entree,1,₱795.00,₱795.00
74103,Pitcher Classic Mojito,Cocktail,2,₱650.00,"₱1,300.00"
74103,Batwan Beef Stew,Entree,2,₱785.00,"₱1,570.00"
74103,Pixiedust,Cocktail,1,₱0.00,₱0.00
74103,Baletea,Tea,2,₱205.00,₱410.00
74103,Strawberry Lychee Shake,Shake,1,₱255.00,₱255.00
74104,Salis Curry Steak,Entree,1,₱425.00,₱425.00
74104,Kiss of Death,Cocktail,1,₱550.00,₱550.00
74104,Boozy Affogato,Boozy Coffee,1,₱375.00,₱375.00
74104,Pinoy Charcuterie,Appetizer,2,₱495.00,₱990.00
74104,Vanilla Latte,Coffee,2,₱205.00,₱410.00
74108,San Mig Pilsen,Beer,2,₱90.00,₱180.00
74108,Spanish Latte,Coffee,1,₱195.00,₱195.00
74108,Strawberry Frappe,Frappe,2,₱255.00,₱510.00
74108,Vodka Sunrise,Cocktail,2,₱305.00,₱610.00
74111,UTB Burger,Burger/Wrap & More,2,₱425.00,₱850.00
74111,Honey-Sriracha Chicken,Salad,2,₱375.00,₱750.00
74111,Sausage Diablo,Appetizer,1,₱360.00,₱360.00
74111,Mango Shake,Shake,1,₱225.00,₱225.00
74111,Kikiam Ala Carte,Appetizer,2,₱85.00,₱170.00
74113,Tokwat Porky Pig,Entree,1,₱395.00,₱395.00
74113,Beef and Shrimp Salpicao,Entree,1,₱895.00,₱895.00
74113,Dirty Matcha,Coffee,1,₱225.00,₱225.00
74113,Tokwat Porky Pig,Appetizer,2,₱395.00,₱790.00
74113,Black Pepper Beef,Appetizer,2,₱525.00,"₱1,050.00"
74116,Free Pudding,Promos & Freebies,2,₱0.00,₱0.00
74116,Free Pudding,Promos & Freebies,1,₱0.00,₱0.00
74116,SOP,Pizza,2,₱425.00,₱850.00
74116,Shrimp Po Boy,Burger/Wrap & More,1,₱475.00,₱475.00
74117,Good Morning Sunshine,Breakfast,2,₱199.00,₱398.00
74117,Beef Salpicao,Entree,2,₱545.00,"₱1,090.00"
74117,Happy Hour 595+,Promos & Freebies,2,₱665.00,"₱1,330.00"
74117,Plain Rice,Add-ons,2,₱65.00,₱130.00
74121,Pink Margarita,Cocktail,2,₱325.00,₱650.00
74121,Plain Rice,Add-ons,2,₱65.00,₱130.00
74123,San Mig Light,Beer,2,₱0.00,₱0.00
74123,San Mig Super Dry,Beer,2,₱150.00,₱300.00
74126,Bellagio Mochaccino,Coffee,2,₱225.00,₱450.00
74126,Gochujang Chicken Wrap,Burger/Wrap & More,1,₱470.00,₱470.00
74126,Pinoy Charcuterie,Appetizer,2,₱495.00,₱990.00
74126,Mango Shake,Shake,2,₱225.00,₱450.00
74130,Chicken in a Basket,Appetizer,1,₱395.00,₱395.00
74130,Viet Coffee,Coffee,1,₱200.00,₱200.00
74131,Sisig Rice Bowl,Entree,1,₱415.00,₱415.00
74131,Taco,Appetizer,2,₱345.00,₱690.00
74131,Caesar,Salad,1,₱365.00,₱365.00
74131,Viet Coffee,Coffee,1,₱145.00,₱145.00
74131,Lychee Mojito,Cocktail,1,₱355.00,₱355.00
74134,Free Chicharon,Promos & Freebies,2,₱0.00,₱0.00
74134,Bucket Pilsen,Beer,2,₱600.00,"₱1,200.00"
74134,Matcha Frappe,Frappe,1,₱255.00,₱255.00
74136,Bucket Pilsen,Beer,1,₱600.00,₱600.00
74136,Free Pudding,Promos & Freebies,2,₱0.00,₱0.00
74138,Strawberry Frappe,Frappe,1,₱255.00,₱255.00
74138,Caesar,Salad,1,₱365.00,₱365.00
74140,Free Pudding,Promos & Freebies,1,₱0.00,₱0.00
74140,Tokwat Porky Pig,Entree,2,₱395.00,₱790.00
74140,SOP,Pizza,2,₱425.00,₱850.00
74141,Squash Soup,Soup,1,₱315.00,₱315.00
74141,Mango Shake,Shake,1,₱295.00,₱295.00
74141,Cocoa Wonka,Drinks,1,₱245.00,₱245.00
74141,Creme Brulee,Dessert,2,₱245.00,₱490.00
74145,War Heads,Cocktail,2,₱355.00,₱710.00
74145,Shrimp Po Boy,Burger/Wrap & More,2,₱455.00,₱910.00
74145,Warm Poke Bowl,Entree,1,₱625.00,₱625.00
74145,Cerveza Negra,Beer,1,₱150.00,₱150.00
74148,Mango Tapioca,Dessert,1,₱245.00,₱245.00
74148,San Mig Pilsen,Beer,2,₱120.00,₱240.00
74150,Truffle Parmesan Fries,Appetizer,2,₱325.00,₱650.00
74150,Dirty Matcha,Coffee,2,₱225.00,₱450.00
74150,Mango Shake,Shake,1,₱155.00,₱155.00
74150,Honey Lemon J,Drinks,1,₱135.00,₱135.00
74153,Egg,Add-ons,2,₱40.00,₱80.00
74153,Plain Rice,Add-ons,1,₱65.00,₱65.00
74154,Plain Rice,Add-ons,1,₱65.00,₱65.00
74154,Seafood Chowda,Soup,1,₱365.00,₱365.00
74154,Strawberry Lychee Shake,Shake,2,₱255.00,₱510.00
74154,Cappuccino,Coffee,2,₱185.00,₱370.00
74157,Coke Regular,Drinks,1,₱105.00,₱105.00
74157,Eyogi Tea,Tea,1,₱125.00,₱125.00
74157,Corned Beef Plate,Breakfast,1,₱199.00,₱199.00
74157,Beer Peach,Beer,1,₱235.00,₱235.00
74157,Boozy Affogato,Boozy Coffee,2,₱375.00,₱750.00
74159,San Mig Pilsen,Beer,1,₱120.00,₱120.00
74159,Sop,Pizza,1,₱425.00,₱425.00
74163,Mango Tapioca,Dessert,1,₱245.00,₱245.00
74163,Plain Rice,Add-ons,2,₱65.00,₱130.00
74163,Kawali Bowl,Entree,1,₱199.00,₱199.00
74163,Latte,Coffee,2,₱205.00,₱410.00
74167,Bone-in PorkChop,Entree,1,"₱1,095.00","₱1,095.00"
74167,Black Pepper Beef,Appetizer,2,₱525.00,"₱1,050.00"
74167,Seafood Pesto,Pasta,1,₱495.00,₱495.00
74171,Fishball Ala Carte,Appetizer,2,₱75.00,₱150.00
74171,Container,Packaging,2,₱10.00,₱20.00
74173,Fish Taco,Appetizer,2,₱395.00,₱790.00
74173,Glass Baletea,Tea,2,₱105.00,₱210.00
74173,BaleteHeat,Cocktail,2,₱0.00,₱0.00
74176,Yolo,Shake,2,₱255.00,₱510.00
74176,Cappuccino,Coffee,1,₱185.00,₱185.00
74176,Squash Soup,Soup,1,₱315.00,₱315.00
74176,Garlic Rice,Add-ons,2,₱95.00,₱190.00
74178,Chicken in a Basket,Appetizer,1,₱395.00,₱395.00
74178,Chicken Rice,Entree,1,₱405.00,₱405.00
74178,Sisig Rice Bowl,Entree,1,₱415.00,₱415.00
74181,Oxtail Soup,Soup,2,₱795.00,"₱1,590.00"
74181,Caramel Macchiato,Coffee,1,₱195.00,₱195.00
74181,Truffle Parmesan Fries,Appetizer,2,₱325.00,₱650.00
74181,Sisig Rice Bowl,Entree,1,₱415.00,₱415.00
74182,Glass Baletea,Tea,1,₱105.00,₱105.00
74182,Spanish Latte,Coffee,2,₱195.00,₱390.00
74185,Chicken Rice,Entree,2,₱405.00,₱810.00
74185,Beer Caramel,Beer,1,₱235.00,₱235.00
74185,Green Mango Shake,Shake,2,₱225.00,₱450.00
74185,Coke Zero,Drinks,1,₱105.00,₱105.00
74185,Grilled Tuna,Entree,1,₱395.00,₱395.00
74187,Sisig Rice Bowl,Entree,2,₱415.00,₱830.00
74187,Cocoa Wonka,Drinks,2,₱245.00,₱490.00
74187,Seafood Chowda,Soup,2,₱365.00,₱730.00
74187,Cerveza Negra,Beer,1,₱150.00,₱150.00
74187,Lychee Shake,Shake,2,₱225.00,₱450.00
74190,Rootbeer Float Rated G,Drinks,1,₱225.00,₱225.00
74190,Trash Can,Dessert,1,₱395.00,₱395.00
74190,Squash Soup,Soup,2,₱315.00,₱630.00
74193,Black Pepper Beef,Appetizer,2,₱525.00,"₱1,050.00"
74193,Free Chicharon,Promos & Freebies,2,₱0.00,₱0.00
74193,Butter Toast,Side Dish,2,₱45.00,₱90.00
74195,Honey-Sriracha Chicken,Entree,2,₱375.00,₱750.00
74195,Lychee Mojito,Cocktail,2,₱355.00,₱710.00
74195,Bucket Light,Beer,2,₱650.00,"₱1,300.00"
74195,Pinoy Charcuterie,Appetizer,2,₱495.00,₱990.00
74197,San Mig Pilsen,Beer,1,₱120.00,₱120.00
74197,Chixsig Nachos,Appetizer,1,₱395.00,₱395.00
74197,Container,Packaging,1,₱10.00,₱10.00
74197,Truffle Pasta,Pasta,2,₱435.00,₱870.00
74197,Sop,Pizza,2,₱425.00,₱850.00
74201,Fish Be With U,Entree,2,₱795.00,"₱1,590.00"
74201,Beer Peach,Beer,1,₱235.00,₱235.00
74201,Shrimp Po Boy,Burger/Wrap & More,1,₱455.00,₱455.00
74201,Fish Taco,Appetizer,1,₱395.00,₱395.00
74203,Plain Rice,Add-ons,1,₱65.00,₱65.00
74203,Coke Regular,Drinks,2,₱105.00,₱210.00
74203,Good Morning Sunshine,Breakfast,1,₱199.00,₱199.00
74205,Bucket Assorted,Beer,2,₱750.00,"₱1,500.00"
74205,Salis Curry Steak,Entree,2,₱425.00,₱850.00
74205,Fries,Side Dish,1,₱95.00,₱95.00
74284,Viet Coffee,Coffee,2,₱200.00,₱400.00
74284,San Mig Pilsen,Beer,2,₱120.00,₱240.00
74284,Mango Shake,Shake,1,₱295.00,₱295.00
74284,San Mig Pilsen,Beer,2,₱0.00,₱0.00
74284,Marrow Brulee,Appetizer,1,₱365.00,₱365.00
74286,Honey-Sriracha Chicken,Entree,1,₱375.00,₱375.00
74286,Cerveza Negra,Beer,2,₱150.00,₱300.00
74290,Mango Shake,Shake,2,₱155.00,₱310.00
74290,Mango Shake,Shake,1,₱225.00,₱225.00
74290,Breakfast Pudding,Dessert,1,₱199.00,₱199.00
74290,Tailgate Ribs,Entree,1,₱595.00,₱595.00
74290,Cold Water,Drinks,2,₱65.00,₱130.00
74294,Pork Bowl,Entree,2,₱595.00,"₱1,190.00"
74294,Free Pudding,Promos & Freebies,2,₱0.00,₱0.00
74294,Hazelnut Macchiato,Coffee,1,₱205.00,₱205.00
74294,Salis Curry Steak,Entree,1,₱425.00,₱425.00
74294,Johnnie Walker Black S,Hard Liquor,2,₱195.00,₱390.00
74295,San Mig Light,Beer,1,₱130.00,₱130.00
74295,Red Sangria,Cocktail,1,₱345.00,₱345.00
74295,Free Pudding,Promos & Freebies,1,₱0.00,₱0.00
74295,Matchaholic,Matcha,1,₱0.00,₱0.00
74295,Bucket Pilsen,Beer,1,₱600.00,₱600.00
74296,San Mig Pilsen,Beer,2,₱0.00,₱0.00
74296,Sausage Diablo,Appetizer,2,₱325.00,₱650.00
74296,Truffle Parmesan Fries,Appetizer,1,₱325.00,₱325.00
74296,Tailgate Ribs,Entree,1,₱595.00,₱595.00
74299,SOP,Pizza,2,₱425.00,₱850.00
74299,Surf & Turf,Entree,1,"₱1,195.00","₱1,195.00"
74303,Banana Peanut Butter,Frappe,2,₱275.00,₱550.00
74303,Pitcher Classic Mojito,Cocktail,1,₱650.00,₱650.00
74303,UT-Pork Bowl,Entree,1,₱595.00,₱595.00
74306,Warm Poke Bowl,Entree,1,₱625.00,₱625.00
74306,Container,Packaging,2,₱10.00,₱20.00
74306,Pinoy Charcuterie,Appetizer,1,₱495.00,₱495.00
74307,Murica,Coffee,2,₱150.00,₱300.00
74307,Seafood Pesto,Pasta,2,₱495.00,₱990.00
74307,Honey-Sriracha Chicken,Salad,1,₱375.00,₱375.00
74309,Johnnie Walker Black S,Hard Liquor,2,₱195.00,₱390.00
74309,Kawali Bowl,Entree,1,₱199.00,₱199.00
74312,Murica,Entree,2,₱150.00,₱300.00
74312,Thai Shrimp,Entree,1,₱425.00,₱425.00
74314,Vodka Sunrise,Cocktail,1,₱305.00,₱305.00
74314,Mango Shake,Shake,1,₱295.00,₱295.00
74314,Vodka Sunrise,Cocktail,2,₱305.00,₱610.00
74314,UTB Burger,Burger/Wrap & More,2,₱425.00,₱850.00
74314,Bunwich Ala UTB,Entree,2,₱375.00,₱750.00
74316,Eves Apple,Mocktails,1,₱295.00,₱295.00
74316,Amaretto Sour,Cocktail,1,₱285.00,₱285.00
74316,Surf & Turf,Entree,1,"₱1,195.00","₱1,195.00"
74316,Chicken Parm,Entree,2,₱495.00,₱990.00
74319,Trash Can,Cocktail,2,₱395.00,₱790.00
74319,Egg,Add-ons,1,₱40.00,₱40.00
74321,Happy Hour 595+,Promos & Freebies,2,₱665.00,"₱1,330.00"
74321,Tapsi & More,Entree,2,₱425.00,₱850.00
74322,Mango Shake,Shake,1,₱145.00,₱145.00
74322,Rum & Coke,Cocktail,2,₱225.00,₱450.00
74322,Mac & Cheese,Pasta,2,₱445.00,₱890.00
74322,San Mig Super Dry,Beer,2,₱150.00,₱300.00
74324,Salis Curry Steak,Entree,2,₱425.00,₱850.00
74324,Warm Poke Bowl,Entree,2,₱625.00,"₱1,250.00"
74324,Mac & Cheese,Pasta,1,₱445.00,₱445.00
74326,Salmon Rice,Entree,2,₱665.00,"₱1,330.00"
74326,Bucket Cerveza Negra,Beer,1,₱750.00,₱750.00
74326,Schweppes Tonic Water,Drinks,2,₱105.00,₱210.00
74326,Latte,Coffee,1,₱185.00,₱185.00
74329,Fish Taco,Appetizer,2,₱395.00,₱790.00
74329,Trash Can,Cocktail,2,₱395.00,₱790.00
74332,San Mig Pilsen,Beer,1,₱120.00,₱120.00
74332,Tokwat Porky Pig,Appetizer,2,₱395.00,₱790.00
74336,Warm Poke Bowl,Entree,2,₱625.00,"₱1,250.00"
74336,BaleteHeat,Cocktail,1,₱0.00,₱0.00
74336,Cajun Pasta,Pasta,2,₱425.00,₱850.00
74340,Warm Poke Bowl,Entree,2,₱625.00,"₱1,250.00"
74340,Seafood Chowda,Soup,1,₱365.00,₱365.00
74340,San Mig Light,Beer,2,₱130.00,₱260.00
74340,Rootbeer Float Rated G,Drinks,2,₱225.00,₱450.00
74340,Seafood Pesto,Pasta,2,₱495.00,₱990.00
74344,Strawberry Frappe,Frappe,1,₱255.00,₱255.00
74344,Pink Margarita,Cocktail,2,₱325.00,₱650.00
74344,Viet Coffee,Coffee,2,₱195.00,₱390.00
74344,Shrimp Po Boy,Burger/Wrap & More,2,₱455.00,₱910.00
74347,Caesar,Salad,1,₱365.00,₱365.00
74347,Tapsi & More,Entree,2,₱425.00,₱850.00
74349,Caramel Macchiato,Coffee,1,₱195.00,₱195.00
74349,Tailgate Ribs,Entree,1,₱595.00,₱595.00
74352,Coke Zero,Drinks,1,₱105.00,₱105.00
74352,Jim Beam Whiskey,Hard Liquor,1,"₱2,600.00","₱2,600.00"
74352,Tapsi & More,Entree,1,₱425.00,₱425.00
74353,Mango Shake,Shake,2,₱140.00,₱280.00
74353,Classic Mojito,Cocktail,2,₱295.00,₱590.00
74353,Bread Pudding,Dessert,2,₱215.00,₱430.00
74353,Tapsi & More,Entree,1,₱425.00,₱425.00
74353,Coke Zero,Drinks,1,₱30.00,₱30.00
74355,Trash Can,Cocktail,2,₱395.00,₱790.00
74355,Chixsig Nachos,Appetizer,1,₱395.00,₱395.00
74355,Truffle Pasta,Pasta,2,₱435.00,₱870.00
74359,Bellagio Mochaccino,Coffee,1,₱225.00,₱225.00
74359,Trash Can,Cocktail,2,₱395.00,₱790.00
74359,Baletea,Tea,1,₱205.00,₱205.00
74359,Schweppes Soda Water,Drinks,1,₱105.00,₱105.00
74362,Mug Root Beer,Beer,1,₱105.00,₱105.00
74362,Cerveza Negra,Beer,1,₱150.00,₱150.00
74364,Asian Chicken,Salad,2,₱365.00,₱730.00
74364,Green Mango Shake,Shake,2,₱275.00,₱550.00
74364,Pink Margarita,Cocktail,1,₱0.00,₱0.00
74367,Seafood Chowda,Soup,2,₱365.00,₱730.00
74367,Grilled Tuna,Entree,1,₱395.00,₱395.00
74367,Under the Summer Sun,Cocktail,2,₱335.00,₱670.00
74367,Bday Ice Cream,Dessert,1,₱0.00,₱0.00
74368,Bellagio Mochaccino,Coffee,2,₱225.00,₱450.00
74368,Mango Shake,Shake,2,₱280.00,₱560.00
74368,Tapsi & More,Entree,1,₱425.00,₱425.00
74368,Dirty Matcha,Coffee,1,₱225.00,₱225.00
74368,Tailgate Ribs,Entree,1,₱595.00,₱595.00
74372,Mac & Cheese,Pasta,1,₱0.00,₱0.00
74372,Free Chicharon,Promos & Freebies,2,₱0.00,₱0.00
74374,Sisig Rice Bowl,Entree,2,₱415.00,₱830.00
74374,Pork Sisig,Entree,1,₱345.00,₱345.00
74374,Bucket Assorted,Beer,1,₱750.00,₱750.00
74374,Pink Margarita,Cocktail,1,₱0.00,₱0.00
74376,Chicken in a Basket,Appetizer,2,₱395.00,₱790.00
74376,Simple Affogato,Coffee,1,₱245.00,₱245.00
74378,Pinoy Charcuterie,Appetizer,1,₱495.00,₱495.00
74378,Sisig Rice Bowl,Entree,1,₱415.00,₱415.00
74378,Surf & Turf,Entree,1,"₱1,195.00","₱1,195.00"
74378,Beer Peach,Beer,1,₱0.00,₱0.00
74382,Coke Regular,Drinks,1,₱125.00,₱125.00
74382,Thai Shrimp,Entree,1,₱425.00,₱425.00
74382,Fries,Side Dish,2,₱95.00,₱190.00
74382,Fish Taco,Appetizer,1,₱395.00,₱395.00
74385,Chicken & Waffles,Entree,1,₱425.00,₱425.00
74385,Pink Margarita,Cocktail,2,₱0.00,₱0.00
74385,Chicken Parm,Entree,2,₱495.00,₱990.00
74385,Extra Espresso Shot,Coffee,1,₱95.00,₱95.00
74385,Truffle Parmesan Fries,Appetizer,1,₱325.00,₱325.00
74387,Chicken Rice,Entree,2,₱405.00,₱810.00
74387,Tapsi & More,Entree,2,₱425.00,₱850.00
74389,Salmon Rice,Entree,2,₱665.00,"₱1,330.00"
74389,Coke Regular,Drinks,1,₱105.00,₱105.00
74389,Mango Shake,Shake,2,₱155.00,₱310.00
74389,Trash Can,Dessert,2,₱395.00,₱790.00
74392,K. Beef Bowl,Entree,2,₱895.00,"₱1,790.00"
74392,Beef and Shrimp Salpicao,Entree,2,₱895.00,"₱1,790.00"
74392,Chicken in a Basket,Appetizer,2,₱395.00,₱790.00
74393,Simple Affogato,Coffee,2,₱245.00,₱490.00
74393,Garlic Rice,Add-ons,2,₱95.00,₱190.00
74393,San Mig Pilsen,Beer,2,₱120.00,₱240.00
74395,Cerveza Negra,Beer,2,₱150.00,₱300.00
74395,C3,Drinks,2,₱245.00,₱490.00
74395,Squash Soup,Soup,2,₱315.00,₱630.00
74395,Free Pudding,Promos & Freebies,2,₱0.00,₱0.00
74395,Good Morning Sunshine,Breakfast,2,₱199.00,₱398.00
74399,SOP,Pizza,1,₱425.00,₱425.00
74399,Salmon Rice,Entree,2,₱665.00,"₱1,330.00"
74399,San Mig Light,Beer,2,₱130.00,₱260.00
74399,Mango Shake,Shake,1,₱145.00,₱145.00
74401,Truffle Parmesan Fries,Appetizer,1,₱325.00,₱325.00
74401,Salis Curry Steak,Entree,2,₱425.00,₱850.00
74401,Caesar,Salad,2,₱365.00,₱730.00
74401,Warm Poke Bowl,Entree,2,₱625.00,"₱1,250.00"
74401,Coke Zero,Drinks,1,₱105.00,₱105.00
74404,Batwan Beef Stew,Entree,2,₱725.00,"₱1,450.00"
74404,Mango Shake,Shake,1,₱225.00,₱225.00
74404,K. Pork Bowl,Entree,1,₱595.00,₱595.00
74404,UTB Burger,Burger/Wrap & More,1,₱425.00,₱425.00
74404,Rootbeer Float,Drinks,1,₱225.00,₱225.00
74405,Rootbeer Float Rated G,Drinks,2,₱225.00,₱450.00
74405,UTB Burger,Burger/Wrap & More,1,₱425.00,₱425.00
74406,Salis Curry Steak,Entree,1,₱425.00,₱425.00
74406,Container,Packaging,2,₱10.00,₱20.00
74406,C3,Drinks,2,₱245.00,₱490.00
74408,Beef Salpicao,Entree,2,₱545.00,"₱1,090.00"
74408,Breakfast Pudding,Dessert,2,₱199.00,₱398.00
74408,San Mig Pilsen,Beer,2,₱0.00,₱0.00
74408,Cappuccino,Coffee,2,₱185.00,₱370.00
74408,Pork Sisig,Entree,1,₱345.00,₱345.00
74412,Platter Plain Rice,Side Dish,2,₱295.00,₱590.00
74412,Cajun Pasta,Pasta,2,₱425.00,₱850.00
74412,Pinoy Charcuterie,Appetizer,1,₱495.00,₱495.00
74415,Plain Rice,Add-ons,1,₱65.00,₱65.00
74415,Mango Shake,Shake,2,₱225.00,₱450.00
74415,Takoyaki,Appetizer,1,₱345.00,₱345.00
74417,Tailgate Ribs,Entree,1,₱595.00,₱595.00
74417,Strawberry Basil Mojito,Cocktail,2,₱0.00,₱0.00
74417,Glass Bulera,Cocktail,2,₱115.00,₱230.00
74417,Chicken Parm,Entree,2,₱495.00,₱990.00
74420,San Mig Light,Beer,2,₱0.00,₱0.00
74420,Caramel Macchiato,Coffee,2,₱195.00,₱390.00
74423,Bunwich Ala UTB,Entree,2,₱375.00,₱750.00
74423,Chicken Parm,Entree,2,₱495.00,₱990.00
74423,Tokwat Porky Pig,Appetizer,1,₱395.00,₱395.00
74423,C3,Drinks,2,₱245.00,₱490.00
74423,Superdry,Beer,1,₱0.00,₱0.00
74427,Cappuccino,Coffee,2,₱185.00,₱370.00
74427,Free Pudding,Promos & Freebies,2,₱0.00,₱0.00
74427,Under the Summer Sun,Cocktail,1,₱0.00,₱0.00
74427,Mango Shake,Shake,2,₱225.00,₱450.00
74427,San Mig Super Dry,Beer,1,₱150.00,₱150.00
74430,Container,Packaging,2,₱10.00,₱20.00
74430,Shrimp Po Boy,Burger/Wrap & More,1,₱455.00,₱455.00
74434,Gochujang Chicken Wrap,Burger/Wrap & More,1,₱425.00,₱425.00
74434,Baletea Freeze,Cocktail,2,₱365.00,₱730.00
74436,Tokwat Porky Pig,Entree,1,₱395.00,₱395.00
74436,Asian Chicken,Salad,1,₱365.00,₱365.00
74436,Chixsig Nachos,Appetizer,2,₱395.00,₱790.00
74436,Batwan Beef Stew,Entree,2,₱785.00,"₱1,570.00"
74436,Truffle Parmesan Fries,Appetizer,2,₱325.00,₱650.00
74437,Mango Shake,Shake,2,₱155.00,₱310.00
74437,C3,Drinks,1,₱245.00,₱245.00
74437,Superdry,Beer,1,₱0.00,₱0.00
74437,Honey-Sriracha Chicken,Entree,2,₱375.00,₱750.00
74437,Thai Shrimp,Entree,1,₱425.00,₱425.00
74438,Salis Curry Steak,Entree,2,₱425.00,₱850.00
74438,Warm Poke Bowl,Entree,2,₱625.00,"₱1,250.00"
74438,Cappuccino,Coffee,2,₱185.00,₱370.00
74440,Chicken in a Basket,Appetizer,1,₱395.00,₱395.00
74440,Free Chicharon,Promos & Freebies,1,₱0.00,₱0.00
74440,Root Beer Float R18,Beer,2,₱325.00,₱650.00
74443,Sausage Angel,Appetizer,1,₱325.00,₱325.00
74443,Lychee Shake,Shake,1,₱225.00,₱225.00
74445,Happy Hour 595+,Promos & Freebies,1,₱665.00,₱665.00
74445,Dirty Matcha,Coffee,2,₱225.00,₱450.00
74445,Bucket Light,Beer,1,₱650.00,₱650.00
74445,Superdry,Beer,1,₱0.00,₱0.00
74448,Salmon Rice,Entree,2,₱665.00,"₱1,330.00"
74448,Mug Root Beer,Beer,1,₱105.00,₱105.00
74451,Kikiam Ala Carte,Appetizer,2,₱85.00,₱170.00
74451,Tanqueray Gin Shot,Hard Liquor,1,₱190.00,₱190.00
74451,Salis Curry Steak,Entree,1,₱425.00,₱425.00
74452,Tapsi & More,Entree,1,₱425.00,₱425.00
74452,Matcha Frappe,Frappe,2,₱255.00,₱510.00
74456,Sisig Rice Bowl,Entree,2,₱450.00,₱900.00
74456,Beef Salpicao,Entree,1,₱545.00,₱545.00
74457,Bucket Light,Beer,2,₱650.00,"₱1,300.00"
74457,Superdry,Beer,1,₱0.00,₱0.00
74460,Chicken & Waffles,Entree,1,₱425.00,₱425.00
74460,Mac & Cheese,Pasta,2,₱0.00,₱0.00
74460,Batwan Beef Stew,Entree,1,₱725.00,₱725.00
74460,Tailgate Ribs,Entree,1,₱595.00,₱595.00
74463,Bucket Light,Beer,1,₱650.00,₱650.00
74463,San Mig Light,Beer,2,₱0.00,₱0.00
74463,Eves Apple,Mocktails,1,₱295.00,₱295.00
74463,Latte,Coffee,1,₱185.00,₱185.00
74463,Bread Pudding,Dessert,2,₱215.00,₱430.00
74465,Johnnie Walker Black S,Hard Liquor,2,₱195.00,₱390.00
74465,Squash Soup,Soup,1,₱315.00,₱315.00
74465,Lychee Berry Margarita,Cocktail,2,₱355.00,₱710.00
74465,Lychee Berry Margarita,Cocktail,2,₱355.00,₱710.00
74469,Mac & Cheese,Pasta,2,₱445.00,₱890.00
74469,Viet Coffee,Coffee,2,₱195.00,₱390.00
74469,Shrimp Salpicao,Entree,2,₱415.00,₱830.00
74471,Creme Brulee,Dessert,2,₱245.00,₱490.00
74471,Chicken in a Basket,Appetizer,2,₱395.00,₱790.00
74471,Seafood Chowda,Soup,2,₱365.00,₱730.00
74471,Chicken & Waffles,Entree,2,₱425.00,₱850.00
74471,Red Sangria,Cocktail,1,₱345.00,₱345.00
74472,Platter Plain Rice,Side Dish,1,₱295.00,₱295.00
74472,Matcha Frappe,Frappe,1,₱255.00,₱255.00
74472,Cerveza Negra,Beer,1,₱150.00,₱150.00
74474,Sausage Diablo,Appetizer,2,₱360.00,₱720.00
74474,C3,Drinks,2,₱245.00,₱490.00
74474,K. Pork Bowl,Entree,2,₱595.00,"₱1,190.00"
74474,Free Pudding,Promos & Freebies,1,₱0.00,₱0.00
74474,San Mig Light,Beer,1,₱130.00,₱130.00
74478,Schweppes Tonic Water,Drinks,2,₱105.00,₱210.00
74478,SOP,Pizza,1,₱425.00,₱425.00
74478,Pitcher Red Sangria,Cocktail,1,₱650.00,₱650.00
74478,Strawberry Lychee Shake,Shake,1,₱255.00,₱255.00
74480,War Heads,Cocktail,2,₱355.00,₱710.00
74480,Jim Beam Whiskey,Hard Liquor,1,"₱2,600.00","₱2,600.00"
74480,Container,Packaging,2,₱10.00,₱20.00
74482,Chix Ball Ala Carte,Appetizer,2,₱95.00,₱190.00
74482,Squash Soup,Soup,1,₱315.00,₱315.00
74482,K. Pork Bowl,Entree,1,₱585.00,₱585.00
74482,Bucket Pilsen,Beer,2,₱600.00,"₱1,200.00"
74482,San Mig Pilsen,Beer,2,₱0.00,₱0.00
74485,Bunwich Ala UTB,Burger/Wrap & More,1,₱375.00,₱375.00
74485,Strawberry Latte,Coffee,2,₱215.00,₱430.00
74485,Seafood Pesto,Pasta,1,₱495.00,₱495.00
74489,Good Morning Sunshine,Breakfast,1,₱199.00,₱199.00
74489,Bellagio Mochaccino,Coffee,1,₱225.00,₱225.00
74489,Mountain Dew,Drinks,2,₱105.00,₱210.00
74489,Strawberry Matcha Latte,Coffee,1,₱245.00,₱245.00
74493,Batwan Beef Stew,Entree,1,₱725.00,₱725.00
74493,Pork Sisig,Entree,1,₱345.00,₱345.00
74493,Jim Beam Whiskey,Hard Liquor,1,"₱2,600.00","₱2,600.00"
74497,Tailgate Ribs,Entree,1,₱650.00,₱650.00
74497,Xtra Scoop Ice Cream,Dessert,2,₱65.00,₱130.00
74497,San Mig Super Dry,Beer,2,₱150.00,₱300.00
74497,Trash Can,Cocktail,1,₱395.00,₱395.00
74499,Chicken Rice,Entree,2,₱405.00,₱810.00
74499,Matchaholic,Matcha,1,₱0.00,₱0.00
74499,Truffle Pasta,Pasta,1,₱435.00,₱435.00
74499,Bucket Superdry,Beer,2,₱750.00,"₱1,500.00"
74499,Bread Pudding,Dessert,2,₱215.00,₱430.00
74501,Green Mango Shake,Shake,2,₱225.00,₱450.00
74501,Asian Chicken,Salad,1,₱365.00,₱365.00
74505,Black Pepper Beef,Appetizer,1,₱525.00,₱525.00
74505,Seafood Pesto,Pasta,2,₱495.00,₱990.00
74508,Shrimp Salpicao,Entree,1,₱415.00,₱415.00
74508,Pitcher Classic Mojito,Cocktail,1,₱650.00,₱650.00
74512,Spanish Latte,Coffee,2,₱195.00,₱390.00
74512,Beef Salpicao,Entree,1,₱545.00,₱545.00
74512,Coke Zero,Drinks,2,₱105.00,₱210.00
74512,Tanqueray Gin Shot,Hard Liquor,2,₱190.00,₱380.00
74513,Sop,Pizza,1,₱425.00,₱425.00
74513,Pinoy Charcuterie,Appetizer,2,₱495.00,₱990.00
74513,San Mig Super Dry,Beer,2,₱150.00,₱300.00
74513,Pinoy Charcuterie,Appetizer,1,₱495.00,₱495.00
74514,Fish Taco,Appetizer,1,₱395.00,₱395.00
74514,Bucket Assorted,Beer,1,₱750.00,₱750.00
74516,Plain Rice,Add-ons,2,₱65.00,₱130.00
74516,Fish Taco,Appetizer,1,₱395.00,₱395.00
74516,Mango Shake,Shake,1,₱295.00,₱295.00
74516,Grilled Tuna,Entree,2,₱395.00,₱790.00
74519,Yogi Tea,Tea,1,₱125.00,₱125.00
74519,Viet Coffee,Coffee,1,₱200.00,₱200.00
74519,Green Mango Shake,Shake,2,₱275.00,₱550.00
74521,Rum & Coke,Cocktail,1,₱225.00,₱225.00
74521,Negra,Beer,2,₱0.00,₱0.00
74521,Mango Shake,Shake,2,₱225.00,₱450.00
74525,Tapsi & More,Entree,1,₱425.00,₱425.00
74525,Bunwich Ala UTB,Burger/Wrap & More,1,₱375.00,₱375.00
74527,Free Pudding,Promos & Freebies,2,₱0.00,₱0.00
74527,Simple Affogato,Coffee,2,₱245.00,₱490.00
74527,Kawali Bowl,Entree,1,₱199.00,₱199.00
74529,BaleteHeat,Cocktail,2,₱0.00,₱0.00
74529,Chicken in a Basket,Appetizer,2,₱395.00,₱790.00
74529,Salis Curry Steak,Entree,1,₱425.00,₱425.00
74532,Egg,Add-ons,2,₱40.00,₱80.00
74532,Bucket Assorted,Beer,1,₱750.00,₱750.00
74532,Sop,Pizza,1,₱425.00,₱425.00
74532,Sisig Rice Bowl,Entree,1,₱450.00,₱450.00
74532,Bone-in PorkChop,Entree,2,"₱1,095.00","₱2,190.00"
74534,Coke Zero,Drinks,1,₱30.00,₱30.00
74534,Grilled Tuna,Entree,2,₱395.00,₱790.00
74534,Baletea,Tea,1,₱205.00,₱205.00
74534,Coke Regular,Drinks,1,₱125.00,₱125.00
74536,Sisig Rice Bowl,Entree,2,₱450.00,₱900.00
74536,Cappuccino,Coffee,2,₱185.00,₱370.00
74536,Free Pudding,Promos & Freebies,1,₱0.00,₱0.00
74538,Dirty Matcha,Coffee,2,₱225.00,₱450.00
74538,Chicken & Waffles,Entree,2,₱425.00,₱850.00
74539,Marrow Brulee,Appetizer,1,₱365.00,₱365.00
74539,Mug Root Beer,Beer,1,₱105.00,₱105.00
74539,Bunwich Ala UTB,Burger/Wrap & More,2,₱375.00,₱750.00
74539,Mango Shake,Shake,2,₱140.00,₱280.00
74539,San Mig Light,Beer,2,₱0.00,₱0.00
74543,Fish Be With U,Entree,1,₱795.00,₱795.00
74543,Salmon Rice,Entree,2,₱665.00,"₱1,330.00"
74543,Free Pudding,Promos & Freebies,1,₱0.00,₱0.00
74543,Viet Coffee,Coffee,1,₱200.00,₱200.00
74543,Egg,Add-ons,1,₱40.00,₱40.00
74544,Boozy Affogato,Boozy Coffee,1,₱375.00,₱375.00
74544,Beef Salpicao,Entree,1,₱545.00,₱545.00
74544,Mango Shake,Shake,2,₱280.00,₱560.00
74548,Pitcher Red Sangria,Cocktail,2,₱650.00,"₱1,300.00"
74548,Cappuccino,Coffee,2,₱185.00,₱370.00
74548,Plain Rice,Add-ons,1,₱65.00,₱65.00
74552,Coke Zero,Drinks,2,₱105.00,₱210.00
74552,Fish Be With U,Entree,1,₱795.00,₱795.00
74552,Bottled Water,Drinks,1,₱65.00,₱65.00
74552,Cerveza Negra,Beer,1,₱150.00,₱150.00
74554,Strawberry Basil Mojito,Cocktail,1,₱0.00,₱0.00
74554,Rootbeer Float Rated G,Drinks,1,₱225.00,₱225.00
74555,Taco,Appetizer,1,₱345.00,₱345.00
74555,San Mig Light,Beer,2,₱130.00,₱260.00
74555,Container,Packaging,2,₱10.00,₱20.00
74555,Bucket Assorted,Beer,2,₱750.00,"₱1,500.00"
74555,Strawberry Frappe,Frappe,2,₱255.00,₱510.00
74558,Matcha Frappe,Frappe,2,₱255.00,₱510.00
74558,Chicharon,Appetizer,2,₱145.00,₱290.00
74558,Tokwat Porky Pig,Appetizer,2,₱395.00,₱790.00
74558,BaleteHeat,Cocktail,2,₱0.00,₱0.00
74561,Bucket Assorted,Beer,1,₱750.00,₱750.00
74561,Chixsig Nachos,Appetizer,1,₱395.00,₱395.00
74561,Mac & Cheese,Pasta,2,₱445.00,₱890.00
74563,Free Pudding,Promos & Freebies,2,₱0.00,₱0.00
74563,Free Pudding,Promos & Freebies,2,₱0.00,₱0.00
74563,Coke Zero,Drinks,1,₱105.00,₱105.00
74563,Tailgate Ribs,Entree,2,₱595.00,"₱1,190.00"
74564,Black Pepper Beef,Appetizer,1,₱525.00,₱525.00
74564,Mango Shake,Shake,2,₱295.00,₱590.00
74564,San Mig Light,Beer,2,₱130.00,₱260.00
74564,Tokwat Porky Pig,Entree,1,₱395.00,₱395.00
74564,SOP,Pizza,2,₱425.00,₱850.00
74565,Bunwich Ala UTB,Burger/Wrap & More,2,₱375.00,₱750.00
74565,Honey-Sriracha Chicken,Salad,1,₱375.00,₱375.00
74569,Salted Caramel Frappe,Frappe,2,₱255.00,₱510.00
74569,UT-Pork Bowl,Entree,1,₱595.00,₱595.00
74569,Murica,Coffee,1,₱150.00,₱150.00
74569,Salmon Rice,Entree,1,₱665.00,₱665.00
74573,Caesar,Salad,2,₱365.00,₱730.00
74573,Murica,Entree,1,₱150.00,₱150.00
74573,Shrimp Po Boy,Burger/Wrap & More,1,₱455.00,₱455.00
74573,Negra,Beer,1,₱0.00,₱0.00
74573,Free Chicharon,Promos & Freebies,1,₱0.00,₱0.00
74574,Pitcher Red Sangria,Cocktail,1,₱650.00,₱650.00
74574,Pitcher Classic Mojito,Cocktail,2,₱650.00,"₱1,300.00"
74576,San Mig Pilsen,Beer,2,₱120.00,₱240.00
74576,Vegetable Arrabbiata,Pasta,2,₱415.00,₱830.00
74654,Tokwat Porky Pig,Appetizer,2,₱395.00,₱790.00
74654,Free Pudding,Promos & Freebies,2,₱0.00,₱0.00
74655,Truffle Parmesan Fries,Appetizer,1,₱325.00,₱325.00
74655,Tokwat Porky Pig,Appetizer,2,₱395.00,₱790.00
74655,Mountain Dew,Drinks,2,₱105.00,₱210.00
74658,Oxtail Soup,Soup,1,₱795.00,₱795.00
74658,Truffle Parmesan Fries,Appetizer,2,₱325.00,₱650.00
74658,Pitcher Classic Mojito,Cocktail,1,₱650.00,₱650.00
74658,Bunwich Ala UTB,Entree,1,₱375.00,₱375.00
74658,Free Pudding,Promos & Freebies,2,₱0.00,₱0.00
74659,Beef Salpicao,Entree,2,₱545.00,"₱1,090.00"
74659,Black Pepper Beef,Appetizer,2,₱585.00,"₱1,170.00"
74659,Banana Peanut Butter,Frappe,2,₱275.00,₱550.00
74659,Bucket Superdry,Beer,2,₱750.00,"₱1,500.00"
74659,Sisig Rice Bowl,Entree,2,₱415.00,₱830.00
74663,Salis Curry Steak,Entree,2,₱425.00,₱850.00
74663,Chicken Parm,Entree,2,₱495.00,₱990.00
74663,Xtra Scoop Ice Cream,Dessert,2,₱65.00,₱130.00
74664,Chixsig Nachos,Appetizer,1,₱395.00,₱395.00
74664,Batwan Beef Stew,Entree,1,₱785.00,₱785.00
74664,Free Chicharon,Promos & Freebies,1,₱0.00,₱0.00
74665,Negra,Beer,1,₱0.00,₱0.00
74665,Tequila Sunrise,Cocktail,1,₱0.00,₱0.00
74665,Caesar,Salad,2,₱365.00,₱730.00
74665,Sisig Rice Bowl,Entree,1,₱415.00,₱415.00
74668,Fries,Side Dish,1,₱95.00,₱95.00
74668,Pitcher Classic Mojito,Cocktail,1,₱650.00,₱650.00
74668,UTB Burger,Burger/Wrap & More,2,₱425.00,₱850.00
74668,Superdry,Beer,2,₱0.00,₱0.00
74668,Black Pepper Beef,Appetizer,1,₱525.00,₱525.00
74669,Mango Tapioca,Dessert,1,₱245.00,₱245.00
74669,Balete Salpicao,Entree,2,₱545.00,"₱1,090.00"
74669,San Mig Pilsen,Beer,1,₱120.00,₱120.00
74669,Mango Shake,Shake,1,₱240.00,₱240.00
74669,Cajun Pasta,Pasta,2,₱425.00,₱850.00
74672,Mango Shake,Shake,2,₱225.00,₱450.00
74672,Surf & Turf,Entree,2,"₱1,195.00","₱2,390.00"
74672,Container,Packaging,1,₱10.00,₱10.00
74672,Trash Can,Dessert,2,₱395.00,₱790.00
74672,Warm Poke Bowl,Entree,2,₱625.00,"₱1,250.00"
74673,Caesar,Salad,2,₱365.00,₱730.00
74673,Negra,Beer,2,₱0.00,₱0.00
74673,Strawberry Latte,Coffee,2,₱215.00,₱430.00
74673,Bone-In Porkchop,Entree,1,"₱1,095.00","₱1,095.00"
74673,Matcha Frappe,Frappe,2,₱255.00,₱510.00
74675,Bone-in PorkChop,Entree,2,"₱1,095.00","₱2,190.00"
74675,Plain Rice,Add-ons,2,₱65.00,₱130.00
74675,UTB Burger,Burger/Wrap & More,2,₱425.00,₱850.00
74675,Cerveza Negra,Beer,2,₱150.00,₱300.00
74678,Chicken Rice,Entree,2,₱405.00,₱810.00
74678,Pitcher Red Sangria,Cocktail,2,₱650.00,"₱1,300.00"
74680,Mango Shake,Shake,2,₱225.00,₱450.00
74680,Truffle Pasta,Pasta,1,₱435.00,₱435.00
74680,Simple Affogato,Coffee,2,₱245.00,₱490.00
74680,Yolo,Shake,2,₱20.00,₱40.00
74681,Mango Shake,Shake,2,₱180.00,₱360.00
74681,K. Beef Bowl,Entree,1,₱895.00,₱895.00
74681,Bucket Pilsen,Beer,2,₱600.00,"₱1,200.00"
74681,Sisig Rice Bowl,Entree,2,₱415.00,₱830.00
74681,Schweppes Soda Water,Drinks,1,₱105.00,₱105.00
74682,Truffle Parmesan Fries,Appetizer,2,₱325.00,₱650.00
74682,Coke Regular,Drinks,2,₱55.00,₱110.00
74682,Warm Poke Bowl,Entree,2,₱625.00,"₱1,250.00"
74682,Coke Zero,Drinks,1,₱30.00,₱30.00
74682,Bread Pudding,Dessert,2,₱215.00,₱430.00
74683,Glass Baletea,Tea,2,₱105.00,₱210.00
74683,Bacon Plate,Breakfast,1,₱199.00,₱199.00
74683,Truffle Pasta,Pasta,1,₱435.00,₱435.00
74683,Murica,Coffee,2,₱150.00,₱300.00
74683,Truffle Pasta,Pasta,2,₱485.00,₱970.00
74685,Trash Can,Dessert,2,₱395.00,₱790.00
74685,K. Pork Bowl,Entree,2,₱585.00,"₱1,170.00"
74685,Bread Pudding,Dessert,1,₱215.00,₱215.00
74686,Dirty Matcha,Coffee,1,₱225.00,₱225.00
74686,Mango Shake,Shake,2,₱280.00,₱560.00
74686,Strawberry Frappe,Frappe,2,₱255.00,₱510.00
74686,Cerveza Negra,Beer,2,₱150.00,₱300.00
74687,Bday Ice Cream,Dessert,1,₱0.00,₱0.00
74687,Cerveza Negra,Beer,1,₱150.00,₱150.00
74688,Coke Regular,Drinks,1,₱55.00,₱55.00
74688,Bucket Light,Beer,1,₱650.00,₱650.00
74690,Salis Curry Steak,Entree,2,₱425.00,₱850.00
74690,Johnnie Walker Black S,Hard Liquor,1,₱195.00,₱195.00
74690,Batwan Beef Stew,Entree,2,₱725.00,"₱1,450.00"
74690,Mug Root Beer,Beer,1,₱105.00,₱105.00
74690,Egg,Add-ons,2,₱40.00,₱80.00
74692,Batwan Beef Stew,Entree,1,₱725.00,₱725.00
74692,Bellagio Mochaccino,Coffee,1,₱225.00,₱225.00
74692,Bucket Light,Beer,2,₱650.00,"₱1,300.00"
74692,Viet Coffee,Coffee,1,₱195.00,₱195.00
74694,Negra,Beer,1,₱0.00,₱0.00
74694,Matchaholic,Matcha,2,₱0.00,₱0.00
74694,Sisig Rice Bowl,Entree,2,₱450.00,₱900.00
74694,Under the Summer Sun,Cocktail,2,₱0.00,₱0.00
74694,Beef Salpicao,Entree,2,₱545.00,"₱1,090.00"
74696,Mac & Cheese,Pasta,1,₱445.00,₱445.00
74696,Pinoy Charcuterie,Appetizer,1,₱495.00,₱495.00
74696,Salmon Rice,Entree,1,₱665.00,₱665.00
74696,Shrimp Salpicao,Entree,2,₱415.00,₱830.00
74696,Fries,Side Dish,1,₱95.00,₱95.00
74698,Dynamite Ala Carte,Appetizer,1,₱155.00,₱155.00
74698,Marrow Brulee,Appetizer,1,₱365.00,₱365.00
74698,Sausage Diablo,Appetizer,1,₱360.00,₱360.00
74698,Caesar,Salad,1,₱365.00,₱365.00
74698,Simple Affogato,Coffee,1,₱245.00,₱245.00
74701,Beer Caramel,Beer,2,₱235.00,₱470.00
74701,Pink Margarita,Cocktail,2,₱325.00,₱650.00
74704,Lychee Shake,Shake,2,₱225.00,₱450.00
74704,Baletea,Tea,2,₱205.00,₱410.00
74704,Spanish Latte,Coffee,2,₱195.00,₱390.00
74704,Matcha Holic,Matcha,1,₱355.00,₱355.00
74707,Chicken in a Basket,Appetizer,2,₱395.00,₱790.00
74707,Happy Hour 595+,Promos & Freebies,2,₱665.00,"₱1,330.00"
74707,Bucket Cerveza Negra,Beer,1,₱750.00,₱750.00
74707,Dirty Matcha,Coffee,1,₱225.00,₱225.00
74707,UT-Pork Bowl,Entree,2,₱595.00,"₱1,190.00"
74711,Trash Can,Cocktail,2,₱395.00,₱790.00
74711,Truffle Parmesan Fries,Appetizer,2,₱325.00,₱650.00
74711,Truffle Pasta,Pasta,2,₱435.00,₱870.00
74711,Coke Regular,Drinks,1,₱105.00,₱105.00
74711,Salmon Rice,Entree,1,₱665.00,₱665.00
74713,Warm Poke Bowl,Entree,2,₱625.00,"₱1,250.00"
74713,Oxtail Soup,Soup,1,₱795.00,₱795.00
74713,San Mig Pilsen,Beer,2,₱0.00,₱0.00
74713,Beef Salpicao,Entree,1,₱545.00,₱545.00
74714,K3,Others,2,₱245.00,₱490.00
74714,Gin & Tonic,Hard Liquor,2,₱345.00,₱690.00
74714,Cocoa Wonka,Drinks,1,₱245.00,₱245.00
74717,Sop,Pizza,2,₱425.00,₱850.00
74717,Free Pudding,Promos & Freebies,1,₱0.00,₱0.00
74717,Plain Rice,Add-ons,1,₱65.00,₱65.00
74717,Murica,Coffee,2,₱150.00,₱300.00
74717,Twerk It,Boozy Coffee,2,₱345.00,₱690.00
74719,Beer Peach,Beer,1,₱0.00,₱0.00
74719,Cocoa Wonka,Drinks,1,₱245.00,₱245.00
74722,Pinoy Charcuterie,Appetizer,2,₱495.00,₱990.00
74722,Egg,Add-ons,2,₱40.00,₱80.00
74725,Seafood Chowda,Soup,2,₱365.00,₱730.00
74725,Bucket Assorted,Beer,2,₱750.00,"₱1,500.00"
74725,Red Sangria,Cocktail,1,₱345.00,₱345.00
74725,Mango Tapioca,Dessert,2,₱245.00,₱490.00
74725,Cocoa Wonka,Drinks,2,₱245.00,₱490.00
74727,Sisig Rice Bowl,Entree,1,₱415.00,₱415.00
74727,Schweppes Tonic Water,Drinks,2,₱105.00,₱210.00
74727,Glass Baletea,Tea,2,₱105.00,₱210.00
74727,Chicken Parm,Entree,1,₱495.00,₱495.00
74729,Cocoa Wonka,Drinks,2,₱245.00,₱490.00
74729,Hazelnut Macchiato,Coffee,2,₱205.00,₱410.00
74729,Red Sangria,Cocktail,1,₱345.00,₱345.00
74731,Pixiedust,Cocktail,1,₱0.00,₱0.00
74731,Cappuccino,Coffee,1,₱185.00,₱185.00
74731,Bucket Assorted,Beer,1,₱750.00,₱750.00
74731,Bucket Cerveza Negra,Beer,2,₱750.00,"₱1,500.00"
74733,Chicken in a Basket,Appetizer,1,₱395.00,₱395.00
74733,Bread Pudding,Dessert,2,₱215.00,₱430.00
74733,Pink Margarita,Cocktail,2,₱325.00,₱650.00
74733,Taco,Appetizer,2,₱345.00,₱690.00
74734,Green Mango Shake,Shake,1,₱225.00,₱225.00
74734,Plain Rice,Add-ons,2,₱65.00,₱130.00
74734,Shrimp Po Boy,Burger/Wrap & More,2,₱455.00,₱910.00
74736,C3,Drinks,1,₱245.00,₱245.00
74736,Truffle Shuffle,Pasta,2,₱435.00,₱870.00
74736,Corned Beef Plate,Breakfast,2,₱199.00,₱398.00
74736,Coke Regular,Drinks,1,₱105.00,₱105.00
74736,Chicken in a Basket,Appetizer,2,₱395.00,₱790.00
74738,Marrow Brulee,Appetizer,2,₱365.00,₱730.00
74738,Garlic Rice,Add-ons,1,₱95.00,₱95.00
74738,Free Pudding,Promos & Freebies,1,₱0.00,₱0.00
74739,Pinoy Charcuterie,Appetizer,2,₱495.00,₱990.00
74739,Caesar,Salad,1,₱365.00,₱365.00
74743,C3,Drinks,1,₱245.00,₱245.00
74743,Beef and Shrimp Salpicao,Entree,1,₱895.00,₱895.00
74743,Chicken Rice,Entree,1,₱405.00,₱405.00
74743,Kiss of Death,Cocktail,1,₱550.00,₱550.00
74743,Cappuccino,Coffee,2,₱185.00,₱370.00
74746,Bunwich Ala UTB,Burger/Wrap & More,1,₱375.00,₱375.00
74746,Fries,Side Dish,1,₱95.00,₱95.00
74746,Chicken Parm,Entree,1,₱495.00,₱495.00
74747,Strawberry Lychee Shake,Shake,1,₱255.00,₱255.00
74747,Squash Soup,Soup,2,₱315.00,₱630.00
74747,Coke Regular,Drinks,2,₱125.00,₱250.00
74747,Salis Curry Steak,Entree,2,₱425.00,₱850.00
74747,UTB Burger,Burger/Wrap & More,1,₱425.00,₱425.00
74748,Sausage Angel,Appetizer,1,₱325.00,₱325.00
74748,Matchaholic,Matcha,1,₱0.00,₱0.00
74748,Bucket Cerveza Negra,Beer,2,₱750.00,"₱1,500.00"
74750,Caramel Macchiato,Coffee,2,₱195.00,₱390.00
74750,Red Sangria,Cocktail,1,₱345.00,₱345.00
74750,Butter Toast,Side Dish,1,₱45.00,₱45.00
74752,SOP,Pizza,1,₱425.00,₱425.00
74752,Pork Bowl,Entree,2,₱595.00,"₱1,190.00"
74755,Warm Poke Bowl,Entree,2,₱625.00,"₱1,250.00"
74755,Sausage Diablo,Appetizer,2,₱325.00,₱650.00
74758,Trash Can,Cocktail,2,₱395.00,₱790.00
74758,Superdry,Beer,1,₱0.00,₱0.00
74758,Free Pudding,Promos & Freebies,1,₱0.00,₱0.00
74758,Sisig Rice Bowl,Entree,1,₱415.00,₱415.00
74760,Seafood Chowda,Soup,1,₱365.00,₱365.00
74760,Cerveza Negra,Beer,2,₱150.00,₱300.00
74760,Bucket Pilsen,Beer,2,₱600.00,"₱1,200.00"
74760,Strawberry Frappe,Frappe,1,₱255.00,₱255.00
74760,Asian Chicken,Salad,2,₱365.00,₱730.00
74764,Yolo,Shake,1,₱290.00,₱290.00
74764,Oxtail Soup,Soup,1,₱795.00,₱795.00
74764,Chicken Parm,Entree,2,₱495.00,₱990.00
74764,Strawberry Frappe,Frappe,2,₱255.00,₱510.00
74766,Salis Curry Steak,Entree,2,₱425.00,₱850.00
74766,Free Chicharon,Promos & Freebies,1,₱0.00,₱0.00
74766,Pitcher Red Sangria,Cocktail,2,₱650.00,"₱1,300.00"
74766,Bread Pudding,Dessert,1,₱215.00,₱215.00
74767,Negra,Beer,2,₱0.00,₱0.00
74767,Tapsi & More,Entree,2,₱425.00,₱850.00
74767,Tokwat Porky Pig,Entree,2,₱395.00,₱790.00
74767,Container,Packaging,1,₱10.00,₱10.00
74770,Salmon Rice,Entree,1,₱665.00,₱665.00
74770,Oxtail Soup,Soup,1,₱795.00,₱795.00
74770,Glass Baletea,Tea,2,₱105.00,₱210.00
74770,Mac & Cheese,Pasta,2,₱445.00,₱890.00
74772,Pork Sisig,Entree,1,₱345.00,₱345.00
74772,Tailgate Ribs,Entree,1,₱595.00,₱595.00
74774,Seafood Chowda,Soup,2,₱365.00,₱730.00
74774,Cajun Pasta,Pasta,2,₱425.00,₱850.00
74774,Chicken in a Basket,Appetizer,1,₱395.00,₱395.00
74774,Baletea,Tea,1,₱205.00,₱205.00
74774,Trash Can,Dessert,2,₱395.00,₱790.00
74778,Mac & Cheese,Pasta,1,₱445.00,₱445.00
74778,Batwan Beef Stew,Entree,2,₱725.00,"₱1,450.00"
74778,Pinoy Charcuterie,Appetizer,2,₱495.00,₱990.00
74778,Sisig Rice Bowl,Entree,1,₱415.00,₱415.00
74782,Mango Shake,Shake,2,₱180.00,₱360.00
74782,Superdry,Beer,1,₱0.00,₱0.00
74782,Dark Choco Chip Frappe,Frappe,1,₱285.00,₱285.00
74782,Murica,Entree,2,₱150.00,₱300.00
74782,Bacon Plate,Breakfast,2,₱199.00,₱398.00
74783,Mango Shake,Shake,1,₱280.00,₱280.00
74783,Root Beer Float R18,Beer,2,₱325.00,₱650.00
74785,C3,Drinks,1,₱245.00,₱245.00
74785,Salmon Rice,Entree,1,₱665.00,₱665.00
74786,Batwan Beef Stew,Entree,2,₱725.00,"₱1,450.00"
74786,Jim Beam Whiskey,Hard Liquor,2,"₱2,600.00","₱5,200.00"
74786,Batwan Beef Stew,Entree,1,₱725.00,₱725.00
74786,UT-Pork Bowl,Entree,1,₱595.00,₱595.00
74790,Pitcher Red Sangria,Cocktail,1,₱650.00,₱650.00
74790,Squash Soup,Soup,1,₱315.00,₱315.00
74790,Mango Shake,Shake,2,₱225.00,₱450.00
74794,Bday Ice Cream,Dessert,2,₱0.00,₱0.00
74794,Cerveza Negra,Beer,2,₱150.00,₱300.00
74794,Warm Poke Bowl,Entree,2,₱625.00,"₱1,250.00"
74796,Eyogi Tea,Tea,2,₱125.00,₱250.00
74796,Bucket Light,Beer,2,₱650.00,"₱1,300.00"
74796,Coke Regular,Drinks,1,₱105.00,₱105.00
74797,Plain Rice,Add-ons,1,₱65.00,₱65.00
74797,Strawberry Basil Mojito,Cocktail,2,₱375.00,₱750.00
74800,Mango Tapioca,Dessert,2,₱245.00,₱490.00
74800,Dirty Matcha,Coffee,1,₱225.00,₱225.00
74800,Chicken in a Basket,Appetizer,2,₱395.00,₱790.00
74800,Bunwich Ala UTB,Entree,2,₱375.00,₱750.00
74800,Bucket Cerveza Negra,Beer,2,₱750.00,"₱1,500.00"
74802,Squash Soup,Soup,1,₱315.00,₱315.00
74802,K. Beef Bowl,Entree,1,₱895.00,₱895.00
74802,Bucket Light,Beer,1,₱650.00,₱650.00
74804,Kawali Bowl,Entree,1,₱199.00,₱199.00
74804,Surf & Turf,Entree,1,"₱1,195.00","₱1,195.00"
74804,San Mig Light,Beer,1,₱130.00,₱130.00
74804,Chicken in a Basket,Appetizer,2,₱395.00,₱790.00
74805,Vodka Sunrise,Cocktail,1,₱305.00,₱305.00
74805,Twerk It,Boozy Coffee,1,₱345.00,₱345.00
74805,Coke Regular,Drinks,1,₱45.00,₱45.00
74805,Cappuccino,Coffee,2,₱185.00,₱370.00
74805,Fries,Side Dish,2,₱95.00,₱190.00
74809,K. Pork Bowl,Entree,1,₱595.00,₱595.00
74809,Beer Caramel,Beer,2,₱235.00,₱470.00
74809,Spanish Latte,Coffee,1,₱195.00,₱195.00
74812,Mac & Cheese,Pasta,1,₱445.00,₱445.00
74812,Batwan Beef Stew,Entree,2,₱725.00,"₱1,450.00"
74812,Pinoy Charcuterie,Appetizer,1,₱495.00,₱495.00
74814,Spanish Latte,Coffee,2,₱195.00,₱390.00
74814,Salis Curry Steak,Entree,1,₱425.00,₱425.00
74814,Kwek Ala Carte,Appetizer,2,₱155.00,₱310.00
74816,Baletea Freeze,Cocktail,1,₱365.00,₱365.00
74816,Pork Sisig,Entree,1,₱345.00,₱345.00
74819,Salted Caramel Frappe,Frappe,1,₱255.00,₱255.00
74819,Salis Curry Steak,Entree,2,₱425.00,₱850.00
74819,UTB Burger,Burger/Wrap & More,2,₱425.00,₱850.00
74819,Beef Salpicao,Entree,1,₱545.00,₱545.00
74821,K. Beef Bowl,Entree,2,₱895.00,"₱1,790.00"
74821,C3,Drinks,2,₱245.00,₱490.00
74822,Sisig Rice Bowl,Entree,2,₱415.00,₱830.00
74822,Squash Soup,Soup,2,₱315.00,₱630.00
74822,Dynamite Ala Carte,Appetizer,2,₱155.00,₱310.00
74822,Viet Coffee,Coffee,1,₱195.00,₱195.00
74824,Beef Salpicao,Entree,1,₱545.00,₱545.00
74824,Chicken Parm,Entree,1,₱495.00,₱495.00
74825,Warm Poke Bowl,Entree,1,₱625.00,₱625.00
74825,Glass Bulera,Cocktail,1,₱115.00,₱115.00
74825,Tailgate Ribs,Entree,2,₱595.00,"₱1,190.00"
74827,Honey Lemon J,Drinks,2,₱135.00,₱270.00
74827,Cerveza Negra,Beer,1,₱150.00,₱150.00
74828,SOP,Pizza,2,₱425.00,₱850.00
74828,Chicken in a Basket,Appetizer,1,₱395.00,₱395.00
74828,Free Chicharon,Promos & Freebies,1,₱0.00,₱0.00
74831,Mac & Cheese,Pasta,2,₱445.00,₱890.00
74831,Pork Sisig,Entree,2,₱345.00,₱690.00
74831,Caesar,Salad,1,₱365.00,₱365.00
74831,Spanish Latte,Coffee,1,₱195.00,₱195.00
74832,Rootbeer Float,Drinks,1,₱225.00,₱225.00
74832,Chicken in a Basket,Appetizer,1,₱395.00,₱395.00
74832,San Mig Pilsen,Beer,2,₱0.00,₱0.00
74833,Mountain Dew,Drinks,1,₱105.00,₱105.00
74833,Garlic Rice,Add-ons,1,₱95.00,₱95.00
74833,Seafood Chowda,Soup,2,₱365.00,₱730.00
74833,Murica,Coffee,1,₱150.00,₱150.00
74833,Strawberry Lychee Shake,Shake,2,₱255.00,₱510.00
74834,Strawberry Frappe,Frappe,1,₱255.00,₱255.00
74834,Beef Salpicao,Entree,1,₱545.00,₱545.00
74837,K3,Others,2,₱245.00,₱490.00
74837,Trash Can,Cocktail,1,₱395.00,₱395.00
74837,Gold Fashioned,Cocktail,1,₱290.00,₱290.00
74838,Tequila Sunrise,Cocktail,2,₱0.00,₱0.00
74838,UTB Burger,Burger/Wrap & More,1,₱425.00,₱425.00
74838,Banana Peanut Butter,Frappe,1,₱275.00,₱275.00
74841,Tailgate Ribs,Entree,1,₱650.00,₱650.00
74841,Mango Shake,Shake,1,₱225.00,₱225.00
74841,Seafood Chowda,Soup,2,₱365.00,₱730.00
74844,Salmon Rice,Entree,2,₱665.00,"₱1,330.00"
74844,Red Sangria,Cocktail,1,₱345.00,₱345.00
74844,Salis Curry Steak,Entree,2,₱425.00,₱850.00
74846,Kawali Bowl,Entree,1,₱199.00,₱199.00
74846,Cerveza Negra,Beer,2,₱150.00,₱300.00
74846,Black Pepper Beef,Appetizer,1,₱585.00,₱585.00
74846,Cerveza Negra,Beer,2,₱150.00,₱300.00
74850,Bucket Light,Beer,2,₱650.00,"₱1,300.00"
74850,Chix Ball Ala Carte,Appetizer,2,₱95.00,₱190.00
74854,Chicken Parm,Entree,2,₱495.00,₱990.00
74854,San Mig Pilsen,Beer,1,₱90.00,₱90.00
74854,Pitcher Red Sangria,Cocktail,2,₱650.00,"₱1,300.00"
74854,Surf & Turf,Entree,2,"₱1,195.00","₱2,390.00"
74857,San Mig Light,Beer,1,₱0.00,₱0.00
74857,Lychee Shake,Shake,1,₱225.00,₱225.00
74857,Baletea Freeze,Cocktail,1,₱365.00,₱365.00
74857,K. Pork Bowl,Entree,1,₱595.00,₱595.00
74858,Chixsig Nachos,Appetizer,1,₱395.00,₱395.00
74858,Trash Can,Cocktail,2,₱395.00,₱790.00
74859,Free Pudding,Promos & Freebies,1,₱0.00,₱0.00
74859,Plain Rice,Add-ons,1,₱65.00,₱65.00
74860,Chixsig Nachos,Appetizer,1,₱395.00,₱395.00
74860,Happy Hour 595+,Promos & Freebies,2,₱665.00,"₱1,330.00"
74860,Truffle Pasta,Pasta,1,₱485.00,₱485.00
74862,Pork Sisig,Entree,1,₱345.00,₱345.00
74862,Good Morning Sunshine,Breakfast,1,₱199.00,₱199.00
74862,Kawali Bowl,Entree,2,₱199.00,₱398.00
74862,Bread Pudding,Dessert,2,₱215.00,₱430.00
74863,Caesar,Salad,1,₱365.00,₱365.00
74863,Squash Soup,Soup,1,₱315.00,₱315.00
74863,Caesar,Salad,2,₱365.00,₱730.00
74863,Simple Affogato,Coffee,2,₱245.00,₱490.00
74867,Twerk It,Boozy Coffee,2,₱345.00,₱690.00
74867,Trash Can,Dessert,1,₱395.00,₱395.00
74867,Latte,Coffee,1,₱205.00,₱205.00
74869,Seafood Pesto,Pasta,1,₱495.00,₱495.00
74869,Dynamite Ala Carte,Appetizer,1,₱155.00,₱155.00
74869,Free Pudding,Promos & Freebies,1,₱0.00,₱0.00
74984,Batwan Beef Stew,Entree,2,₱785.00,"₱1,570.00"
74984,Bellagio Mochaccino,Coffee,2,₱225.00,₱450.00
74984,Tokwat Porky Pig,Appetizer,1,₱395.00,₱395.00
74986,Viet Coffee,Coffee,2,₱195.00,₱390.00
74986,Pork Sisig,Entree,1,₱345.00,₱345.00
74988,Cerveza Negra,Beer,1,₱150.00,₱150.00
74988,Bunwich Ala UTB,Burger/Wrap & More,2,₱375.00,₱750.00
74988,Fish Taco,Appetizer,2,₱395.00,₱790.00
74988,Baletea,Tea,2,₱615.00,"₱1,230.00"
74990,Egg,Add-ons,1,₱40.00,₱40.00
74990,Dirty Matcha,Coffee,2,₱225.00,₱450.00
74990,Coke Regular,Drinks,1,₱105.00,₱105.00
74990,Free Pudding,Promos & Freebies,1,₱0.00,₱0.00
74992,Tokwat Porky Pig,Entree,1,₱395.00,₱395.00
74992,Johnnie Walker Black,Hard Liquor,2,₱195.00,₱390.00
74994,Garlic Rice,Add-ons,1,₱95.00,₱95.00
74994,Strawberry Lychee Shake,Shake,2,₱255.00,₱510.00
74994,Chicken Parm,Entree,2,₱495.00,₱990.00
74998,Pixiedust,Cocktail,2,₱0.00,₱0.00
74998,San Mig Pilsen,Beer,2,₱120.00,₱240.00
75000,Cajun Pasta,Pasta,1,₱425.00,₱425.00
75000,Murica,Coffee,1,₱150.00,₱150.00
75001,Trash Can,Entree,1,₱395.00,₱395.00
75001,C3,Drinks,1,₱245.00,₱245.00
75004,SOP,Pizza,2,₱425.00,₱850.00
75004,Trash Can,Dessert,2,₱395.00,₱790.00
75006,Coke Zero,Drinks,2,₱105.00,₱210.00
75006,Free Pudding,Promos & Freebies,2,₱0.00,₱0.00
75006,Dirty Matcha,Coffee,2,₱225.00,₱450.00
75008,Bread Pudding,Dessert,1,₱215.00,₱215.00
75008,Black Pepper Beef,Appetizer,2,₱525.00,"₱1,050.00"
75008,Pink Margarita,Cocktail,2,₱0.00,₱0.00
75008,Fries,Side Dish,1,₱95.00,₱95.00
75008,War Heads,Cocktail,1,₱355.00,₱355.00
75012,Red Sangria,Cocktail,2,₱345.00,₱690.00
75012,Garlic Rice,Add-ons,1,₱95.00,₱95.00
75012,Platter Garlic Rice,Side Dish,2,₱395.00,₱790.00
75014,Garlic Rice,Add-ons,2,₱95.00,₱190.00
75014,Yolo,Shake,1,₱290.00,₱290.00
75014,Happy Hour 595+,Promos & Freebies,2,₱665.00,"₱1,330.00"
75017,Green Mango Shake,Shake,1,₱225.00,₱225.00
75017,Eyogi Tea,Tea,1,₱125.00,₱125.00
75017,Murica,Mocktails,1,₱150.00,₱150.00
75017,Beer Peach,Beer,2,₱235.00,₱470.00
75020,Caesar,Salad,2,₱365.00,₱730.00
75020,Platter Plain Rice,Side Dish,2,₱295.00,₱590.00
75020,Tokwat Porky Pig,Appetizer,2,₱395.00,₱790.00
75022,Cajun Pasta,Pasta,2,₱425.00,₱850.00
75022,Kikiam Ala Carte,Appetizer,1,₱85.00,₱85.00
75024,K. Beef Bowl,Entree,1,₱895.00,₱895.00
75024,Baletea,Tea,2,₱205.00,₱410.00
75026,Yogi Tea,Tea,1,₱125.00,₱125.00
75026,Beer Caramel,Beer,1,₱235.00,₱235.00
75026,Cappuccino,Coffee,2,₱185.00,₱370.00
75026,Banana Peanut Butter,Frappe,2,₱275.00,₱550.00
75027,Bone-In Porkchop,Entree,1,"₱1,095.00","₱1,095.00"
75027,Asian Chicken,Salad,1,₱365.00,₱365.00
75027,Cappuccino,Coffee,1,₱185.00,₱185.00
75027,Creme Brulee,Dessert,1,₱245.00,₱245.00
75028,C3,Drinks,2,₱245.00,₱490.00
75028,Cappuccino,Coffee,2,₱185.00,₱370.00
75028,Black Pepper Beef,Appetizer,1,₱525.00,₱525.00
75028,Plain Rice,Add-ons,1,₱65.00,₱65.00
75032,Warm Poke Bowl,Entree,2,₱625.00,"₱1,250.00"
75032,Mac & Cheese,Pasta,1,₱445.00,₱445.00
75032,Mango Shake,Shake,2,₱225.00,₱450.00
75035,San Mig Pilsen,Beer,1,₱0.00,₱0.00
75035,Bucket Assorted,Beer,2,₱750.00,"₱1,500.00"
75035,Chicken Caesar Wrap,Burger/Wrap & More,2,₱425.00,₱850.00
75035,Honey-Sriracha Chicken,Salad,1,₱375.00,₱375.00
75035,Latte,Coffee,1,₱185.00,₱185.00
75037,Glass Bulera,Cocktail,2,₱115.00,₱230.00
75037,Bottled Water,Drinks,1,₱65.00,₱65.00
75037,Bucket Assorted,Beer,2,₱750.00,"₱1,500.00"
75037,Chicken Parm,Entree,2,₱495.00,₱990.00
75037,Dirty Matcha,Coffee,2,₱225.00,₱450.00
75040,Pinoy Charcuterie,Appetizer,2,₱495.00,₱990.00
75040,San Mig Pilsen,Beer,1,₱120.00,₱120.00
75040,Caesar,Salad,1,₱365.00,₱365.00
75040,K. Pork Bowl,Entree,2,₱595.00,"₱1,190.00"
75042,Rootbeer Float,Drinks,1,₱225.00,₱225.00
75042,Batwan Beef Stew,Entree,2,₱725.00,"₱1,450.00"
75044,Bday Ice Cream,Dessert,2,₱0.00,₱0.00
75044,Tokwat Porky Pig,Appetizer,2,₱395.00,₱790.00
75044,Trash Can,Dessert,1,₱395.00,₱395.00
75044,Chicken Parm,Entree,1,₱495.00,₱495.00
75048,Dirty Matcha,Coffee,1,₱225.00,₱225.00
75048,Beef Salpicao,Entree,2,₱545.00,"₱1,090.00"
75051,San Mig Light,Beer,2,₱130.00,₱260.00
75051,Truffle Parmesan Fries,Appetizer,1,₱325.00,₱325.00
75051,Strawberry Lychee Shake,Shake,2,₱255.00,₱510.00
75053,Chicken Parm,Entree,1,₱495.00,₱495.00
75053,Yogi Tea,Tea,2,₱0.00,₱0.00
75053,Taco,Appetizer,1,₱345.00,₱345.00
75053,Lychee Shake,Shake,2,₱225.00,₱450.00
75053,Good Morning Sunshine,Breakfast,2,₱199.00,₱398.00
75055,Pinoy Charcuterie,Appetizer,1,₱495.00,₱495.00
75055,Amaretto Sour,Cocktail,1,₱0.00,₱0.00
75055,San Mig Light,Beer,2,₱130.00,₱260.00
75055,Chixsig Nachos,Appetizer,2,₱395.00,₱790.00
75056,Plain Rice,Add-ons,2,₱65.00,₱130.00
75056,UT-Pork Bowl,Entree,2,₱595.00,"₱1,190.00"
75058,Tailgate Ribs,Entree,2,₱595.00,"₱1,190.00"
75058,Truffle Parmesan Fries,Appetizer,2,₱325.00,₱650.00
75058,Cold Water,Drinks,1,₱65.00,₱65.00
75058,Platter Garlic Rice,Side Dish,2,₱395.00,₱790.00
75058,Bucket Pilsen,Beer,2,₱600.00,"₱1,200.00"
75062,Chix Ball Ala Carte,Appetizer,1,₱95.00,₱95.00
75062,Cappuccino,Coffee,1,₱185.00,₱185.00
75065,San Mig Pilsen,Beer,1,₱90.00,₱90.00
75065,Salis Curry Steak,Entree,1,₱425.00,₱425.00
75065,Viet Coffee,Coffee,1,₱195.00,₱195.00
75065,Container,Packaging,1,₱10.00,₱10.00
75066,Bellagio Mochaccino,Coffee,2,₱225.00,₱450.00
75066,Vanilla Latte,Coffee,2,₱205.00,₱410.00
75066,Mango Shake,Shake,2,₱140.00,₱280.00
75068,Salmon Rice,Entree,1,₱665.00,₱665.00
75068,Honey Lemon J,Drinks,1,₱135.00,₱135.00
75068,Kwek Ala Carte,Appetizer,1,₱155.00,₱155.00
75068,Beef Salpicao,Entree,1,₱545.00,₱545.00
75068,Chicken Rice,Entree,1,₱405.00,₱405.00
75070,Coke Zero,Drinks,2,₱105.00,₱210.00
75070,Beer Peach,Beer,2,₱235.00,₱470.00
75072,Bucket Pilsen,Beer,2,₱600.00,"₱1,200.00"
75072,Chicken Rice,Entree,1,₱405.00,₱405.00
75072,Fish Be With U,Entree,2,₱795.00,"₱1,590.00"
75072,Xtra Scoop Ice Cream,Dessert,2,₱65.00,₱130.00
75074,Truffle Parmesan Fries,Appetizer,1,₱325.00,₱325.00
75074,Pinoy Charcuterie,Appetizer,2,₱495.00,₱990.00
75076,Bucket Assorted,Beer,2,₱750.00,"₱1,500.00"
75076,Johnnie Walker Black S,Hard Liquor,1,₱195.00,₱195.00
75076,Chicken in a Basket,Appetizer,1,₱395.00,₱395.00
75079,Lychee Shake,Shake,1,₱225.00,₱225.00
75079,Caesar,Salad,1,₱365.00,₱365.00
75079,San Mig Pilsen,Beer,1,₱0.00,₱0.00
75081,Bucket Pilsen,Beer,2,₱600.00,"₱1,200.00"
75081,Free Pudding,Promos & Freebies,2,₱0.00,₱0.00
75081,Free Pudding,Promos & Freebies,1,₱0.00,₱0.00
75081,Batwan Beef Stew,Entree,2,₱725.00,"₱1,450.00"
75084,Lychee Shake,Shake,2,₱225.00,₱450.00
75084,Boozy Affogato,Boozy Coffee,2,₱375.00,₱750.00
75084,Strawberry Latte,Coffee,1,₱215.00,₱215.00
75086,K. Pork Bowl,Entree,2,₱595.00,"₱1,190.00"
75086,Murica,Coffee,1,₱150.00,₱150.00
75086,Glass Baletea,Tea,1,₱105.00,₱105.00
75087,San Mig Pilsen,Beer,2,₱120.00,₱240.00
75087,Asian Chicken,Salad,2,₱365.00,₱730.00
75087,K. Pork Bowl,Entree,2,₱585.00,"₱1,170.00"
75087,San Mig Pilsen,Beer,1,₱0.00,₱0.00
75087,Salis Curry Steak,Entree,2,₱425.00,₱850.00
75088,Caesar,Salad,1,₱365.00,₱365.00
75088,Amaretto Sour,Cocktail,1,₱285.00,₱285.00
75088,Salis Curry Steak,Entree,1,₱425.00,₱425.00
75088,Truffle Parmesan Fries,Appetizer,2,₱325.00,₱650.00
75090,Strawberry Lychee Shake,Shake,1,₱255.00,₱255.00
75090,Free Pudding,Promos & Freebies,2,₱0.00,₱0.00
75090,Lychee Mojito,Cocktail,2,₱355.00,₱710.00
75094,Matcha Holic,Matcha,2,₱355.00,₱710.00
75094,Creme Brulee,Dessert,2,₱245.00,₱490.00
75094,Truffle Parmesan Fries,Appetizer,1,₱325.00,₱325.00
75098,Chicken Parm,Entree,2,₱550.00,"₱1,100.00"
75098,Free Pudding,Promos & Freebies,2,₱0.00,₱0.00
75098,Gin & Tonic,Hard Liquor,2,₱345.00,₱690.00
75099,Tailgate Ribs,Entree,2,₱650.00,"₱1,300.00"
75099,Fries,Side Dish,2,₱95.00,₱190.00
75099,Tapsi & More,Entree,1,₱425.00,₱425.00
75099,Happy Hour 595+,Promos & Freebies,2,₱665.00,"₱1,330.00"
75101,K. Beef Bowl,Entree,1,₱895.00,₱895.00
75101,Beer Peach,Beer,2,₱0.00,₱0.00
75105,Sisig Rice Bowl,Entree,1,₱415.00,₱415.00
75105,UTB Burger,Burger/Wrap & More,2,₱425.00,₱850.00
75108,Johnnie Walker Black,Hard Liquor,2,₱195.00,₱390.00
75108,Chicken Rice,Entree,2,₱405.00,₱810.00
75108,Bucket Light,Beer,1,₱650.00,₱650.00
75108,Mango Shake,Shake,1,₱295.00,₱295.00
75112,Beer Peach,Beer,1,₱0.00,₱0.00
75112,Truffle Pasta,Pasta,1,₱435.00,₱435.00
75112,Pork Bowl,Entree,2,₱595.00,"₱1,190.00"
75116,Free Pudding,Promos & Freebies,1,₱0.00,₱0.00
75116,Cold Water,Drinks,2,₱65.00,₱130.00
75116,Squash Soup,Soup,2,₱315.00,₱630.00
75120,Surf & Turf,Entree,2,"₱1,195.00","₱2,390.00"
75120,Pink Margarita,Cocktail,2,₱0.00,₱0.00
75120,Chicken Parm,Entree,2,₱550.00,"₱1,100.00"
75120,Salmon Rice,Entree,2,₱665.00,"₱1,330.00"
75122,Happy Hour 595+,Promos & Freebies,1,₱665.00,₱665.00
75122,Garlic Rice,Add-ons,1,₱95.00,₱95.00
75122,Vodka Sunrise,Cocktail,2,₱305.00,₱610.00
75122,Matcha Frappe,Frappe,2,₱255.00,₱510.00
75122,K. Pork Bowl,Entree,2,₱585.00,"₱1,170.00"
75126,Strawberry Lychee Shake,Shake,1,₱255.00,₱255.00
75126,Asian Chicken,Salad,1,₱365.00,₱365.00
75126,Caesar,Salad,2,₱365.00,₱730.00
75126,Platter Plain Rice,Side Dish,2,₱295.00,₱590.00
75129,Platter Plain Rice,Side Dish,1,₱295.00,₱295.00
75129,Bone-In Porkchop,Entree,2,"₱1,095.00","₱2,190.00"
75129,San Mig Pilsen,Beer,2,₱0.00,₱0.00
75129,Salmon Rice,Entree,2,₱665.00,"₱1,330.00"
75131,Thai Shrimp,Entree,1,₱425.00,₱425.00
75131,Pixiedust,Cocktail,1,₱0.00,₱0.00
75133,Sip,Cocktail,1,₱425.00,₱425.00
75133,Trash Can,Entree,2,₱395.00,₱790.00
75136,Coke Regular,Drinks,1,₱105.00,₱105.00
75136,Hazelnut Macchiato,Coffee,2,₱205.00,₱410.00
75136,Dirty Matcha,Coffee,1,₱225.00,₱225.00
75136,Spanish Latte,Coffee,2,₱195.00,₱390.00
75138,Seafood Pesto,Pasta,1,₱495.00,₱495.00
75138,Sausage Angel,Appetizer,2,₱325.00,₱650.00
75141,Trash Can,Cocktail,1,₱395.00,₱395.00
75141,Chicken Parm,Entree,2,₱495.00,₱990.00
75141,Container,Packaging,2,₱10.00,₱20.00
75141,Egg,Add-ons,1,₱40.00,₱40.00
75141,Free Chicharon,Promos & Freebies,1,₱0.00,₱0.00
75145,Bunwich Ala UTB,Burger/Wrap & More,2,₱375.00,₱750.00
75145,Shrimp Salpicao,Entree,2,₱415.00,₱830.00
75145,Black Pepper Beef,Appetizer,1,₱525.00,₱525.00
75147,Baletea,Tea,2,₱205.00,₱410.00
75147,Strawberry Lychee Shake,Shake,1,₱255.00,₱255.00
75147,Caesar,Salad,2,₱365.00,₱730.00
75147,Salis Curry Steak,Entree,1,₱425.00,₱425.00
75149,Cappuccino,Coffee,2,₱185.00,₱370.00
75149,San Mig Pilsen,Beer,2,₱0.00,₱0.00
75149,Bucket Light,Beer,2,₱650.00,"₱1,300.00"
75151,Happy Hour 595+,Promos & Freebies,2,₱665.00,"₱1,330.00"
75151,Kiss of Death,Cocktail,1,₱550.00,₱550.00
75151,Tapsi & More,Entree,2,₱425.00,₱850.00
75151,Mac & Cheese,Pasta,1,₱445.00,₱445.00
75151,Glass Bulera,Cocktail,1,₱115.00,₱115.00
75153,Honey Lemon J,Drinks,1,₱135.00,₱135.00
75153,Chixsig Nachos,Appetizer,1,₱395.00,₱395.00
75153,Seafood Chowda,Soup,2,₱365.00,₱730.00
75155,Salis Curry Steak,Entree,1,₱425.00,₱425.00
75155,Latte,Coffee,2,₱205.00,₱410.00
75155,Fish Taco,Appetizer,1,₱395.00,₱395.00
75155,Fish Taco,Appetizer,1,₱395.00,₱395.00
75155,Creme Brulee,Dessert,2,₱245.00,₱490.00
75157,Asian Chicken,Salad,1,₱365.00,₱365.00
75157,Bunwich Ala UTB,Burger/Wrap & More,1,₱375.00,₱375.00
75157,Bucket Pilsen,Beer,1,₱600.00,₱600.00
75157,Pink Margarita,Cocktail,1,₱0.00,₱0.00
75159,K. Beef Bowl,Entree,1,₱895.00,₱895.00
75159,Bucket Light,Beer,1,₱650.00,₱650.00
75159,Negra,Beer,2,₱0.00,₱0.00
75161,K. Pork Bowl,Entree,2,₱595.00,"₱1,190.00"
75161,Grilled Tuna,Entree,1,₱395.00,₱395.00
75161,San Mig Super Dry,Beer,2,₱150.00,₱300.00
75161,Coke Zero,Drinks,1,₱105.00,₱105.00
75161,Takoyaki,Appetizer,1,₱345.00,₱345.00
75162,Gochujang Chicken Wrap,Burger/Wrap & More,1,₱470.00,₱470.00
75162,Chixsig Nachos,Appetizer,1,₱395.00,₱395.00
75162,Tokwat Porky Pig,Appetizer,1,₱395.00,₱395.00
75162,Tailgate Ribs,Entree,2,₱595.00,"₱1,190.00"
75164,Surf & Turf,Entree,2,"₱1,195.00","₱2,390.00"
75164,Fish Taco,Appetizer,1,₱395.00,₱395.00
75164,Caramel Macchiato,Coffee,2,₱195.00,₱390.00
75166,Pixiedust,Cocktail,1,₱0.00,₱0.00
75166,Tapsi & More,Entree,2,₱425.00,₱850.00
75166,Free Pudding,Promos & Freebies,2,₱0.00,₱0.00
75166,Dynamite Ala Carte,Appetizer,2,₱155.00,₱310.00
75166,Tequila Sunrise,Cocktail,2,₱315.00,₱630.00
75170,San Mig Pilsen,Beer,2,₱0.00,₱0.00
75170,Chicharon,Appetizer,1,₱145.00,₱145.00
75174,Fries,Side Dish,2,₱95.00,₱190.00
75174,Lychee Shake,Shake,2,₱225.00,₱450.00
75174,San Mig Pilsen,Beer,2,₱120.00,₱240.00
75175,Chicken Parm,Entree,2,₱495.00,₱990.00
75175,Baletea Freeze,Cocktail,2,₱365.00,₱730.00
75175,Baletea,Tea,2,₱615.00,"₱1,230.00"
75175,Shrimp & Chips,Appetizer,1,₱415.00,₱415.00
75177,Bread Pudding,Dessert,1,₱215.00,₱215.00
75177,K. Pork Bowl,Entree,1,₱595.00,₱595.00
75181,Fries,Side Dish,2,₱95.00,₱190.00
75181,Pixiedust,Cocktail,2,₱0.00,₱0.00
75181,Green Mango Shake,Shake,1,₱225.00,₱225.00
75183,Coke Regular,Drinks,1,₱55.00,₱55.00
75183,Cajun Pasta,Pasta,1,₱425.00,₱425.00
75184,Sisig Rice Bowl,Entree,2,₱345.00,₱690.00
75184,Ginger Ale,Beer,1,₱115.00,₱115.00
75184,Sausage Angel,Appetizer,2,₱325.00,₱650.00
75186,Beef Salpicao,Entree,1,₱545.00,₱545.00
75186,Caesar,Salad,2,₱365.00,₱730.00
75186,Yolo,Shake,1,₱255.00,₱255.00
75189,Pixiedust,Cocktail,1,₱0.00,₱0.00
75189,Grilled Tuna,Entree,2,₱395.00,₱790.00
75189,Strawberry Matcha Frappe,Frappe,2,₱285.00,₱570.00
75261,Good Morning Sunshine,Breakfast,1,₱199.00,₱199.00
75261,Gin & Tonic,Hard Liquor,2,₱345.00,₱690.00
75261,Sisig Rice Bowl,Entree,2,₱415.00,₱830.00
75261,Murica,Coffee,2,₱150.00,₱300.00
75265,Lychee Berry Margarita,Cocktail,1,₱355.00,₱355.00
75265,K. Pork Bowl,Entree,2,₱595.00,"₱1,190.00"
75265,Tailgate Ribs,Entree,1,₱595.00,₱595.00
75269,Boozy Affogato,Boozy Coffee,1,₱375.00,₱375.00
75269,Cappuccino,Coffee,2,₱185.00,₱370.00
75269,San Mig Light,Beer,2,₱130.00,₱260.00
75269,Fries,Side Dish,2,₱95.00,₱190.00
75272,Tequila Sunrise,Cocktail,1,₱0.00,₱0.00
75272,Red Sangria,Cocktail,1,₱345.00,₱345.00
75272,Plain Rice,Add-ons,2,₱65.00,₱130.00
75275,K. Beef Bowl,Entree,1,₱895.00,₱895.00
75275,Gochujang Chicken Wrap,Burger/Wrap & More,2,₱425.00,₱850.00
75275,Bucket Assorted,Beer,1,₱750.00,₱750.00
75275,Amaretto Sour,Cocktail,1,₱285.00,₱285.00
75277,Chicken Parm,Entree,2,₱495.00,₱990.00
75277,BaleteHeat,Cocktail,2,₱0.00,₱0.00
75277,Balete Salpicao,Entree,2,₱545.00,"₱1,090.00"
75277,Mango Shake,Shake,1,₱240.00,₱240.00
75277,Yolo,Shake,1,₱20.00,₱20.00
75278,Plain Rice,Add-ons,2,₱65.00,₱130.00
75278,San Mig Pilsen,Beer,2,₱0.00,₱0.00
75280,Chicken & Waffles,Entree,1,₱425.00,₱425.00
75280,Cerveza Negra,Beer,1,₱150.00,₱150.00
75280,Free Pudding,Promos & Freebies,1,₱0.00,₱0.00
75280,Bucket Assorted,Beer,1,₱750.00,₱750.00
75280,Mac & Cheese,Pasta,1,₱0.00,₱0.00
75281,Caramel Macchiato,Coffee,1,₱0.00,₱0.00
75281,Bucket Assorted,Beer,2,₱750.00,"₱1,500.00"
75284,K. Pork Bowl,Entree,1,₱585.00,₱585.00
75284,Glass Baletea,Tea,2,₱105.00,₱210.00
75285,Asian Chicken,Salad,2,₱365.00,₱730.00
75285,Boozy Affogato,Boozy Coffee,1,₱375.00,₱375.00
75285,Pitcher Classic Mojito,Cocktail,2,₱650.00,"₱1,300.00"
75285,C3,Drinks,1,₱245.00,₱245.00
75286,Bucket Assorted,Beer,1,₱750.00,₱750.00
75286,Butter Toast,Side Dish,2,₱45.00,₱90.00
75290,Fries,Side Dish,2,₱95.00,₱190.00
75290,San Mig Light,Beer,2,₱130.00,₱260.00
75290,Viet Coffee,Coffee,1,₱145.00,₱145.00
75290,Coke Zero,Drinks,1,₱105.00,₱105.00
75291,Yolo,Shake,1,₱290.00,₱290.00
75291,Trash Can,Dessert,1,₱395.00,₱395.00
75291,Chicken Rice,Entree,2,₱405.00,₱810.00
75293,Beer Caramel,Beer,2,₱235.00,₱470.00
75293,Boozy Affogato,Boozy Coffee,2,₱375.00,₱750.00
75293,K. Beef Bowl,Entree,2,₱895.00,"₱1,790.00"
75297,Beef Salpicao,Entree,1,₱545.00,₱545.00
75297,Viet Coffee,Coffee,1,₱145.00,₱145.00
75297,Mango Shake,Shake,2,₱240.00,₱480.00
75297,Strawberry Frappe,Frappe,1,₱255.00,₱255.00
75297,Chixsig Nachos,Appetizer,2,₱395.00,₱790.00
75301,Bucket Superdry,Beer,1,₱750.00,₱750.00
75301,Fries,Side Dish,1,₱95.00,₱95.00
75301,Seafood Pesto,Pasta,1,₱495.00,₱495.00
75305,Matchalicious,Matcha,1,₱255.00,₱255.00
75305,Tropical White Lady,Mocktails,1,₱355.00,₱355.00
75307,San Mig Pilsen,Beer,2,₱0.00,₱0.00
75307,Dirty Matcha,Coffee,2,₱225.00,₱450.00
75307,Container,Packaging,2,₱10.00,₱20.00
75307,Salmon Rice,Entree,1,₱665.00,₱665.00
75307,Mountain Dew,Drinks,1,₱105.00,₱105.00
75310,Pink Margarita,Cocktail,1,₱325.00,₱325.00
75310,Takoyaki,Appetizer,2,₱345.00,₱690.00
75310,Sausage Angel,Appetizer,1,₱325.00,₱325.00
75310,Fish Be With U,Entree,1,₱795.00,₱795.00
75310,Bone-in PorkChop,Entree,1,"₱1,095.00","₱1,095.00"
75312,Bday Ice Cream,Dessert,1,₱0.00,₱0.00
75312,Cerveza Negra,Beer,1,₱150.00,₱150.00
75312,K. Pork Bowl,Entree,1,₱595.00,₱595.00
75312,Eves Apple,Mocktails,1,₱295.00,₱295.00
75312,Chicken Parm,Entree,1,₱495.00,₱495.00
75316,Truffle Pasta,Pasta,2,₱435.00,₱870.00
75316,Baletea,Tea,1,₱205.00,₱205.00
75317,Fish Be With U,Entree,2,₱795.00,"₱1,590.00"
75317,Lychee Mojito,Cocktail,2,₱355.00,₱710.00
75317,Tokwat Porky Pig,Entree,1,₱395.00,₱395.00
75317,Baletea Freeze,Cocktail,1,₱365.00,₱365.00
75319,Truffle Pasta,Pasta,1,₱435.00,₱435.00
75319,Pitcher Classic Mojito,Cocktail,1,₱650.00,₱650.00
75322,Lychee Berry Margarita,Cocktail,1,₱355.00,₱355.00
75322,Dark Choco Chip Frappe,Frappe,1,₱285.00,₱285.00
75322,Shrimp Salpicao,Entree,2,₱415.00,₱830.00
75322,Chicken Parm,Entree,2,₱495.00,₱990.00
75324,Dark Choco Chip Frappe,Frappe,1,₱285.00,₱285.00
75324,Butter Toast,Side Dish,1,₱45.00,₱45.00
75324,Pork Sisig,Entree,1,₱345.00,₱345.00
75324,Free Pudding,Promos & Freebies,1,₱0.00,₱0.00
75324,Coke Regular,Drinks,2,₱45.00,₱90.00
75326,Salmon Rice,Entree,1,₱665.00,₱665.00
75326,Yogi Tea,Tea,2,₱125.00,₱250.00
75326,Platter Garlic Rice,Side Dish,1,₱395.00,₱395.00
75326,Glass Bulera,Cocktail,2,₱115.00,₱230.00
75326,Cajun Pasta,Pasta,1,₱425.00,₱425.00
75328,Coke Regular,Drinks,1,₱125.00,₱125.00
75328,Sisig Rice Bowl,Entree,2,₱415.00,₱830.00
75328,Tropical White Lady,Mocktails,2,₱355.00,₱710.00
75328,Egg,Add-ons,2,₱40.00,₱80.00
75328,Chicken & Waffles,Entree,2,₱425.00,₱850.00
75329,Tailgate Ribs,Entree,2,₱595.00,"₱1,190.00"
75329,War Heads,Cocktail,2,₱355.00,₱710.00
75329,Bucket Light,Beer,2,₱650.00,"₱1,300.00"
75331,Platter Plain Rice,Side Dish,2,₱295.00,₱590.00
75331,Beef Salpicao,Entree,2,₱545.00,"₱1,090.00"
75331,Bucket Light,Beer,2,₱650.00,"₱1,300.00"
75331,Viet Coffee,Coffee,2,₱195.00,₱390.00
75334,Egg,Add-ons,1,₱40.00,₱40.00
75334,Seafood Chowda,Soup,2,₱365.00,₱730.00
75334,Gin & Tonic,Hard Liquor,1,₱345.00,₱345.00
75334,Truffle Shuffle,Pasta,1,₱435.00,₱435.00
75335,Rootbeer Float,Drinks,2,₱225.00,₱450.00
75335,UT-Pork Bowl,Entree,1,₱595.00,₱595.00
75335,Breakfast Pudding,Dessert,1,₱199.00,₱199.00
75335,San Mig Pilsen,Beer,1,₱120.00,₱120.00
75336,Sisig Rice Bowl,Entree,1,₱415.00,₱415.00
75336,Sausage Diablo,Appetizer,2,₱325.00,₱650.00
75336,Cerveza Negra,Beer,2,₱150.00,₱300.00
75336,BaleteHeat,Cocktail,1,₱0.00,₱0.00
75336,Tanqueray Gin Shot,Hard Liquor,1,₱190.00,₱190.00
75337,Sisig Rice Bowl,Entree,1,₱450.00,₱450.00
75337,Boozy Affogato,Boozy Coffee,2,₱375.00,₱750.00
75340,Jim Beam Whiskey,Hard Liquor,2,"₱2,600.00","₱5,200.00"
75340,Green Mango Shake,Shake,1,₱275.00,₱275.00
75343,San Mig Light,Beer,1,₱130.00,₱130.00
75343,Creme Brulee,Dessert,2,₱245.00,₱490.00
75343,Spanish Latte,Coffee,2,₱195.00,₱390.00
75343,Viet Coffee,Coffee,1,₱195.00,₱195.00
75345,Vegetable Arrabbiata,Pasta,1,₱415.00,₱415.00
75345,Salmon Rice,Entree,1,₱665.00,₱665.00
75347,Eves Apple,Mocktails,2,₱295.00,₱590.00
75347,SOP,Pizza,2,₱425.00,₱850.00
75347,Mango Shake,Shake,2,₱280.00,₱560.00
75348,Eyogi Tea,Tea,2,₱125.00,₱250.00
75348,SOP,Pizza,2,₱425.00,₱850.00
75348,Garlic Rice,Add-ons,1,₱95.00,₱95.00
75348,Mac & Cheese,Pasta,1,₱445.00,₱445.00
75352,Rootbeer Float Rated G,Drinks,1,₱225.00,₱225.00
75352,Mac & Cheese,Pasta,2,₱445.00,₱890.00
75352,Mango Shake,Shake,1,₱280.00,₱280.00
75354,Kwek Ala Carte,Appetizer,1,₱155.00,₱155.00
75354,Breakfast Pudding,Dessert,1,₱199.00,₱199.00
75357,Coke Regular,Drinks,1,₱105.00,₱105.00
75357,Plain Rice,Add-ons,2,₱65.00,₱130.00
75359,Plain Rice,Add-ons,1,₱65.00,₱65.00
75359,Salted Caramel Frappe,Frappe,2,₱255.00,₱510.00
75359,Chicken in a Basket,Appetizer,2,₱395.00,₱790.00
75362,Kikiam Ala Carte,Appetizer,2,₱85.00,₱170.00
75362,Kikiam Ala Carte,Appetizer,1,₱85.00,₱85.00
75363,Strawberry Latte,Coffee,1,₱215.00,₱215.00
75363,Kawali Bowl,Entree,1,₱199.00,₱199.00
75363,Bucket Assorted,Beer,1,₱750.00,₱750.00
75363,Fish Taco,Appetizer,1,₱395.00,₱395.00
75365,Bone-In Porkchop,Entree,2,"₱1,095.00","₱2,190.00"
75365,Truffle Parmesan Fries,Appetizer,2,₱325.00,₱650.00
75368,Chicken in a Basket,Appetizer,2,₱395.00,₱790.00
75368,Cocoa Wonka,Drinks,1,₱245.00,₱245.00
75368,Sisig Rice Bowl,Entree,2,₱415.00,₱830.00
75368,Grilled Tuna,Entree,2,₱395.00,₱790.00
75369,Glass Bulera,Cocktail,2,₱115.00,₱230.00
75369,Mango Shake,Shake,2,₱145.00,₱290.00
75369,Baletea Freeze,Cocktail,2,₱365.00,₱730.00
75370,Creme Brulee,Dessert,2,₱245.00,₱490.00
75370,Bucket Pilsen,Beer,2,₱600.00,"₱1,200.00"
75370,Banana Peanut Butter,Frappe,2,₱275.00,₱550.00
75374,Asian Chicken,Salad,2,₱365.00,₱730.00
75374,C3,Drinks,1,₱245.00,₱245.00
75374,San Mig Light,Beer,2,₱0.00,₱0.00
75378,San Mig Pilsen,Beer,1,₱0.00,₱0.00
75378,San Mig Super Dry,Beer,1,₱150.00,₱150.00
75378,Schweppes Soda Water,Drinks,2,₱105.00,₱210.00
75378,Salted Caramel Frappe,Frappe,1,₱255.00,₱255.00
75378,Baletea,Tea,2,₱245.00,₱490.00
75382,Chicken & Waffles,Entree,2,₱425.00,₱850.00
75382,Tapsi & More,Entree,2,₱425.00,₱850.00
75382,Vegetable Arrabbiata,Pasta,2,₱415.00,₱830.00
75382,Negra,Beer,2,₱0.00,₱0.00
75383,Tequila Sunrise,Cocktail,2,₱0.00,₱0.00
75383,Boozy Affogato,Boozy Coffee,1,₱375.00,₱375.00
75383,Yogi Tea,Tea,2,₱0.00,₱0.00
75383,Bucket Pilsen,Beer,1,₱600.00,₱600.00
75383,Butter Toast,Side Dish,1,₱45.00,₱45.00
75387,Glass Bulera,Cocktail,1,₱115.00,₱115.00
75387,Tokwat Porky Pig,Appetizer,1,₱395.00,₱395.00
75387,Lychee Shake,Shake,1,₱225.00,₱225.00
75387,Seafood Pesto,Pasta,1,₱495.00,₱495.00
75387,Cajun Pasta,Pasta,1,₱425.00,₱425.00
75389,Gochujang Chicken Wrap,Burger/Wrap & More,2,₱425.00,₱850.00
75389,Johnnie Walker Black S,Hard Liquor,2,₱195.00,₱390.00
75389,Baletea Freeze,Cocktail,1,₱365.00,₱365.00
75389,Banana Peanut Butter,Frappe,2,₱275.00,₱550.00
75393,Matchalicious,Matcha,2,₱255.00,₱510.00
75393,Pinoy Charcuterie,Appetizer,2,₱495.00,₱990.00
75393,Truffle Pasta,Pasta,2,₱485.00,₱970.00
75393,Tailgate Ribs,Entree,1,₱650.00,₱650.00
75394,Sisig Rice Bowl,Entree,1,₱415.00,₱415.00
75394,Baletea,Tea,2,₱205.00,₱410.00
75394,Seafood Pesto,Pasta,2,₱495.00,₱990.00
75394,Strawberry Matcha Frappe,Frappe,1,₱285.00,₱285.00
75395,Warm Poke Bowl,Entree,1,₱625.00,₱625.00
75395,SOP,Pizza,1,₱425.00,₱425.00
75395,Asian Chicken,Salad,1,₱365.00,₱365.00
75395,Cold Water,Drinks,1,₱65.00,₱65.00
75398,Free Pudding,Promos & Freebies,1,₱0.00,₱0.00
75398,Kiss of Death,Cocktail,2,₱550.00,"₱1,100.00"
75398,Yolo,Shake,2,₱255.00,₱510.00
75398,Murica,Mocktails,2,₱150.00,₱300.00
75398,Truffle Parmesan Fries,Appetizer,1,₱325.00,₱325.00
75399,Bucket Assorted,Beer,1,₱750.00,₱750.00
75399,Matchaholic,Matcha,1,₱0.00,₱0.00
75399,Bucket Assorted,Beer,2,₱750.00,"₱1,500.00"
75399,Sisig Rice Bowl,Entree,2,₱415.00,₱830.00
75399,Johnnie Walker Black S,Hard Liquor,1,₱195.00,₱195.00
75403,UTB Burger,Burger/Wrap & More,2,₱425.00,₱850.00
75403,Tapsi & More,Entree,2,₱425.00,₱850.00
75405,Warm Poke Bowl,Entree,2,₱625.00,"₱1,250.00"
75405,Dynamite Ala Carte,Appetizer,1,₱155.00,₱155.00
75405,Cajun Pasta,Pasta,1,₱425.00,₱425.00
75405,Murica,Coffee,2,₱150.00,₱300.00
75408,San Mig Light,Beer,2,₱130.00,₱260.00
75408,Cajun Pasta,Pasta,2,₱425.00,₱850.00
75411,Honey-Sriracha Chicken,Salad,1,₱375.00,₱375.00
75411,Mac & Cheese,Pasta,1,₱445.00,₱445.00
75411,Sisig Rice Bowl,Entree,1,₱415.00,₱415.00
75411,Squash Soup,Soup,2,₱315.00,₱630.00
75415,Bellagio Mochaccino,Coffee,1,₱225.00,₱225.00
75415,Viet Coffee,Coffee,2,₱145.00,₱290.00
75415,Free Pudding,Promos & Freebies,2,₱0.00,₱0.00
75417,Rum & Coke,Cocktail,2,₱225.00,₱450.00
75417,Murica,Coffee,2,₱150.00,₱300.00
75417,Gochujang Chicken Wrap,Burger/Wrap & More,2,₱425.00,₱850.00
75417,Salmon Rice,Entree,1,₱665.00,₱665.00
75420,Baletea,Tea,2,₱130.00,₱260.00
75420,Amaretto Sour,Cocktail,2,₱0.00,₱0.00
75420,Jim Beam Whiskey,Hard Liquor,2,"₱2,600.00","₱5,200.00"
75421,Corned Beef Plate,Breakfast,1,₱199.00,₱199.00
75421,Cappuccino,Coffee,2,₱185.00,₱370.00
75421,Asian Chicken,Salad,2,₱365.00,₱730.00
75421,Tapsi & More,Entree,1,₱425.00,₱425.00
75421,Matchalicious,Matcha,1,₱255.00,₱255.00
75422,Sausage Skillet (Angel),Appetizer,1,₱325.00,₱325.00
75422,San Mig Light,Beer,2,₱0.00,₱0.00
75426,Marrow Brulee,Appetizer,1,₱365.00,₱365.00
75426,Schweppes Soda Water,Drinks,2,₱105.00,₱210.00
75426,San Mig Pilsen,Beer,2,₱120.00,₱240.00
75428,Cocoa Wonka,Drinks,1,₱245.00,₱245.00
75428,Bottled Water,Drinks,1,₱65.00,₱65.00
75430,Sausage Angel,Appetizer,2,₱325.00,₱650.00
75430,Tropical White Lady,Mocktails,1,₱355.00,₱355.00
75430,Tapsi & More,Entree,2,₱425.00,₱850.00
75432,Latte,Coffee,2,₱205.00,₱410.00
75432,Seafood Chowda,Soup,2,₱365.00,₱730.00
75432,Plain Rice,Add-ons,2,₱65.00,₱130.00
75432,Negra,Beer,2,₱0.00,₱0.00
75433,Bday Ice Cream,Dessert,1,₱0.00,₱0.00
75433,Murica,Entree,2,₱150.00,₱300.00
75433,Kawali Bowl,Entree,2,₱199.00,₱398.00
75433,San Mig Pilsen,Beer,2,₱120.00,₱240.00
75436,Tokwat Porky Pig,Appetizer,2,₱395.00,₱790.00
75436,Warm Poke Bowl,Entree,2,₱625.00,"₱1,250.00"
75439,Warm Poke Bowl,Entree,1,₱625.00,₱625.00
75439,Lychee Berry Margarita,Cocktail,2,₱355.00,₱710.00
75439,Thai Shrimp,Entree,2,₱425.00,₱850.00
75439,Baletea Freeze,Cocktail,2,₱365.00,₱730.00
75439,Cerveza Negra,Beer,2,₱150.00,₱300.00
75440,Boozy Affogato,Boozy Coffee,2,₱375.00,₱750.00
75440,Truffle Parmesan Fries,Appetizer,2,₱325.00,₱650.00
75440,Bottled Water,Drinks,1,₱65.00,₱65.00
75441,Bucket Light,Beer,2,₱650.00,"₱1,300.00"
75441,Hazelnut Macchiato,Coffee,1,₱205.00,₱205.00
75443,Free Pudding,Promos & Freebies,2,₱0.00,₱0.00
75443,Classic Mojito,Cocktail,1,₱295.00,₱295.00
75445,Cappuccino,Coffee,1,₱185.00,₱185.00
75445,Chicken & Waffles,Entree,1,₱425.00,₱425.00
75445,Matchalicious,Matcha,1,₱255.00,₱255.00
75445,Murica,Coffee,2,₱150.00,₱300.00
75445,Sausage Skillet (Angel),Appetizer,1,₱325.00,₱325.00
75446,K. Pork Bowl,Entree,1,₱595.00,₱595.00
75446,Container,Packaging,1,₱10.00,₱10.00
75446,Free Pudding,Promos & Freebies,1,₱0.00,₱0.00
75446,Tokwat Porky Pig,Entree,1,₱395.00,₱395.00
75448,Mango Shake,Shake,1,₱195.00,₱195.00
75448,Truffle Pasta,Pasta,1,₱435.00,₱435.00
75448,Creme Brulee,Dessert,1,₱245.00,₱245.00
75451,Salis Curry Steak,Entree,1,₱425.00,₱425.00
75451,Salmon Rice,Entree,1,₱665.00,₱665.00
75451,Free Pudding,Promos & Freebies,2,₱0.00,₱0.00
75451,Matchalicious,Matcha,1,₱255.00,₱255.00
75451,Bucket Assorted,Beer,2,₱750.00,"₱1,500.00"
75454,Murica,Coffee,1,₱150.00,₱150.00
75454,Mug Root Beer,Beer,1,₱105.00,₱105.00
75454,Eves Apple,Mocktails,2,₱295.00,₱590.00
75454,Fries,Side Dish,2,₱95.00,₱190.00
75454,Bucket Pilsen,Beer,2,₱600.00,"₱1,200.00"
75455,Bacon Plate,Breakfast,1,₱199.00,₱199.00
75455,Mango Tapioca,Dessert,2,₱245.00,₱490.00
75455,San Mig Light,Beer,1,₱130.00,₱130.00
75455,Caramel Macchiato,Coffee,2,₱0.00,₱0.00
75455,Platter Garlic Rice,Side Dish,2,₱395.00,₱790.00
75456,Squash Soup,Soup,2,₱315.00,₱630.00
75456,Kawali Bowl,Entree,1,₱199.00,₱199.00
75456,SOP,Pizza,2,₱425.00,₱850.00
75456,Strawberry Frappe,Frappe,1,₱255.00,₱255.00
75459,Bunwich Ala UTB,Burger/Wrap & More,1,₱375.00,₱375.00
75459,Kawali Bowl,Entree,2,₱199.00,₱398.00
75459,Superdry,Beer,2,₱0.00,₱0.00
75459,UTB Burger,Burger/Wrap & More,1,₱425.00,₱425.00
75460,Red Sangria,Cocktail,2,₱345.00,₱690.00
75460,Mango Shake,Shake,1,₱295.00,₱295.00
75460,Amaretto Sour,Cocktail,1,₱0.00,₱0.00
75464,C3,Drinks,2,₱245.00,₱490.00
75464,Cerveza Negra,Beer,1,₱150.00,₱150.00
75465,San Mig Super Dry,Beer,2,₱150.00,₱300.00
75465,Salmon Rice,Entree,1,₱665.00,₱665.00
75465,Dirty Matcha,Coffee,2,₱225.00,₱450.00
75465,Truffle Parmesan Fries,Appetizer,2,₱325.00,₱650.00
75465,Tapsi & More,Entree,2,₱425.00,₱850.00
75469,Mango Shake,Shake,1,₱140.00,₱140.00
75469,Cajun Pasta,Pasta,2,₱425.00,₱850.00
75469,Cerveza Negra,Beer,1,₱150.00,₱150.00
75469,Chicken Parm,Entree,1,₱550.00,₱550.00
75472,Mango Shake,Shake,2,₱225.00,₱450.00
75472,Pink Margarita,Cocktail,2,₱325.00,₱650.00
75476,Sisig Rice Bowl,Entree,1,₱450.00,₱450.00
75476,Under the Summer Sun,Cocktail,2,₱335.00,₱670.00
75476,Mango Shake,Shake,1,₱145.00,₱145.00
75477,Chicken in a Basket,Appetizer,2,₱395.00,₱790.00
75477,K. Beef Bowl,Entree,1,₱895.00,₱895.00
75477,Xtra Scoop Ice Cream,Dessert,2,₱65.00,₱130.00
75477,San Mig Pilsen,Beer,1,₱0.00,₱0.00
75477,Tapsi & More,Entree,2,₱425.00,₱850.00
75478,Dynamite Ala Carte,Appetizer,1,₱155.00,₱155.00
75478,Beef and Shrimp Salpicao,Entree,1,₱895.00,₱895.00
75478,UT-Pork Bowl,Entree,2,₱595.00,"₱1,190.00"
75478,SOP,Pizza,1,₱425.00,₱425.00
75478,Shrimp Salpicao,Entree,2,₱415.00,₱830.00
75480,Chicken Caesar Wrap,Burger/Wrap & More,2,₱425.00,₱850.00
75480,Mountain Dew,Drinks,1,₱105.00,₱105.00
75480,Fries,Side Dish,1,₱95.00,₱95.00
75482,Superdry,Beer,1,₱0.00,₱0.00
75482,Tailgate Ribs,Entree,2,₱595.00,"₱1,190.00"
75482,Strawberry Latte,Coffee,1,₱215.00,₱215.00
75482,Fish Taco,Appetizer,1,₱395.00,₱395.00
75584,Free Chicharon,Promos & Freebies,1,₱0.00,₱0.00
75584,Salmon Rice,Entree,2,₱665.00,"₱1,330.00"
75584,Lychee Shake,Shake,2,₱225.00,₱450.00
75584,Truffle Parmesan Fries,Appetizer,1,₱325.00,₱325.00
75586,Seafood Chowda,Soup,1,₱365.00,₱365.00
75586,Baletea,Tea,2,₱130.00,₱260.00
75586,Sausage Angel,Appetizer,1,₱325.00,₱325.00
75589,Rum & Coke,Cocktail,1,₱225.00,₱225.00
75589,Yogi Tea,Tea,2,₱0.00,₱0.00
75589,Under the Summer Sun,Cocktail,2,₱335.00,₱670.00
75589,Tokwat Porky Pig,Appetizer,2,₱395.00,₱790.00
75591,Latte,Coffee,2,₱205.00,₱410.00
75591,Chicken Caesar Wrap,Burger/Wrap & More,2,₱425.00,₱850.00
75594,Matcha Frappe,Frappe,1,₱255.00,₱255.00
75594,Cappuccino,Coffee,1,₱185.00,₱185.00
75594,Marrow Brulee,Dessert,1,₱365.00,₱365.00
75596,Beer Peach,Beer,2,₱0.00,₱0.00
75596,Bone-in PorkChop,Entree,2,"₱1,095.00","₱2,190.00"
75596,Bucket Pilsen,Beer,1,₱600.00,₱600.00
75596,Plain Rice,Add-ons,1,₱65.00,₱65.00
75598,Fish Be With U,Entree,1,₱795.00,₱795.00
75598,Asian Chicken,Salad,2,₱365.00,₱730.00
75598,Surf & Turf,Entree,1,"₱1,195.00","₱1,195.00"
75599,Murica,Mocktails,2,₱150.00,₱300.00
75599,Creme Brulee,Dessert,2,₱245.00,₱490.00
75603,Bunwich Ala UTB,Burger/Wrap & More,1,₱375.00,₱375.00
75603,Chicken & Waffles,Entree,2,₱425.00,₱850.00
75603,Dirty Matcha,Coffee,2,₱225.00,₱450.00
75603,Amaretto Sour,Cocktail,2,₱0.00,₱0.00
75603,Chicharon,Appetizer,1,₱145.00,₱145.00
75605,Bucket Assorted,Beer,2,₱750.00,"₱1,500.00"
75605,Baletea Freeze,Cocktail,1,₱365.00,₱365.00
75607,Chixsig Nachos,Appetizer,2,₱395.00,₱790.00
75607,Honey Lemon J,Drinks,1,₱135.00,₱135.00
75607,Black Pepper Beef,Appetizer,2,₱525.00,"₱1,050.00"
75607,Pork Sisig,Entree,1,₱345.00,₱345.00
75607,Sausage Diablo,Appetizer,2,₱325.00,₱650.00
75608,Free Pudding,Promos & Freebies,1,₱0.00,₱0.00
75608,Rootbeer Float,Drinks,1,₱225.00,₱225.00
75608,Pitcher Red Sangria,Cocktail,1,₱650.00,₱650.00
75608,Tailgate Ribs,Entree,1,₱595.00,₱595.00
75608,Kikiam Ala Carte,Appetizer,1,₱85.00,₱85.00
75611,Truffle Pasta,Pasta,2,₱485.00,₱970.00
75611,Warm Poke Bowl,Entree,2,₱625.00,"₱1,250.00"
75611,SOP,Pizza,1,₱425.00,₱425.00
75615,Free Pudding,Promos & Freebies,2,₱0.00,₱0.00
75615,Tropical White Lady,Mocktails,2,₱355.00,₱710.00
75618,Coke Regular,Drinks,2,₱105.00,₱210.00
75618,Tailgate Ribs,Entree,2,₱650.00,"₱1,300.00"
75618,Tequila Sunrise,Cocktail,1,₱0.00,₱0.00
75620,San Mig Pilsen,Beer,1,₱0.00,₱0.00
75620,Sisig Rice Bowl,Entree,2,₱345.00,₱690.00
75623,Platter Plain Rice,Side Dish,2,₱295.00,₱590.00
75623,Fish Taco,Appetizer,1,₱395.00,₱395.00
75623,Batwan Beef Stew,Entree,1,₱725.00,₱725.00
75623,UT-Pork Bowl,Entree,2,₱595.00,"₱1,190.00"
75623,Tapsi & More,Entree,1,₱425.00,₱425.00
75624,Vodka Sunrise,Cocktail,1,₱305.00,₱305.00
75624,San Mig Light,Beer,1,₱0.00,₱0.00
75624,Chicken in a Basket,Appetizer,1,₱395.00,₱395.00
75624,Salis Curry Steak,Entree,2,₱425.00,₱850.00
75624,Salis Curry Steak,Entree,2,₱425.00,₱850.00
75627,Good Morning Sunshine,Breakfast,1,₱199.00,₱199.00
75627,Bunwich Ala UTB,Burger/Wrap & More,2,₱375.00,₱750.00
75629,Mango Shake,Shake,1,₱195.00,₱195.00
75629,Seafood Chowda,Soup,2,₱365.00,₱730.00
75633,Squash Soup,Soup,2,₱315.00,₱630.00
75633,Asian Chicken,Salad,2,₱365.00,₱730.00
75633,Warm Poke Bowl,Entree,1,₱625.00,₱625.00
75633,Strawberry Lychee Shake,Shake,2,₱255.00,₱510.00
75633,San Mig Pilsen,Beer,2,₱120.00,₱240.00
75637,Plain Rice,Add-ons,1,₱65.00,₱65.00
75637,Bucket Pilsen,Beer,1,₱600.00,₱600.00
75639,Tequila Sunrise,Cocktail,1,₱315.00,₱315.00
75639,San Mig Pilsen,Beer,1,₱120.00,₱120.00
75639,Lychee Shake,Shake,2,₱225.00,₱450.00
75639,San Mig Pilsen,Beer,2,₱120.00,₱240.00
75639,Fries,Side Dish,1,₱95.00,₱95.00
75641,Strawberry Frappe,Frappe,2,₱255.00,₱510.00
75641,Latte,Coffee,1,₱185.00,₱185.00
75641,San Mig Light,Beer,2,₱0.00,₱0.00
75641,Tropical White Lady,Mocktails,2,₱355.00,₱710.00
75645,Fries,Side Dish,1,₱95.00,₱95.00
75645,Shrimp Po Boy,Burger/Wrap & More,2,₱475.00,₱950.00
75647,Negra,Beer,2,₱0.00,₱0.00
75647,Bucket Light,Beer,2,₱650.00,"₱1,300.00"
75647,Baletea,Tea,1,₱205.00,₱205.00
75648,Bucket Light,Beer,1,₱650.00,₱650.00
75648,Platter Garlic Rice,Side Dish,1,₱395.00,₱395.00
75650,Butter Toast,Side Dish,2,₱45.00,₱90.00
75650,Fries,Side Dish,1,₱95.00,₱95.00
75650,Amaretto Sour,Cocktail,2,₱285.00,₱570.00
75654,Free Chicharon,Promos & Freebies,2,₱0.00,₱0.00
75654,Chicken in a Basket,Appetizer,2,₱395.00,₱790.00
75656,Viet Coffee,Coffee,1,₱200.00,₱200.00
75656,Johnnie Walker Black S,Hard Liquor,2,₱195.00,₱390.00
75660,Honey-Sriracha Chicken,Salad,1,₱375.00,₱375.00
75660,Fish Be With U,Entree,2,₱795.00,"₱1,590.00"
75660,Free Chicharon,Promos & Freebies,1,₱0.00,₱0.00
75660,Container,Packaging,1,₱10.00,₱10.00
75662,Free Pudding,Promos & Freebies,2,₱0.00,₱0.00
75662,Mac & Cheese,Pasta,1,₱0.00,₱0.00
75662,Free Pudding,Promos & Freebies,2,₱0.00,₱0.00
75662,Chicken Parm,Entree,2,₱495.00,₱990.00
75663,Pitcher Classic Mojito,Cocktail,2,₱650.00,"₱1,300.00"
75663,Salmon Rice,Entree,2,₱665.00,"₱1,330.00"
75663,Chicharon,Appetizer,2,₱145.00,₱290.00
75666,Bunwich Ala UTB,Burger/Wrap & More,2,₱375.00,₱750.00
75666,Garlic Rice,Add-ons,2,₱95.00,₱190.00
75670,Xtra Scoop Ice Cream,Dessert,1,₱65.00,₱65.00
75670,Cerveza Negra,Beer,2,₱150.00,₱300.00
75674,Tapsi & More,Entree,2,₱425.00,₱850.00
75674,Bucket Light,Beer,1,₱650.00,₱650.00
75674,UTB Burger,Burger/Wrap & More,1,₱425.00,₱425.00
75674,Superdry,Beer,1,₱0.00,₱0.00
75674,Honey Lemon J,Drinks,2,₱135.00,₱270.00
75676,Kawali Bowl,Entree,1,₱199.00,₱199.00
75676,Tapsi & More,Entree,2,₱425.00,₱850.00
75676,Salis Curry Steak,Entree,2,₱425.00,₱850.00
75680,Trash Can,Cocktail,2,₱395.00,₱790.00
75680,Boozy Affogato,Boozy Coffee,1,₱375.00,₱375.00
75681,Chicken Rice,Entree,2,₱405.00,₱810.00
75681,Platter Plain Rice,Side Dish,1,₱295.00,₱295.00
75681,Plain Rice,Add-ons,1,₱65.00,₱65.00
75681,Bucket Light,Beer,2,₱650.00,"₱1,300.00"
75685,K. Pork Bowl,Entree,1,₱585.00,₱585.00
75685,Fish Taco,Appetizer,1,₱395.00,₱395.00
75685,Lychee Shake,Shake,2,₱225.00,₱450.00
75687,Caesar,Salad,1,₱365.00,₱365.00
75687,Chicken & Waffles,Entree,2,₱425.00,₱850.00
75687,Bucket Light,Beer,1,₱650.00,₱650.00
75687,Free Pudding,Promos & Freebies,2,₱0.00,₱0.00
75687,Trash Can,Dessert,2,₱395.00,₱790.00
75690,Baletea Freeze,Cocktail,2,₱365.00,₱730.00
75690,Mango Shake,Shake,1,₱180.00,₱180.00
75690,Egg,Add-ons,2,₱40.00,₱80.00
75691,Jim Beam Whiskey,Hard Liquor,1,"₱2,600.00","₱2,600.00"
75691,Tanqueray Gin Shot,Hard Liquor,2,₱190.00,₱380.00
75695,Free Pudding,Promos & Freebies,1,₱0.00,₱0.00
75695,Sisig Rice Bowl,Entree,2,₱415.00,₱830.00
75695,Yolo,Shake,1,₱255.00,₱255.00
75695,Mango Shake,Shake,2,₱280.00,₱560.00
75696,Platter Garlic Rice,Side Dish,2,₱395.00,₱790.00
75696,Egg,Add-ons,1,₱40.00,₱40.00
75696,Thai Shrimp,Entree,1,₱425.00,₱425.00
75696,Warm Poke Bowl,Entree,2,₱625.00,"₱1,250.00"
75698,Free Pudding,Promos & Freebies,2,₱0.00,₱0.00
75698,Sausage Diablo,Appetizer,1,₱360.00,₱360.00
75699,Kawali Bowl,Entree,1,₱199.00,₱199.00
75699,Batwan Beef Stew,Entree,1,₱785.00,₱785.00
75699,Mango Shake,Shake,2,₱280.00,₱560.00
75699,Honey-Sriracha Chicken,Entree,2,₱375.00,₱750.00
75699,Truffle Parmesan Fries,Appetizer,2,₱325.00,₱650.00
75700,Kiss of Death,Cocktail,1,₱550.00,₱550.00
75700,Free Pudding,Promos & Freebies,2,₱0.00,₱0.00
75700,Coke Regular,Drinks,2,₱125.00,₱250.00
75700,Chicken & Waffles,Entree,1,₱425.00,₱425.00
75703,Pink Margarita,Cocktail,2,₱325.00,₱650.00
75703,Seafood Pesto,Pasta,1,₱495.00,₱495.00
75705,Free Pudding,Promos & Freebies,1,₱0.00,₱0.00
75705,Caesar,Salad,1,₱365.00,₱365.00
75705,Latte,Coffee,1,₱205.00,₱205.00
75705,Mac & Cheese,Pasta,1,₱445.00,₱445.00
75705,Warm Poke Bowl,Entree,2,₱625.00,"₱1,250.00"
75709,Caesar,Salad,2,₱365.00,₱730.00
75709,Negra,Beer,2,₱0.00,₱0.00
75709,Johnnie Walker Black,Hard Liquor,1,₱195.00,₱195.00
75709,Plain Rice,Add-ons,2,₱65.00,₱130.00
75709,Pinoy Charcuterie,Appetizer,1,₱495.00,₱495.00
75711,Schweppes Soda Water,Drinks,1,₱105.00,₱105.00
75711,Strawberry Frappe,Frappe,1,₱255.00,₱255.00
75711,Chicken Parm,Entree,1,₱495.00,₱495.00
75711,Vanilla Latte,Coffee,2,₱205.00,₱410.00
75714,Eves Apple,Mocktails,2,₱295.00,₱590.00
75714,Truffle Pasta,Pasta,1,₱435.00,₱435.00
75714,Batwan Beef Stew,Entree,2,₱725.00,"₱1,450.00"
75714,Fish Be With U,Entree,1,₱795.00,₱795.00
75714,C3,Drinks,1,₱245.00,₱245.00
75716,Bellagio Mochaccino,Coffee,1,₱225.00,₱225.00
75716,Container,Packaging,1,₱10.00,₱10.00
75716,Dirty Matcha,Coffee,1,₱225.00,₱225.00
75716,Baletea,Tea,2,₱130.00,₱260.00
75717,Chicken & Waffles,Entree,2,₱425.00,₱850.00
75717,Strawberry Basil Mojito,Cocktail,2,₱0.00,₱0.00
75717,Coke Zero,Drinks,2,₱105.00,₱210.00
75717,Matchalicious,Matcha,2,₱255.00,₱510.00
75718,Tapsi & More,Entree,1,₱425.00,₱425.00
75718,Cerveza Negra,Beer,1,₱150.00,₱150.00
75719,Salis Curry Steak,Entree,1,₱425.00,₱425.00
75719,Caramel Macchiato,Coffee,1,₱0.00,₱0.00
75722,Chicken in a Basket,Appetizer,1,₱395.00,₱395.00
75722,Chicken Rice,Entree,2,₱405.00,₱810.00
75722,Salmon Rice,Entree,1,₱665.00,₱665.00
75722,Kawali Bowl,Entree,1,₱199.00,₱199.00
75726,Grilled Tuna,Entree,1,₱395.00,₱395.00
75726,Chicken Rice,Entree,1,₱405.00,₱405.00
75727,Tapsi & More,Entree,2,₱425.00,₱850.00
75727,Coke Regular,Drinks,2,₱125.00,₱250.00
75729,UT-Pork Bowl,Entree,2,₱595.00,"₱1,190.00"
75729,Mango Tapioca,Dessert,1,₱245.00,₱245.00
75731,Mango Shake,Shake,2,₱225.00,₱450.00
75731,Yolo,Shake,1,₱255.00,₱255.00
75731,Pinoy Charcuterie,Appetizer,1,₱495.00,₱495.00
75731,Coke Regular,Drinks,2,₱105.00,₱210.00
75733,Pink Margarita,Cocktail,2,₱325.00,₱650.00
75733,Superdry,Beer,2,₱0.00,₱0.00
75733,Balete Salpicao,Entree,1,₱545.00,₱545.00
75734,Vodka Sunrise,Cocktail,2,₱305.00,₱610.00
75734,Cajun Pasta,Pasta,2,₱425.00,₱850.00
75734,Eyogi Tea,Tea,2,₱125.00,₱250.00
75734,Kawali Bowl,Entree,1,₱199.00,₱199.00
75738,Beef Salpicao,Entree,1,₱545.00,₱545.00
75738,Sausage Diablo,Appetizer,2,₱325.00,₱650.00
75742,Honey Lemon J,Drinks,1,₱135.00,₱135.00
75742,Pitcher Red Sangria,Cocktail,2,₱650.00,"₱1,300.00"
75742,San Mig Pilsen,Beer,2,₱90.00,₱180.00
75742,Creme Brulee,Dessert,1,₱245.00,₱245.00
75742,Tequila Sunrise,Cocktail,1,₱315.00,₱315.00
75745,Dark Choco Chip Frappe,Frappe,2,₱285.00,₱570.00
75745,C3,Drinks,2,₱245.00,₱490.00
75746,Free Pudding,Promos & Freebies,1,₱0.00,₱0.00
75746,Container,Packaging,1,₱10.00,₱10.00
75746,K. Beef Bowl,Entree,2,₱895.00,"₱1,790.00"
75746,Squash Soup,Soup,1,₱315.00,₱315.00
75748,Mac & Cheese,Pasta,2,₱445.00,₱890.00
75748,Chicken Rice,Entree,2,₱405.00,₱810.00
75748,Salis Curry Steak,Entree,1,₱425.00,₱425.00
75750,Chicken Parm,Entree,1,₱495.00,₱495.00
75750,Free Chicharon,Promos & Freebies,1,₱0.00,₱0.00
75750,Jim Beam Whiskey,Hard Liquor,2,"₱2,600.00","₱5,200.00"
75750,Tapsi & More,Entree,1,₱425.00,₱425.00
75750,Chicken in a Basket,Appetizer,2,₱395.00,₱790.00
75752,Chicken in a Basket,Appetizer,2,₱395.00,₱790.00
75752,Bucket Assorted,Beer,1,₱750.00,₱750.00
75752,San Mig Light,Beer,2,₱130.00,₱260.00
75754,C3,Drinks,1,₱245.00,₱245.00
75754,Balete Salpicao,Entree,2,₱545.00,"₱1,090.00"
75754,Boozy Affogato,Boozy Coffee,2,₱375.00,₱750.00
75754,Yolo,Shake,1,₱255.00,₱255.00
75754,Trash Can,Entree,1,₱395.00,₱395.00
75756,Glass Baletea,Tea,1,₱105.00,₱105.00
75756,Chixsig Nachos,Appetizer,2,₱395.00,₱790.00
75758,Cerveza Negra,Beer,1,₱150.00,₱150.00
75758,Asian Chicken,Salad,1,₱365.00,₱365.00
75762,Plain Rice,Add-ons,1,₱65.00,₱65.00
75762,Dynamite Ala Carte,Appetizer,1,₱155.00,₱155.00
75762,Green Mango Shake,Shake,1,₱225.00,₱225.00
75764,War Heads,Cocktail,1,₱355.00,₱355.00
75764,Pork Sisig,Entree,2,₱345.00,₱690.00
75768,Pink Margarita,Cocktail,2,₱0.00,₱0.00
75768,Pink Margarita,Cocktail,2,₱325.00,₱650.00
75768,Bucket Light,Beer,2,₱650.00,"₱1,300.00"
75772,Mango Shake,Shake,1,₱280.00,₱280.00
75772,Coke Zero,Drinks,2,₱30.00,₱60.00
75774,Cappuccino,Coffee,1,₱185.00,₱185.00
75774,Batwan Beef Stew,Entree,1,₱725.00,₱725.00
75777,Batwan Beef Stew,Entree,2,₱725.00,"₱1,450.00"
75777,San Mig Pilsen,Beer,1,₱120.00,₱120.00
75777,Squash Soup,Soup,2,₱315.00,₱630.00
75780,K. Pork Bowl,Entree,2,₱585.00,"₱1,170.00"
75780,Sausage Diablo,Appetizer,2,₱325.00,₱650.00
75780,Strawberry Lychee Shake,Shake,2,₱255.00,₱510.00
75780,Warm Poke Bowl,Entree,2,₱625.00,"₱1,250.00"
75783,Chicken in a Basket,Appetizer,2,₱395.00,₱790.00
75783,Lychee Mojito,Cocktail,1,₱355.00,₱355.00
75783,Chicken in a Basket,Appetizer,2,₱395.00,₱790.00
75783,Dirty Matcha,Coffee,1,₱225.00,₱225.00
75785,Surf & Turf,Entree,1,"₱1,195.00","₱1,195.00"
75785,Cappuccino,Coffee,2,₱185.00,₱370.00
75785,San Mig Pilsen,Beer,1,₱0.00,₱0.00
75785,Free Pudding,Promos & Freebies,1,₱0.00,₱0.00
75785,UT-Pork Bowl,Entree,1,₱595.00,₱595.00
75787,Coke Regular,Drinks,2,₱45.00,₱90.00
75787,Bellagio Mochaccino,Coffee,2,₱225.00,₱450.00
75789,Tapsi & More,Entree,2,₱425.00,₱850.00
75789,Plain Rice,Add-ons,2,₱65.00,₱130.00
75791,K. Pork Bowl,Entree,1,₱595.00,₱595.00
75791,Corned Beef Plate,Breakfast,2,₱199.00,₱398.00
75794,Tailgate Ribs,Entree,2,₱650.00,"₱1,300.00"
75794,Squash Soup,Soup,2,₱315.00,₱630.00
75796,Container,Packaging,1,₱10.00,₱10.00
75796,Glass Bulera,Cocktail,2,₱115.00,₱230.00
75796,Tapsi & More,Entree,2,₱425.00,₱850.00
75796,Salis Curry Steak,Entree,1,₱425.00,₱425.00
75797,Under the Summer Sun,Cocktail,2,₱335.00,₱670.00
75797,Cerveza Negra,Beer,1,₱150.00,₱150.00
75797,Tokwat Porky Pig,Entree,1,₱395.00,₱395.00
75797,Latte,Coffee,2,₱185.00,₱370.00
75797,Jim Beam Whiskey,Hard Liquor,2,"₱2,600.00","₱5,200.00"
75801,Yolo,Shake,2,₱255.00,₱510.00
75801,Pinoy Charcuterie,Appetizer,2,₱495.00,₱990.00
75801,Sausage Skillet (Angel),Appetizer,2,₱325.00,₱650.00
75804,Salis Curry Steak,Entree,1,₱425.00,₱425.00
75804,BaleteHeat,Cocktail,2,₱0.00,₱0.00
75804,Platter Garlic Rice,Side Dish,2,₱395.00,₱790.00
75807,San Mig Super Dry,Beer,1,₱150.00,₱150.00
75807,Mac & Cheese,Pasta,1,₱445.00,₱445.00
75807,Vegetable Arrabbiata,Pasta,1,₱415.00,₱415.00
75807,Yogi Tea,Tea,2,₱125.00,₱250.00
75809,Spanish Latte,Coffee,2,₱195.00,₱390.00
75809,Cajun Pasta,Pasta,2,₱425.00,₱850.00
75809,Baletea,Tea,2,₱130.00,₱260.00
75811,Tailgate Ribs,Entree,1,₱595.00,₱595.00
75811,Xtra Scoop Ice Cream,Dessert,2,₱65.00,₱130.00
75811,Bucket Assorted,Beer,2,₱750.00,"₱1,500.00"
75811,Sisig Rice Bowl,Entree,1,₱345.00,₱345.00
75811,Twerk It,Boozy Coffee,1,₱345.00,₱345.00
75815,Cerveza Negra,Beer,2,₱150.00,₱300.00
75815,Truffle Parmesan Fries,Appetizer,1,₱325.00,₱325.00
75818,Mango Shake,Shake,1,₱280.00,₱280.00
75818,Caesar,Salad,2,₱365.00,₱730.00
75822,Viet Coffee,Coffee,2,₱195.00,₱390.00
75822,Bucket Light,Beer,2,₱650.00,"₱1,300.00"
75822,Free Pudding,Promos & Freebies,2,₱0.00,₱0.00
75822,Coke Zero,Drinks,1,₱105.00,₱105.00
75822,Tailgate Ribs,Entree,2,₱595.00,"₱1,190.00"
75824,Salis Curry Steak,Entree,1,₱425.00,₱425.00
75824,Bucket Light,Beer,2,₱650.00,"₱1,300.00"
75824,Bucket Pilsen,Beer,2,₱600.00,"₱1,200.00"
75824,Strawberry Basil Mojito,Cocktail,1,₱0.00,₱0.00
75824,Pork Sisig,Entree,2,₱345.00,₱690.00
75827,Bread Pudding,Dessert,2,₱215.00,₱430.00
75827,Sisig Rice Bowl,Entree,2,₱345.00,₱690.00
75827,San Mig Pilsen,Beer,1,₱120.00,₱120.00
75831,Corned Beef Plate,Breakfast,2,₱199.00,₱398.00
75831,Xtra Scoop Ice Cream,Dessert,2,₱65.00,₱130.00
75831,Bucket Light,Beer,1,₱650.00,₱650.00
75831,Schweppes Tonic Water,Drinks,1,₱105.00,₱105.00
75831,Strawberry Basil Mojito,Cocktail,2,₱375.00,₱750.00
75932,Black Pepper Beef,Appetizer,2,₱585.00,"₱1,170.00"
75932,Mango Shake,Shake,1,₱225.00,₱225.00
75932,Under the Summer Sun,Cocktail,2,₱0.00,₱0.00
75932,War Heads,Cocktail,2,₱355.00,₱710.00
75932,Classic Mojito,Cocktail,1,₱295.00,₱295.00
75933,Chixsig Nachos,Appetizer,1,₱395.00,₱395.00
75933,Salmon Rice,Entree,1,₱665.00,₱665.00
75933,Spanish Latte,Coffee,1,₱195.00,₱195.00
75933,Jim Beam Whiskey,Hard Liquor,2,"₱2,600.00","₱5,200.00"
75935,Kikiam Ala Carte,Appetizer,1,₱85.00,₱85.00
75935,Bucket Pilsen,Beer,1,₱600.00,₱600.00
75935,Sausage Diablo,Appetizer,2,₱325.00,₱650.00
75939,Seafood Pesto,Pasta,2,₱495.00,₱990.00
75939,Truffle Pasta,Pasta,1,₱485.00,₱485.00
75943,Caramel Macchiato,Coffee,2,₱195.00,₱390.00
75943,Bucket Pilsen,Beer,1,₱600.00,₱600.00
75943,Trash Can,Dessert,2,₱395.00,₱790.00
75945,Bucket Assorted,Beer,2,₱750.00,"₱1,500.00"
75945,Fish Taco,Appetizer,2,₱395.00,₱790.00
75945,Trash Can,Dessert,1,₱395.00,₱395.00
75948,Tapsi & More,Entree,2,₱425.00,₱850.00
75948,UTB Burger,Burger/Wrap & More,2,₱425.00,₱850.00
75952,Batwan Beef Stew,Entree,2,₱785.00,"₱1,570.00"
75952,San Mig Light,Beer,2,₱130.00,₱260.00
75955,Rootbeer Float Rated G,Drinks,2,₱225.00,₱450.00
75955,BaleteHeat,Cocktail,1,₱0.00,₱0.00
75959,Vanilla Latte,Coffee,2,₱205.00,₱410.00
75959,Strawberry Frappe,Frappe,2,₱255.00,₱510.00
75959,K. Pork Bowl,Entree,2,₱585.00,"₱1,170.00"
75962,Free Pudding,Promos & Freebies,2,₱0.00,₱0.00
75962,Lychee Shake,Shake,2,₱225.00,₱450.00
75962,Tapsi & More,Entree,2,₱425.00,₱850.00
75962,Salmon Rice,Entree,1,₱665.00,₱665.00
75964,San Mig Pilsen,Beer,2,₱0.00,₱0.00
75964,Trash Can,Entree,2,₱395.00,₱790.00
75964,Kiss of Death,Cocktail,1,₱550.00,₱550.00
75964,Under the Summer Sun,Cocktail,2,₱335.00,₱670.00
75964,Plain Rice,Add-ons,2,₱65.00,₱130.00
75966,Root Beer Float R18,Beer,2,₱325.00,₱650.00
75966,Murica,Coffee,2,₱150.00,₱300.00
75966,Salmon Rice,Entree,2,₱665.00,"₱1,330.00"
75966,Chicken & Waffles,Entree,1,₱425.00,₱425.00
75966,Rootbeer Float Rated G,Drinks,2,₱225.00,₱450.00
75968,Asian Chicken,Salad,1,₱365.00,₱365.00
75968,Bellagio Mochaccino,Coffee,2,₱225.00,₱450.00
75968,K3,Others,2,₱245.00,₱490.00
75968,Baletea,Tea,2,₱245.00,₱490.00
75968,San Mig Pilsen,Beer,1,₱0.00,₱0.00
75972,Strawberry Frappe,Frappe,1,₱255.00,₱255.00
75972,Green Mango Shake,Shake,2,₱275.00,₱550.00
75975,Trash Can,Cocktail,1,₱395.00,₱395.00
75975,San Mig Light,Beer,1,₱130.00,₱130.00
75975,Pitcher Red Sangria,Cocktail,1,₱650.00,₱650.00
75975,Bucket Light,Beer,2,₱650.00,"₱1,300.00"
75975,Fries,Side Dish,1,₱95.00,₱95.00
75977,Trash Can,Dessert,1,₱395.00,₱395.00
75977,Corned Beef Plate,Breakfast,2,₱199.00,₱398.00
75977,Pitcher Red Sangria,Cocktail,2,₱650.00,"₱1,300.00"
75977,Sip,Cocktail,1,₱425.00,₱425.00
75979,Truffle Parmesan Fries,Appetizer,2,₱325.00,₱650.00
75979,Fish Taco,Appetizer,2,₱395.00,₱790.00
75979,Seafood Pesto,Pasta,1,₱495.00,₱495.00
75979,Xtra Scoop Ice Cream,Dessert,1,₱65.00,₱65.00
75980,Coke Zero,Drinks,2,₱105.00,₱210.00
75980,Chixsig Nachos,Appetizer,2,₱395.00,₱790.00
75981,Plain Rice,Add-ons,2,₱65.00,₱130.00
75981,Shrimp & Chips,Appetizer,2,₱415.00,₱830.00
75981,Asian Chicken,Salad,1,₱365.00,₱365.00
75981,Bucket Pilsen,Beer,2,₱600.00,"₱1,200.00"
75981,Banana Peanut Butter,Frappe,2,₱275.00,₱550.00
75985,Cajun Pasta,Pasta,2,₱425.00,₱850.00
75985,Pitcher Red Sangria,Cocktail,1,₱650.00,₱650.00
75985,Murica,Coffee,2,₱150.00,₱300.00
75987,Mango Shake,Shake,2,₱225.00,₱450.00
75987,Asian Chicken,Salad,1,₱365.00,₱365.00
75987,Bunwich Ala UTB,Burger/Wrap & More,1,₱375.00,₱375.00
75987,Truffle Parmesan Fries,Appetizer,2,₱325.00,₱650.00
75987,Bucket Assorted,Beer,1,₱750.00,₱750.00
75988,Pink Margarita,Cocktail,1,₱325.00,₱325.00
75988,C3,Drinks,2,₱245.00,₱490.00
75989,Coke Zero,Drinks,1,₱105.00,₱105.00
75989,Trash Can,Entree,1,₱395.00,₱395.00
75991,Asian Chicken,Salad,2,₱365.00,₱730.00
75991,Bunwich Ala UTB,Entree,1,₱375.00,₱375.00
75993,Cerveza Negra,Beer,1,₱150.00,₱150.00
75993,Sausage Angel,Appetizer,1,₱325.00,₱325.00
75993,San Mig Pilsen,Beer,1,₱90.00,₱90.00
75993,SOP,Pizza,2,₱425.00,₱850.00
75995,Tailgate Ribs,Entree,2,₱595.00,"₱1,190.00"
75995,San Mig Pilsen,Beer,1,₱120.00,₱120.00
75995,Vegetable Arrabbiata,Pasta,1,₱415.00,₱415.00
75995,Platter Plain Rice,Side Dish,2,₱295.00,₱590.00
75995,Pork Sisig,Entree,1,₱345.00,₱345.00
75997,Chicken & Waffles,Entree,1,₱425.00,₱425.00
75997,Salis Curry Steak,Entree,2,₱425.00,₱850.00
75997,Asian Chicken,Salad,2,₱365.00,₱730.00
75997,Caesar,Salad,1,₱365.00,₱365.00
76000,Black Pepper Beef,Appetizer,1,₱585.00,₱585.00
76000,Caesar,Salad,1,₱365.00,₱365.00
76000,Platter Garlic Rice,Side Dish,1,₱395.00,₱395.00
76001,Honey-Sriracha Chicken,Entree,1,₱375.00,₱375.00
76001,SOP,Pizza,1,₱425.00,₱425.00
76001,Mac & Cheese,Pasta,1,₱445.00,₱445.00
76001,Truffle Parmesan Fries,Appetizer,1,₱325.00,₱325.00
76002,Negra,Beer,2,₱0.00,₱0.00
76002,Batwan Beef Stew,Entree,1,₱725.00,₱725.00
76002,Plain Rice,Add-ons,1,₱65.00,₱65.00
76002,Sisig Rice Bowl,Entree,1,₱415.00,₱415.00
76002,Free Pudding,Promos & Freebies,2,₱0.00,₱0.00
76004,Chicken & Waffles,Entree,2,₱425.00,₱850.00
76004,Cappuccino,Coffee,1,₱185.00,₱185.00
76004,Fries,Side Dish,2,₱95.00,₱190.00
76004,Bucket Light,Beer,1,₱650.00,₱650.00
76006,Sausage Diablo,Appetizer,2,₱360.00,₱720.00
76006,Sausage Diablo,Appetizer,1,₱325.00,₱325.00
76008,Thai Shrimp,Entree,1,₱425.00,₱425.00
76008,Chicken Parm,Entree,2,₱495.00,₱990.00
76008,Chixsig Nachos,Appetizer,1,₱395.00,₱395.00
76010,Murica,Burger/Wrap & More,1,₱150.00,₱150.00
76010,Coke Zero,Drinks,1,₱105.00,₱105.00
76013,Plain Rice,Add-ons,1,₱65.00,₱65.00
76013,Pinoy Charcuterie,Appetizer,1,₱495.00,₱495.00
76013,Shrimp Po Boy,Burger/Wrap & More,2,₱455.00,₱910.00
76016,Oxtail Soup,Soup,2,₱795.00,"₱1,590.00"
76016,Fries,Side Dish,2,₱95.00,₱190.00
76016,Bday Ice Cream,Dessert,2,₱0.00,₱0.00
76018,Free Pudding,Promos & Freebies,1,₱0.00,₱0.00
76018,Beef Salpicao,Entree,2,₱545.00,"₱1,090.00"
76018,Free Chicharon,Promos & Freebies,1,₱0.00,₱0.00
76018,K. Pork Bowl,Entree,2,₱595.00,"₱1,190.00"
76019,Honey Lemon J,Drinks,1,₱135.00,₱135.00
76019,Hazelnut Macchiato,Coffee,1,₱205.00,₱205.00
76019,Baletea,Tea,1,₱245.00,₱245.00
76019,Mango Shake,Shake,2,₱195.00,₱390.00
76019,UTB Burger,Burger/Wrap & More,1,₱425.00,₱425.00
76023,Salmon Rice,Entree,1,₱665.00,₱665.00
76023,Beef Salpicao,Entree,2,₱545.00,"₱1,090.00"
76023,Creme Brulee,Dessert,1,₱245.00,₱245.00
76023,Honey-Sriracha Chicken,Entree,1,₱375.00,₱375.00
76023,Superdry,Beer,2,₱0.00,₱0.00
76024,Viet Coffee,Coffee,2,₱195.00,₱390.00
76024,Bucket Assorted,Beer,1,₱750.00,₱750.00
76024,Glass Baletea,Tea,1,₱105.00,₱105.00
76026,Sisig Rice Bowl,Entree,2,₱415.00,₱830.00
76026,Jim Beam Whiskey,Hard Liquor,2,"₱2,600.00","₱5,200.00"
76026,Honey Lemon J,Drinks,1,₱135.00,₱135.00
76026,Boozy Affogato,Boozy Coffee,2,₱375.00,₱750.00
76026,Matcha Frappe,Frappe,2,₱255.00,₱510.00
76029,Coke Zero,Drinks,2,₱105.00,₱210.00
76029,Gin & Tonic,Hard Liquor,1,₱345.00,₱345.00
76029,Pinoy Charcuterie,Appetizer,1,₱495.00,₱495.00
76029,Extra Espresso Shot,Coffee,1,₱95.00,₱95.00
76032,Free Chicharon,Promos & Freebies,1,₱0.00,₱0.00
76032,Seafood Chowda,Soup,1,₱365.00,₱365.00
76032,Tequila Sunrise,Cocktail,1,₱315.00,₱315.00
76033,Sisig Rice Bowl,Entree,2,₱415.00,₱830.00
76033,Shrimp & Chips,Appetizer,2,₱415.00,₱830.00
76033,Banana Peanut Butter,Frappe,2,₱275.00,₱550.00
76035,K. Pork Bowl,Entree,2,₱585.00,"₱1,170.00"
76035,Lychee Shake,Shake,2,₱225.00,₱450.00
76035,Asian Chicken,Salad,1,₱365.00,₱365.00
76035,Schweppes Soda Water,Drinks,1,₱105.00,₱105.00
76035,Balete Salpicao,Entree,1,₱545.00,₱545.00
76038,Chixsig Nachos,Appetizer,1,₱395.00,₱395.00
76038,Boozy Affogato,Boozy Coffee,1,₱375.00,₱375.00
76038,Pink Margarita,Cocktail,1,₱325.00,₱325.00
76040,Caramel Macchiato,Coffee,2,₱0.00,₱0.00
76040,Free Pudding,Promos & Freebies,2,₱0.00,₱0.00
76042,Tokwat Porky Pig,Entree,1,₱395.00,₱395.00
76042,Eyogi Tea,Tea,2,₱125.00,₱250.00
76042,Bucket Light,Beer,1,₱650.00,₱650.00
76042,Creme Brulee,Dessert,2,₱245.00,₱490.00
76044,Baletea,Tea,2,₱130.00,₱260.00
76044,Beer Peach,Beer,2,₱235.00,₱470.00
76046,San Mig Light,Beer,2,₱130.00,₱260.00
76046,Chicken in a Basket,Appetizer,1,₱395.00,₱395.00
76046,Dark Choco Chip Frappe,Frappe,2,₱285.00,₱570.00
76046,Black Pepper Beef,Appetizer,2,₱585.00,"₱1,170.00"
76050,Johnnie Walker Black,Hard Liquor,1,₱195.00,₱195.00
76050,Taco,Appetizer,1,₱345.00,₱345.00
76052,Container,Packaging,1,₱10.00,₱10.00
76052,Bellagio Mochaccino,Coffee,1,₱225.00,₱225.00
76054,Classic Mojito,Cocktail,2,₱295.00,₱590.00
76054,Marrow Brulee,Appetizer,2,₱365.00,₱730.00
76054,Bucket Assorted,Beer,2,₱750.00,"₱1,500.00"
76056,Fish Taco,Appetizer,2,₱395.00,₱790.00
76056,Viet Coffee,Coffee,2,₱145.00,₱290.00
76056,Salmon Rice,Entree,1,₱665.00,₱665.00
76056,Free Pudding,Promos & Freebies,2,₱0.00,₱0.00
76057,Black Pepper Beef,Appetizer,1,₱585.00,₱585.00
76057,Hazelnut Macchiato,Coffee,2,₱205.00,₱410.00
76057,Tailgate Ribs,Entree,1,₱595.00,₱595.00
76059,Under the Summer Sun,Cocktail,2,₱335.00,₱670.00
76059,Lychee Mojito,Cocktail,1,₱355.00,₱355.00
76059,Yolo,Shake,2,₱255.00,₱510.00
76059,Trash Can,Dessert,1,₱395.00,₱395.00
76061,Tokwat Porky Pig,Entree,1,₱395.00,₱395.00
76061,Container,Packaging,1,₱10.00,₱10.00
76061,Mango Shake,Shake,1,₱180.00,₱180.00
76061,Chicken in a Basket,Appetizer,2,₱395.00,₱790.00
76063,Twerk It,Boozy Coffee,2,₱345.00,₱690.00
76063,Cocoa Wonka,Drinks,2,₱245.00,₱490.00
76065,Creme Brulee,Dessert,2,₱245.00,₱490.00
76065,Fries,Side Dish,1,₱95.00,₱95.00
76065,Chicken Parm,Entree,1,₱495.00,₱495.00
76067,Trash Can,Dessert,2,₱395.00,₱790.00
76067,Chicken Parm,Entree,1,₱495.00,₱495.00
76067,Chicken Parm,Entree,1,₱495.00,₱495.00
76068,Murica,Coffee,1,₱150.00,₱150.00
76068,Schweppes Soda Water,Drinks,2,₱105.00,₱210.00
76068,Tokwat Porky Pig,Entree,2,₱395.00,₱790.00
76068,Mango Shake,Shake,2,₱225.00,₱450.00
76068,Bucket Pilsen,Beer,2,₱600.00,"₱1,200.00"
76072,Gin & Tonic,Hard Liquor,1,₱345.00,₱345.00
76072,Beef and Shrimp Salpicao,Entree,1,₱895.00,₱895.00
76074,Oxtail Soup,Soup,2,₱795.00,"₱1,590.00"
76074,Caesar,Salad,1,₱365.00,₱365.00
76074,Mountain Dew,Drinks,1,₱105.00,₱105.00
76076,Kawali Bowl,Entree,1,₱199.00,₱199.00
76076,Tokwat Porky Pig,Entree,1,₱395.00,₱395.00
76076,Jim Beam Whiskey,Hard Liquor,2,"₱2,600.00","₱5,200.00"
76076,Eves Apple,Mocktails,1,₱295.00,₱295.00
76078,Salis Curry Steak,Entree,2,₱425.00,₱850.00
76078,Beef and Shrimp Salpicao,Entree,1,₱895.00,₱895.00
76080,Murica,Burger/Wrap & More,2,₱150.00,₱300.00
76080,Salis Curry Steak,Entree,2,₱425.00,₱850.00
76080,SOP,Pizza,1,₱425.00,₱425.00
76083,Coke Regular,Drinks,2,₱55.00,₱110.00
76083,Kawali Bowl,Entree,2,₱199.00,₱398.00
76087,Marrow Brulee,Appetizer,1,₱365.00,₱365.00
76087,Coke Regular,Drinks,2,₱105.00,₱210.00
76087,Trash Can,Dessert,1,₱395.00,₱395.00
76087,Chicken Rice,Entree,1,₱405.00,₱405.00
76088,Beer Caramel,Beer,1,₱235.00,₱235.00
76088,Tropical White Lady,Mocktails,1,₱355.00,₱355.00
76088,UTB Burger,Burger/Wrap & More,2,₱425.00,₱850.00
76091,UTB Burger,Burger/Wrap & More,1,₱425.00,₱425.00
76091,Egg,Add-ons,1,₱40.00,₱40.00
76091,Pink Margarita,Cocktail,1,₱325.00,₱325.00
76091,Strawberry Matcha Frappe,Frappe,1,₱285.00,₱285.00
76091,Trash Can,Entree,2,₱395.00,₱790.00
76092,Mango Shake,Shake,1,₱165.00,₱165.00
76092,Beef and Shrimp Salpicao,Entree,1,₱895.00,₱895.00
76092,Truffle Parmesan Fries,Appetizer,1,₱325.00,₱325.00
76095,Mug Root Beer,Beer,2,₱105.00,₱210.00
76095,Banana Peanut Butter,Frappe,2,₱275.00,₱550.00
76099,San Mig Pilsen,Beer,1,₱120.00,₱120.00
76099,Strawberry Matcha Frappe,Frappe,1,₱285.00,₱285.00
76099,Caesar,Salad,1,₱365.00,₱365.00
76100,Fishball Ala Carte,Appetizer,2,₱75.00,₱150.00
76100,Pinoy Charcuterie,Appetizer,2,₱495.00,₱990.00
76100,Fish Be With U,Entree,2,₱795.00,"₱1,590.00"
76100,Sisig Rice Bowl,Entree,1,₱415.00,₱415.00
76100,Eves Apple,Mocktails,2,₱295.00,₱590.00
76102,Pink Margarita,Cocktail,2,₱0.00,₱0.00
76102,Pork Sisig,Entree,2,₱345.00,₱690.00
76105,Seafood Chowda,Soup,1,₱365.00,₱365.00
76105,Strawberry Lychee Shake,Shake,1,₱255.00,₱255.00
76107,Fish Be With U,Entree,1,₱795.00,₱795.00
76107,Sisig Rice Bowl,Entree,2,₱415.00,₱830.00
76107,Sausage Skillet (Angel),Appetizer,1,₱325.00,₱325.00
76109,Seafood Chowda,Soup,2,₱365.00,₱730.00
76109,San Mig Pilsen,Beer,2,₱120.00,₱240.00
76109,Free Pudding,Promos & Freebies,2,₱0.00,₱0.00
76109,Bucket Light,Beer,2,₱650.00,"₱1,300.00"
76111,Twerk It,Boozy Coffee,2,₱345.00,₱690.00
76111,Creme Brulee,Dessert,2,₱245.00,₱490.00
76111,Matcha Holic,Matcha,2,₱355.00,₱710.00
76113,Tailgate Ribs,Entree,1,₱595.00,₱595.00
76113,Black Pepper Beef,Appetizer,1,₱525.00,₱525.00
76113,Tailgate Ribs,Entree,1,₱595.00,₱595.00
76113,Coke Zero,Drinks,1,₱105.00,₱105.00
76116,Container,Packaging,1,₱10.00,₱10.00
76116,Chixsig Nachos,Appetizer,2,₱395.00,₱790.00
76116,Free Pudding,Promos & Freebies,2,₱0.00,₱0.00
76120,Gochujang Chicken Wrap,Burger/Wrap & More,2,₱470.00,₱940.00
76120,Pink Margarita,Cocktail,1,₱325.00,₱325.00
76120,Simple Affogato,Coffee,1,₱245.00,₱245.00
76124,Truffle Parmesan Fries,Appetizer,2,₱325.00,₱650.00
76124,Pinoy Charcuterie,Appetizer,2,₱495.00,₱990.00
76124,Salis Curry Steak,Entree,2,₱425.00,₱850.00
76124,Mango Tapioca,Dessert,1,₱245.00,₱245.00
76126,Plain Rice,Add-ons,2,₱65.00,₱130.00
76126,Chicken in a Basket,Appetizer,1,₱395.00,₱395.00
76126,Dark Choco Chip Frappe,Frappe,1,₱285.00,₱285.00
76126,Strawberry Matcha Latte,Coffee,2,₱245.00,₱490.00
76128,Banana Peanut Butter,Frappe,2,₱275.00,₱550.00
76128,Bunwich Ala UTB,Burger/Wrap & More,1,₱375.00,₱375.00
76130,Baletea Freeze,Cocktail,2,₱365.00,₱730.00
76130,Banana Peanut Butter,Frappe,2,₱275.00,₱550.00
76130,Happy Hour 595+,Promos & Freebies,2,₱665.00,"₱1,330.00"
76131,Platter Garlic Rice,Side Dish,2,₱395.00,₱790.00
76131,Fish Taco,Appetizer,1,₱395.00,₱395.00
76133,Coke Regular,Drinks,2,₱45.00,₱90.00
76133,Seafood Chowda,Soup,2,₱365.00,₱730.00
76133,Jim Beam Whiskey,Hard Liquor,2,"₱2,600.00","₱5,200.00"
76133,Coke Zero,Drinks,2,₱105.00,₱210.00
76133,K. Beef Bowl,Entree,2,₱895.00,"₱1,790.00"
76137,Green Mango Shake,Shake,1,₱225.00,₱225.00
76137,Sip,Cocktail,2,₱425.00,₱850.00
76137,Free Pudding,Promos & Freebies,1,₱0.00,₱0.00
76140,Green Mango Shake,Shake,1,₱225.00,₱225.00
76140,Tailgate Ribs,Entree,2,₱595.00,"₱1,190.00"
76143,Cerveza Negra,Beer,1,₱150.00,₱150.00
76143,Salmon Rice,Entree,1,₱665.00,₱665.00
76143,Hazelnut Macchiato,Coffee,2,₱205.00,₱410.00
76143,Trash Can,Dessert,1,₱395.00,₱395.00
76143,K. Beef Bowl,Entree,2,₱895.00,"₱1,790.00"
76144,Salmon Rice,Entree,2,₱665.00,"₱1,330.00"
76144,Mango Shake,Shake,2,₱145.00,₱290.00
76144,Free Pudding,Promos & Freebies,2,₱0.00,₱0.00
76144,Sisig Rice Bowl,Entree,2,₱415.00,₱830.00
76144,Xtra Scoop Ice Cream,Dessert,2,₱65.00,₱130.00
76145,Mango Shake,Shake,2,₱225.00,₱450.00
76145,Yolo,Shake,2,₱255.00,₱510.00
76147,Ginger Ale,Beer,2,₱115.00,₱230.00
76147,San Mig Light,Beer,1,₱130.00,₱130.00
76147,Mountain Dew,Drinks,2,₱105.00,₱210.00
76147,Bucket Assorted,Beer,2,₱750.00,"₱1,500.00"
76147,Asian Chicken,Salad,2,₱365.00,₱730.00
76149,Creme Brulee,Dessert,2,₱245.00,₱490.00
76149,Pitcher Red Sangria,Cocktail,2,₱650.00,"₱1,300.00"
76149,Glass Bulera,Cocktail,2,₱115.00,₱230.00
76149,Free Pudding,Promos & Freebies,1,₱0.00,₱0.00
76151,Salted Caramel Frappe,Frappe,2,₱255.00,₱510.00
76151,San Mig Pilsen,Beer,2,₱90.00,₱180.00
76151,Butter Toast,Side Dish,2,₱45.00,₱90.00
76151,Bucket Cerveza Negra,Beer,2,₱750.00,"₱1,500.00"
76151,Creme Brulee,Dessert,1,₱245.00,₱245.00
76153,Pitcher Classic Mojito,Cocktail,1,₱650.00,₱650.00
76153,Cold Water,Drinks,2,₱65.00,₱130.00
76153,Viet Coffee,Coffee,2,₱195.00,₱390.00
76155,Platter Garlic Rice,Side Dish,2,₱395.00,₱790.00
76155,Cocoa Wonka,Drinks,1,₱245.00,₱245.00
76157,Green Mango Shake,Shake,2,₱225.00,₱450.00
76157,Sisig Rice Bowl,Entree,1,₱415.00,₱415.00
76157,Fish Taco,Appetizer,2,₱395.00,₱790.00
76157,Strawberry Frappe,Frappe,2,₱255.00,₱510.00
76291,Eyogi Tea,Tea,2,₱125.00,₱250.00
76291,Simple Affogato,Coffee,2,₱245.00,₱490.00
76291,Murica,Entree,1,₱150.00,₱150.00
76294,K. Beef Bowl,Entree,1,₱895.00,₱895.00
76294,Cajun Pasta,Pasta,1,₱425.00,₱425.00
76295,Latte,Coffee,1,₱185.00,₱185.00
76295,Baletea Freeze,Cocktail,1,₱365.00,₱365.00
76295,Rootbeer Float Rated G,Drinks,1,₱225.00,₱225.00
76295,Salted Caramel Frappe,Frappe,2,₱255.00,₱510.00
76295,Chicken Caesar Wrap,Burger/Wrap & More,2,₱425.00,₱850.00
76299,Bucket Light,Beer,2,₱650.00,"₱1,300.00"
76299,UTB Burger,Burger/Wrap & More,1,₱425.00,₱425.00
76299,San Mig Light,Beer,1,₱130.00,₱130.00
76299,C3,Drinks,2,₱245.00,₱490.00
76301,Salis Curry Steak,Entree,1,₱425.00,₱425.00
76301,Free Pudding,Promos & Freebies,1,₱0.00,₱0.00
76304,Tokwat Porky Pig,Entree,1,₱395.00,₱395.00
76304,Matcha Frappe,Frappe,2,₱255.00,₱510.00
76306,Strawberry Lychee Shake,Shake,2,₱255.00,₱510.00
76306,Platter Garlic Rice,Side Dish,1,₱395.00,₱395.00
76306,Dirty Matcha,Coffee,1,₱225.00,₱225.00
76310,Hazelnut Macchiato,Coffee,1,₱205.00,₱205.00
76310,Bread Pudding,Dessert,1,₱215.00,₱215.00
76310,Bucket Pilsen,Beer,1,₱600.00,₱600.00
76310,Chicken in a Basket,Appetizer,1,₱395.00,₱395.00
76314,Plain Rice,Add-ons,1,₱65.00,₱65.00
76314,Strawberry Basil Mojito,Cocktail,1,₱0.00,₱0.00
76318,Amaretto Sour,Cocktail,2,₱0.00,₱0.00
76318,Truffle Parmesan Fries,Appetizer,1,₱325.00,₱325.00
76321,Plain Rice,Add-ons,2,₱65.00,₱130.00
76321,Free Pudding,Promos & Freebies,1,₱0.00,₱0.00
76321,Bucket Light,Beer,1,₱650.00,₱650.00
76321,Cocoa Wonka,Drinks,2,₱245.00,₱490.00
76321,Warm Poke Bowl,Entree,2,₱625.00,"₱1,250.00"
76323,War Heads,Cocktail,2,₱355.00,₱710.00
76323,Salis Curry Steak,Entree,2,₱425.00,₱850.00
76327,Yolo,Shake,2,₱290.00,₱580.00
76327,Mac & Cheese,Pasta,2,₱0.00,₱0.00
76327,Beer Peach,Beer,1,₱0.00,₱0.00
76329,Lychee Shake,Shake,2,₱225.00,₱450.00
76329,Fish Be With U,Entree,1,₱795.00,₱795.00
76333,Tapsi & More,Entree,1,₱425.00,₱425.00
76333,Yolo,Shake,1,₱290.00,₱290.00
76333,Seafood Chowda,Soup,1,₱365.00,₱365.00
76333,Good Morning Sunshine,Breakfast,1,₱199.00,₱199.00
76333,San Mig Light,Beer,1,₱130.00,₱130.00
76335,Bellagio Mochaccino,Coffee,1,₱225.00,₱225.00
76335,Matcha Frappe,Frappe,2,₱255.00,₱510.00
76337,Pinoy Charcuterie,Appetizer,1,₱495.00,₱495.00
76337,Mac & Cheese,Pasta,2,₱0.00,₱0.00
76337,Chicken in a Basket,Appetizer,2,₱395.00,₱790.00
76337,Shrimp & Chips,Appetizer,1,₱415.00,₱415.00
76341,Caesar,Salad,1,₱365.00,₱365.00
76341,Mango Tapioca,Dessert,2,₱245.00,₱490.00
76341,Mac & Cheese,Pasta,2,₱445.00,₱890.00
76341,Chicken Parm,Entree,2,₱495.00,₱990.00
76341,Sausage Angel,Appetizer,1,₱325.00,₱325.00
76343,Sausage Diablo,Appetizer,2,₱325.00,₱650.00
76343,Baletea,Tea,1,₱205.00,₱205.00
76346,Free Chicharon,Promos & Freebies,1,₱0.00,₱0.00
76346,Lychee Shake,Shake,1,₱225.00,₱225.00
76348,Chicken Rice,Entree,1,₱405.00,₱405.00
76348,Bucket Pilsen,Beer,2,₱600.00,"₱1,200.00"
76348,Bucket Light,Beer,2,₱650.00,"₱1,300.00"
76348,Xtra Scoop Ice Cream,Dessert,1,₱65.00,₱65.00
76348,Truffle Parmesan Fries,Appetizer,2,₱325.00,₱650.00
76351,Sisig Rice Bowl,Entree,2,₱415.00,₱830.00
76351,Happy Hour 595+,Promos & Freebies,2,₱665.00,"₱1,330.00"
76351,Tokwat Porky Pig,Appetizer,1,₱395.00,₱395.00
76354,Fishball Ala Carte,Appetizer,1,₱75.00,₱75.00
76354,Bucket Cerveza Negra,Beer,1,₱750.00,₱750.00
76356,Caramel Macchiato,Coffee,2,₱195.00,₱390.00
76356,Yogi Tea,Tea,2,₱0.00,₱0.00
76356,Taco,Appetizer,1,₱345.00,₱345.00
76356,Platter Plain Rice,Side Dish,2,₱295.00,₱590.00
76356,Cappuccino,Coffee,2,₱185.00,₱370.00
76358,Kawali Bowl,Entree,1,₱199.00,₱199.00
76358,Fries,Side Dish,1,₱95.00,₱95.00
76360,Yolo,Shake,1,₱255.00,₱255.00
76360,Tokwat Porky Pig,Entree,2,₱395.00,₱790.00
76360,Gold Fashioned,Cocktail,2,₱290.00,₱580.00
76360,San Mig Light,Beer,1,₱130.00,₱130.00
76361,Johnnie Walker Black S,Hard Liquor,1,₱195.00,₱195.00
76361,Yolo,Shake,1,₱255.00,₱255.00
76361,San Mig Light,Beer,1,₱130.00,₱130.00
76361,Grilled Tuna,Entree,2,₱395.00,₱790.00
76363,Butter Toast,Side Dish,1,₱45.00,₱45.00
76363,Murica,Coffee,2,₱150.00,₱300.00
76367,Chixsig Nachos,Appetizer,1,₱395.00,₱395.00
76367,Free Pudding,Promos & Freebies,2,₱0.00,₱0.00
76367,Platter Garlic Rice,Side Dish,2,₱395.00,₱790.00
76367,K. Pork Bowl,Entree,1,₱585.00,₱585.00
76367,Chicken Parm,Entree,1,₱495.00,₱495.00
76369,San Mig Super Dry,Beer,1,₱150.00,₱150.00
76369,Sip,Cocktail,2,₱425.00,₱850.00
76370,Simple Affogato,Coffee,2,₱245.00,₱490.00
76370,Free Pudding,Promos & Freebies,2,₱0.00,₱0.00
76370,Free Pudding,Promos & Freebies,2,₱0.00,₱0.00
76370,Chicken in a Basket,Appetizer,1,₱395.00,₱395.00
76370,Free Chicharon,Promos & Freebies,1,₱0.00,₱0.00
76371,Rum & Coke,Cocktail,2,₱225.00,₱450.00
76371,Murica,Coffee,2,₱150.00,₱300.00
76371,Salmon Rice,Entree,2,₱665.00,"₱1,330.00"
76371,Egg,Add-ons,1,₱40.00,₱40.00
76372,Squash Soup,Soup,2,₱315.00,₱630.00
76372,Sisig Rice Bowl,Entree,1,₱415.00,₱415.00
76372,Bucket Assorted,Beer,2,₱750.00,"₱1,500.00"
76372,Chixsig Nachos,Appetizer,1,₱395.00,₱395.00
76372,Caesar,Salad,2,₱365.00,₱730.00
76376,UTB Burger,Burger/Wrap & More,1,₱425.00,₱425.00
76376,Spanish Latte,Coffee,2,₱195.00,₱390.00
76376,Coke Zero,Drinks,1,₱30.00,₱30.00
76377,Vodka Sunrise,Cocktail,2,₱305.00,₱610.00
76377,Truffle Parmesan Fries,Appetizer,1,₱325.00,₱325.00
76377,Chicken Parm,Entree,2,₱495.00,₱990.00
76378,Bacon Plate,Breakfast,1,₱199.00,₱199.00
76378,Truffle Parmesan Fries,Appetizer,1,₱325.00,₱325.00
76378,Mango Shake,Shake,1,₱145.00,₱145.00
76378,Green Mango Shake,Shake,2,₱275.00,₱550.00
76378,Seafood Chowda,Soup,1,₱365.00,₱365.00
76380,Schweppes Soda Water,Drinks,1,₱105.00,₱105.00
76380,Platter Garlic Rice,Side Dish,1,₱395.00,₱395.00
76383,Pinoy Charcuterie,Appetizer,1,₱495.00,₱495.00
76383,Free Pudding,Promos & Freebies,2,₱0.00,₱0.00
76383,Mango Shake,Shake,1,₱140.00,₱140.00
76383,Lychee Shake,Shake,1,₱225.00,₱225.00
76383,Thai Shrimp,Entree,2,₱425.00,₱850.00
76385,Baletea,Tea,1,₱205.00,₱205.00
76385,K. Pork Bowl,Entree,1,₱585.00,₱585.00
76388,Tanqueray Gin Shot,Hard Liquor,2,₱190.00,₱380.00
76388,Salmon Rice,Entree,1,₱665.00,₱665.00
76388,Fries,Side Dish,1,₱95.00,₱95.00
76388,Salted Caramel Frappe,Frappe,2,₱255.00,₱510.00
76388,Black Pepper Beef,Appetizer,1,₱525.00,₱525.00
76392,Trash Can,Dessert,2,₱395.00,₱790.00
76392,Bucket Light,Beer,2,₱650.00,"₱1,300.00"
76396,Shrimp Po Boy,Burger/Wrap & More,1,₱455.00,₱455.00
76396,Viet Coffee,Coffee,1,₱145.00,₱145.00
76396,Marrow Brulee,Appetizer,1,₱365.00,₱365.00
76398,Good Morning Sunshine,Breakfast,1,₱199.00,₱199.00
76398,Simple Affogato,Coffee,2,₱245.00,₱490.00
76398,Tapsi & More,Entree,1,₱425.00,₱425.00
76402,Vegetable Arrabbiata,Pasta,2,₱415.00,₱830.00
76402,Tapsi & More,Entree,2,₱425.00,₱850.00
76406,Spanish Latte,Coffee,1,₱195.00,₱195.00
76406,Bellagio Mochaccino,Coffee,2,₱225.00,₱450.00
76406,Tokwat Porky Pig,Entree,1,₱395.00,₱395.00
76406,Seafood Pesto,Pasta,1,₱495.00,₱495.00
76406,Tailgate Ribs,Entree,2,₱595.00,"₱1,190.00"
76408,Ginger Ale,Beer,2,₱115.00,₱230.00
76408,Bucket Pilsen,Beer,2,₱600.00,"₱1,200.00"
76408,Marrow Brulee,Dessert,2,₱365.00,₱730.00
76409,Sisig Rice Bowl,Entree,1,₱415.00,₱415.00
76409,Sausage Diablo,Appetizer,2,₱360.00,₱720.00
76409,Matchaholic,Matcha,1,₱0.00,₱0.00
76409,San Mig Pilsen,Beer,1,₱0.00,₱0.00
76412,Yolo,Shake,1,₱255.00,₱255.00
76412,SOP,Pizza,1,₱425.00,₱425.00
76412,Pinoy Charcuterie,Appetizer,1,₱495.00,₱495.00
76412,Amaretto Sour,Cocktail,1,₱0.00,₱0.00
76412,Bunwich Ala UTB,Entree,1,₱375.00,₱375.00
76415,Pitcher Red Sangria,Cocktail,2,₱650.00,"₱1,300.00"
76415,Tailgate Ribs,Entree,1,₱650.00,₱650.00
76415,Strawberry Latte,Coffee,2,₱215.00,₱430.00
76419,Bellagio Mochaccino,Coffee,1,₱225.00,₱225.00
76419,Tanqueray Gin Shot,Hard Liquor,1,₱190.00,₱190.00
76419,Gochujang Chicken Wrap,Burger/Wrap & More,2,₱425.00,₱850.00
76419,Happy Hour 595+,Promos & Freebies,1,₱665.00,₱665.00
76423,Sip,Cocktail,2,₱425.00,₱850.00
76423,Trash Can,Dessert,1,₱395.00,₱395.00
76423,War Heads,Cocktail,1,₱355.00,₱355.00
76427,Plain Rice,Add-ons,1,₱65.00,₱65.00
76427,Butter Toast,Side Dish,1,₱45.00,₱45.00
76427,Kawali Bowl,Entree,1,₱199.00,₱199.00
76429,Cerveza Negra,Beer,1,₱150.00,₱150.00
76429,Tailgate Ribs,Entree,2,₱595.00,"₱1,190.00"
76429,Trash Can,Dessert,1,₱395.00,₱395.00
76431,Lychee Mojito,Cocktail,1,₱355.00,₱355.00
76431,Baletea Freeze,Cocktail,2,₱365.00,₱730.00
76431,Mango Shake,Shake,1,₱140.00,₱140.00
76431,Fish Taco,Appetizer,1,₱395.00,₱395.00
76435,Vodka Sunrise,Cocktail,2,₱305.00,₱610.00
76435,Banana Peanut Butter,Frappe,2,₱275.00,₱550.00
76435,Chicken & Waffles,Entree,1,₱425.00,₱425.00
76435,Murica,Coffee,1,₱150.00,₱150.00
76439,Grilled Tuna,Entree,2,₱395.00,₱790.00
76439,Chicken Parm,Entree,2,₱495.00,₱990.00
76439,Balete Salpicao,Entree,1,₱545.00,₱545.00
76439,Pixiedust,Cocktail,1,₱0.00,₱0.00
76442,Mountain Dew,Drinks,1,₱105.00,₱105.00
76442,Plain Rice,Add-ons,1,₱65.00,₱65.00
76442,Amaretto Sour,Cocktail,2,₱0.00,₱0.00
76444,San Mig Pilsen,Beer,2,₱120.00,₱240.00
76444,Sisig Rice Bowl,Entree,1,₱415.00,₱415.00
76444,Pinoy Charcuterie,Appetizer,1,₱495.00,₱495.00
76444,SOP,Pizza,2,₱425.00,₱850.00
76446,Chicken & Waffles,Entree,2,₱425.00,₱850.00
76446,Tapsi & More,Entree,1,₱425.00,₱425.00
76446,San Mig Light,Beer,1,₱130.00,₱130.00
76446,Bread Pudding,Dessert,1,₱215.00,₱215.00
76446,Simple Affogato,Coffee,1,₱245.00,₱245.00
76450,Pitcher Classic Mojito,Cocktail,1,₱650.00,₱650.00
76450,Batwan Beef Stew,Entree,1,₱785.00,₱785.00
76450,Lychee Mojito,Cocktail,1,₱355.00,₱355.00
76450,San Mig Light,Beer,1,₱130.00,₱130.00
76451,Lychee Berry Margarita,Cocktail,2,₱355.00,₱710.00
76451,Viet Coffee,Coffee,1,₱195.00,₱195.00
76451,Yogi Tea,Tea,1,₱125.00,₱125.00
76451,Free Pudding,Promos & Freebies,2,₱0.00,₱0.00
76451,Glass Baletea,Tea,1,₱105.00,₱105.00
76452,Trash Can,Cocktail,2,₱395.00,₱790.00
76452,Viet Coffee,Coffee,2,₱200.00,₱400.00
76452,Tailgate Ribs,Entree,1,₱595.00,₱595.00
76454,Chicken & Waffles,Entree,1,₱425.00,₱425.00
76454,Breakfast Pudding,Dessert,1,₱199.00,₱199.00
76454,Simple Affogato,Coffee,2,₱245.00,₱490.00
76457,Bread Pudding,Dessert,1,₱215.00,₱215.00
76457,Trash Can,Dessert,2,₱395.00,₱790.00
76457,Salmon Rice,Entree,1,₱665.00,₱665.00
76457,Coke Zero,Drinks,2,₱30.00,₱60.00
76459,Murica,Burger/Wrap & More,1,₱150.00,₱150.00
76459,Oxtail Soup,Soup,2,₱795.00,"₱1,590.00"
76459,Beef and Shrimp Salpicao,Entree,1,₱895.00,₱895.00
76459,Trash Can,Dessert,2,₱395.00,₱790.00
76459,Chicharon,Appetizer,2,₱145.00,₱290.00
76461,Red Sangria,Cocktail,2,₱345.00,₱690.00
76461,Lychee Berry Margarita,Cocktail,1,₱355.00,₱355.00
76461,Honey-Sriracha Chicken,Entree,1,₱375.00,₱375.00
76461,Glass Baletea,Tea,2,₱105.00,₱210.00
76464,Sausage Skillet (Angel),Appetizer,1,₱325.00,₱325.00
76464,Chicken Rice,Entree,1,₱405.00,₱405.00
76464,Beef Salpicao,Entree,1,₱545.00,₱545.00
76464,Cerveza Negra,Beer,1,₱150.00,₱150.00
76465,Tapsi & More,Entree,2,₱425.00,₱850.00
76465,Taco,Appetizer,2,₱345.00,₱690.00
76465,C3,Drinks,1,₱245.00,₱245.00
76465,Yogi Tea,Tea,1,₱0.00,₱0.00
76469,Lychee Berry Margarita,Cocktail,1,₱355.00,₱355.00
76469,Truffle Pasta,Pasta,1,₱485.00,₱485.00
76469,Gochujang Chicken Wrap,Burger/Wrap & More,2,₱470.00,₱940.00
76469,Honey-Sriracha Chicken,Salad,2,₱375.00,₱750.00
76469,Oxtail Soup,Soup,1,₱795.00,₱795.00
76472,Pitcher Red Sangria,Cocktail,2,₱650.00,"₱1,300.00"
76472,Bread Pudding,Dessert,2,₱215.00,₱430.00
76474,Salmon Rice,Entree,1,₱665.00,₱665.00
76474,Kawali Bowl,Entree,1,₱199.00,₱199.00
76477,Yolo,Shake,2,₱255.00,₱510.00
76477,Truffle Shuffle,Pasta,1,₱435.00,₱435.00
76477,Xtra Scoop Ice Cream,Dessert,1,₱65.00,₱65.00
76477,Creme Brulee,Dessert,1,₱245.00,₱245.00
76477,Salmon Rice,Entree,1,₱665.00,₱665.00
76481,Plain Rice,Add-ons,2,₱65.00,₱130.00
76481,Pinoy Charcuterie,Appetizer,1,₱495.00,₱495.00
76481,Jim Beam Whiskey,Hard Liquor,1,"₱2,600.00","₱2,600.00"
76481,Baletea,Tea,1,₱205.00,₱205.00
76481,Fish Be With U,Entree,1,₱795.00,₱795.00
76483,Surf & Turf,Entree,2,"₱1,195.00","₱2,390.00"
76483,Mango Shake,Shake,1,₱165.00,₱165.00
76483,Chicken Rice,Entree,1,₱405.00,₱405.00
76483,Kikiam Ala Carte,Appetizer,2,₱85.00,₱170.00
76483,Twerk It,Boozy Coffee,1,₱345.00,₱345.00
76485,Eyogi Tea,Tea,2,₱125.00,₱250.00
76485,Dynamite Ala Carte,Appetizer,1,₱155.00,₱155.00
76485,Free Pudding,Promos & Freebies,2,₱0.00,₱0.00
76485,Lychee Berry Margarita,Cocktail,1,₱355.00,₱355.00
76489,Simple Affogato,Coffee,1,₱245.00,₱245.00
76489,Chicken Parm,Entree,2,₱495.00,₱990.00
76489,Baletea,Tea,2,₱205.00,₱410.00
76489,Salis Curry Steak,Entree,1,₱425.00,₱425.00
76489,Latte,Coffee,2,₱205.00,₱410.00
76491,Banana Peanut Butter,Frappe,2,₱275.00,₱550.00
76491,Murica,Coffee,2,₱150.00,₱300.00
76491,Johnnie Walker Black S,Hard Liquor,1,₱195.00,₱195.00
76491,Cerveza Negra,Beer,2,₱150.00,₱300.00
76493,Free Pudding,Promos & Freebies,1,₱0.00,₱0.00
76493,Trash Can,Dessert,1,₱395.00,₱395.00
76493,Shrimp & Chips,Appetizer,1,₱415.00,₱415.00
76493,Platter Garlic Rice,Side Dish,1,₱395.00,₱395.00
76493,Shrimp Po Boy,Burger/Wrap & More,1,₱475.00,₱475.00
76495,Truffle Parmesan Fries,Appetizer,1,₱325.00,₱325.00
76495,Lychee Berry Margarita,Cocktail,1,₱355.00,₱355.00
76495,Bucket Light,Beer,2,₱650.00,"₱1,300.00"
76497,Bunwich Ala UTB,Burger/Wrap & More,1,₱375.00,₱375.00
76497,Plain Rice,Add-ons,1,₱65.00,₱65.00
76497,Xtra Scoop Ice Cream,Dessert,2,₱65.00,₱130.00
76498,Cappuccino,Coffee,1,₱185.00,₱185.00
76498,San Mig Pilsen,Beer,2,₱0.00,₱0.00
76498,Free Pudding,Promos & Freebies,1,₱0.00,₱0.00
76501,Kawali Bowl,Entree,2,₱199.00,₱398.00
76501,Matcha Frappe,Frappe,1,₱255.00,₱255.00
76501,Platter Plain Rice,Side Dish,1,₱295.00,₱295.00
76501,Sop,Pizza,2,₱425.00,₱850.00
76501,Mountain Dew,Drinks,1,₱105.00,₱105.00
76504,Yolo,Shake,1,₱255.00,₱255.00
76504,Cold Water,Drinks,1,₱65.00,₱65.00
76505,SOP,Pizza,1,₱425.00,₱425.00
76505,Negra,Beer,2,₱0.00,₱0.00
76505,San Mig Super Dry,Beer,2,₱150.00,₱300.00
76505,Salis Curry Steak,Entree,1,₱425.00,₱425.00
76505,Pork Bowl,Entree,1,₱595.00,₱595.00
76506,Baletea,Tea,2,₱205.00,₱410.00
76506,Container,Packaging,1,₱10.00,₱10.00
76510,Baletea,Tea,1,₱205.00,₱205.00
76510,Yolo,Shake,2,₱255.00,₱510.00
76510,Beef Salpicao,Entree,1,₱545.00,₱545.00
76510,Mango Shake,Shake,1,₱180.00,₱180.00
76514,Lychee Shake,Shake,2,₱225.00,₱450.00
76514,Yolo,Shake,1,₱255.00,₱255.00
76514,Bunwich Ala UTB,Entree,2,₱375.00,₱750.00
76514,Mango Shake,Shake,2,₱225.00,₱450.00
76514,Plain Rice,Add-ons,1,₱65.00,₱65.00
76516,Negra,Beer,2,₱0.00,₱0.00
76516,Mango Shake,Shake,2,₱295.00,₱590.00
76516,Matcha Frappe,Frappe,1,₱255.00,₱255.00
76516,Truffle Parmesan Fries,Appetizer,1,₱325.00,₱325.00
76516,Tailgate Ribs,Entree,1,₱595.00,₱595.00
76517,Chicken Rice,Entree,1,₱405.00,₱405.00
76517,Rootbeer Float Rated G,Drinks,1,₱225.00,₱225.00
76518,Tokwat Porky Pig,Appetizer,1,₱395.00,₱395.00
76518,Salmon Rice,Entree,2,₱665.00,"₱1,330.00"
76518,Bellagio Mochaccino,Coffee,1,₱225.00,₱225.00
76518,Fish Taco,Appetizer,2,₱395.00,₱790.00
76518,Baletea,Tea,2,₱130.00,₱260.00
76519,Boozy Affogato,Boozy Coffee,1,₱375.00,₱375.00
76519,Amaretto Sour,Cocktail,1,₱0.00,₱0.00
76519,Chixsig Nachos,Appetizer,2,₱395.00,₱790.00
76522,Viet Coffee,Coffee,2,₱145.00,₱290.00
76522,War Heads,Cocktail,1,₱355.00,₱355.00
76524,Seafood Pesto,Pasta,1,₱495.00,₱495.00
76524,Merk TT,Others,2,₱345.00,₱690.00
76524,Strawberry Basil Mojito,Cocktail,2,₱0.00,₱0.00
76524,Coke Regular,Drinks,2,₱105.00,₱210.00
76524,Seafood Chowda,Soup,2,₱365.00,₱730.00
76525,Sausage Angel,Appetizer,2,₱325.00,₱650.00
76525,Batwan Beef Stew,Entree,2,₱725.00,"₱1,450.00"
76525,Sip,Cocktail,2,₱425.00,₱850.00
76525,Rootbeer Float Rated G,Drinks,2,₱225.00,₱450.00
76525,Yolo,Shake,2,₱255.00,₱510.00
76527,Caesar,Salad,2,₱365.00,₱730.00
76527,Lychee Shake,Shake,1,₱225.00,₱225.00
76527,Caesar,Salad,1,₱365.00,₱365.00
76531,SOP,Pizza,2,₱425.00,₱850.00
76531,Truffle Parmesan Fries,Appetizer,1,₱325.00,₱325.00
76531,Pitcher Red Sangria,Cocktail,1,₱650.00,₱650.00
76531,Thai Shrimp,Entree,1,₱425.00,₱425.00
76533,Bone-in PorkChop,Entree,2,"₱1,095.00","₱2,190.00"
76533,Bone-In Porkchop,Entree,2,"₱1,095.00","₱2,190.00"
76533,Bucket Light,Beer,1,₱650.00,₱650.00
76536,Truffle Parmesan Fries,Appetizer,1,₱325.00,₱325.00
76536,Chicken Parm,Entree,2,₱495.00,₱990.00
76536,SOP,Pizza,1,₱425.00,₱425.00
76536,Happy Hour 595+,Promos & Freebies,1,₱665.00,₱665.00
76536,Beef Salpicao,Entree,1,₱545.00,₱545.00
76538,Honey-Sriracha Chicken,Salad,2,₱375.00,₱750.00
76538,Lychee Mojito,Cocktail,1,₱355.00,₱355.00
76624,Merk TT,Others,1,₱345.00,₱345.00
76624,Bucket Pilsen,Beer,1,₱600.00,₱600.00
76626,San Mig Pilsen,Beer,1,₱0.00,₱0.00
76626,Baletea Freeze,Cocktail,2,₱365.00,₱730.00
76626,Tokwat Porky Pig,Entree,1,₱395.00,₱395.00
76628,Mango Shake,Shake,2,₱240.00,₱480.00
76628,Bucket Cerveza Negra,Beer,1,₱750.00,₱750.00
76628,Beef Salpicao,Entree,2,₱545.00,"₱1,090.00"
76631,Baletea,Tea,2,₱205.00,₱410.00
76631,Seafood Chowda,Soup,1,₱365.00,₱365.00
76631,Mango Shake,Shake,1,₱225.00,₱225.00
76634,Mango Shake,Shake,2,₱280.00,₱560.00
76634,Bucket Light,Beer,2,₱650.00,"₱1,300.00"
76634,Shrimp Po Boy,Burger/Wrap & More,2,₱455.00,₱910.00
76634,Murica,Burger/Wrap & More,1,₱150.00,₱150.00
76637,Sausage Angel,Appetizer,1,₱325.00,₱325.00
76637,Caesar,Salad,1,₱365.00,₱365.00
76637,SOP,Pizza,2,₱425.00,₱850.00
76638,Corned Beef Plate,Breakfast,2,₱199.00,₱398.00
76638,Cerveza Negra,Beer,2,₱150.00,₱300.00
76638,Fishball Ala Carte,Appetizer,1,₱75.00,₱75.00
76638,San Mig Pilsen,Beer,2,₱120.00,₱240.00
76638,UTB Burger,Burger/Wrap & More,2,₱425.00,₱850.00
76639,UTB Burger,Burger/Wrap & More,2,₱425.00,₱850.00
76639,Batwan Beef Stew,Entree,1,₱785.00,₱785.00
76641,Merk TT,Others,2,₱345.00,₱690.00
76641,Chicken Rice,Entree,1,₱405.00,₱405.00
76641,Dynamite Ala Carte,Appetizer,2,₱155.00,₱310.00
76641,Under the Summer Sun,Cocktail,1,₱335.00,₱335.00
76643,Pinoy Charcuterie,Appetizer,2,₱495.00,₱990.00
76643,San Mig Pilsen,Beer,1,₱0.00,₱0.00
76643,Shrimp & Chips,Appetizer,2,₱415.00,₱830.00
76643,Beef Salpicao,Entree,1,₱545.00,₱545.00
76645,Pinoy Charcuterie,Appetizer,2,₱495.00,₱990.00
76645,Lychee Shake,Shake,1,₱225.00,₱225.00
76648,Coke Zero,Drinks,1,₱30.00,₱30.00
76648,Pinoy Charcuterie,Appetizer,2,₱495.00,₱990.00
76648,Bucket Superdry,Beer,1,₱750.00,₱750.00
76648,Sisig Rice Bowl,Entree,2,₱415.00,₱830.00
76650,Cold Water,Drinks,1,₱65.00,₱65.00
76650,Egg,Add-ons,1,₱40.00,₱40.00
76650,Under the Summer Sun,Cocktail,1,₱335.00,₱335.00
76651,SOP,Pizza,2,₱425.00,₱850.00
76651,Shrimp Po Boy,Burger/Wrap & More,2,₱475.00,₱950.00
76651,Mango Shake,Shake,2,₱280.00,₱560.00
76651,Mountain Dew,Drinks,2,₱105.00,₱210.00
76654,Schweppes Tonic Water,Drinks,1,₱105.00,₱105.00
76654,Pork Sisig,Entree,2,₱345.00,₱690.00
76654,Sausage Skillet (Angel),Appetizer,2,₱325.00,₱650.00
76654,Caesar,Salad,2,₱365.00,₱730.00
76654,SOP,Pizza,1,₱425.00,₱425.00
76656,Mango Shake,Shake,1,₱240.00,₱240.00
76656,Viet Coffee,Coffee,1,₱145.00,₱145.00
76656,San Mig Light,Beer,2,₱130.00,₱260.00
76659,Mango Tapioca,Dessert,1,₱245.00,₱245.00
76659,Tropical White Lady,Mocktails,1,₱355.00,₱355.00
76659,Warm Poke Bowl,Entree,2,₱625.00,"₱1,250.00"
76659,Chicken Rice,Entree,1,₱405.00,₱405.00
76660,Bacon Plate,Breakfast,1,₱199.00,₱199.00
76660,Mac & Cheese,Pasta,1,₱445.00,₱445.00
76660,Sisig Rice Bowl,Entree,2,₱415.00,₱830.00
76660,Bunwich Ala UTB,Burger/Wrap & More,2,₱375.00,₱750.00
76663,Free Pudding,Promos & Freebies,1,₱0.00,₱0.00
76663,Bucket Light,Beer,2,₱650.00,"₱1,300.00"
76666,Free Pudding,Promos & Freebies,1,₱0.00,₱0.00
76666,Mango Shake,Shake,1,₱145.00,₱145.00
76666,Latte,Coffee,1,₱205.00,₱205.00
76666,Gochujang Chicken Wrap,Burger/Wrap & More,2,₱470.00,₱940.00
76669,Platter Garlic Rice,Side Dish,1,₱395.00,₱395.00
76669,Caesar,Salad,1,₱365.00,₱365.00
76671,Dynamite Ala Carte,Appetizer,1,₱155.00,₱155.00
76671,Container,Packaging,1,₱10.00,₱10.00
76671,Bellagio Mochaccino,Coffee,2,₱225.00,₱450.00
76671,Trash Can,Cocktail,1,₱395.00,₱395.00
76671,Platter Garlic Rice,Side Dish,2,₱395.00,₱790.00
76675,Batwan Beef Stew,Entree,1,₱725.00,₱725.00
76675,Yogi Tea,Tea,1,₱125.00,₱125.00
76675,Tequila Sunrise,Cocktail,2,₱0.00,₱0.00
76677,Honey-Sriracha Chicken,Entree,2,₱375.00,₱750.00
76677,Dark Choco Chip Frappe,Frappe,2,₱285.00,₱570.00
76677,Chicken Parm,Entree,2,₱495.00,₱990.00
76677,Coke Zero,Drinks,1,₱105.00,₱105.00
76678,C3,Drinks,2,₱245.00,₱490.00
76678,Truffle Parmesan Fries,Appetizer,1,₱325.00,₱325.00
76678,Mac & Cheese,Pasta,1,₱0.00,₱0.00
76678,Sausage Diablo,Appetizer,2,₱325.00,₱650.00
76678,Caesar,Salad,2,₱365.00,₱730.00
76680,Chicken & Waffles,Entree,2,₱425.00,₱850.00
76680,Mango Shake,Shake,1,₱180.00,₱180.00
76680,Fish Taco,Appetizer,2,₱395.00,₱790.00
76680,Bucket Cerveza Negra,Beer,2,₱750.00,"₱1,500.00"
76680,Bucket Light,Beer,1,₱650.00,₱650.00
76682,Kiss of Death,Cocktail,1,₱550.00,₱550.00
76682,Salmon Rice,Entree,2,₱665.00,"₱1,330.00"
76682,C3,Drinks,2,₱245.00,₱490.00
76686,Bucket Assorted,Beer,2,₱750.00,"₱1,500.00"
76686,Free Chicharon,Promos & Freebies,1,₱0.00,₱0.00
76686,Lychee Shake,Shake,2,₱225.00,₱450.00
76688,Tokwat Porky Pig,Entree,1,₱395.00,₱395.00
76688,Bunwich Ala UTB,Burger/Wrap & More,2,₱375.00,₱750.00
76688,Platter Plain Rice,Side Dish,2,₱295.00,₱590.00
76690,Yolo,Shake,1,₱255.00,₱255.00
76690,Johnnie Walker Black S,Hard Liquor,2,₱195.00,₱390.00
76690,Chicken Rice,Entree,1,₱405.00,₱405.00
76691,Grilled Tuna,Entree,2,₱395.00,₱790.00
76691,Shrimp Po Boy,Burger/Wrap & More,2,₱475.00,₱950.00
76691,Seafood Chowda,Soup,1,₱365.00,₱365.00
76693,Platter Plain Rice,Side Dish,1,₱295.00,₱295.00
76693,Strawberry Frappe,Frappe,1,₱255.00,₱255.00
76693,Caesar,Salad,1,₱365.00,₱365.00
76693,Tailgate Ribs,Entree,1,₱595.00,₱595.00
76695,Baletea Freeze,Cocktail,1,₱365.00,₱365.00
76695,Matcha Frappe,Frappe,2,₱255.00,₱510.00
76695,Chicken Parm,Entree,2,₱495.00,₱990.00
76695,Shrimp Po Boy,Burger/Wrap & More,1,₱475.00,₱475.00
76695,Banana Peanut Butter,Frappe,1,₱275.00,₱275.00
76697,Takoyaki,Appetizer,2,₱345.00,₱690.00
76697,Taco,Appetizer,2,₱345.00,₱690.00
76697,Matcha Frappe,Frappe,1,₱255.00,₱255.00
76697,Plain Rice,Add-ons,1,₱65.00,₱65.00
76697,SOP,Pizza,2,₱425.00,₱850.00
76698,Cold Water,Drinks,1,₱65.00,₱65.00
76698,Bucket Light,Beer,2,₱650.00,"₱1,300.00"
76698,Simple Affogato,Coffee,1,₱245.00,₱245.00
76701,Beef Salpicao,Entree,1,₱545.00,₱545.00
76701,Bacon Plate,Breakfast,2,₱199.00,₱398.00
76701,Tailgate Ribs,Entree,2,₱595.00,"₱1,190.00"
76701,Pixiedust,Cocktail,2,₱0.00,₱0.00
76701,Salis Curry Steak,Entree,2,₱425.00,₱850.00
76705,Shrimp Po Boy,Burger/Wrap & More,2,₱455.00,₱910.00
76705,Asian Chicken,Salad,2,₱365.00,₱730.00
76705,Caesar,Salad,2,₱365.00,₱730.00
76705,Beer Peach,Beer,1,₱0.00,₱0.00
76705,Spanish Latte,Coffee,1,₱195.00,₱195.00
76709,Creme Brulee,Dessert,1,₱245.00,₱245.00
76709,Chicken Parm,Entree,1,₱495.00,₱495.00
76709,Squash Soup,Soup,2,₱315.00,₱630.00
76709,Fries,Side Dish,1,₱95.00,₱95.00
76713,Strawberry Lychee Shake,Shake,2,₱255.00,₱510.00
76713,Platter Plain Rice,Side Dish,2,₱295.00,₱590.00
76716,Warm Poke Bowl,Entree,2,₱625.00,"₱1,250.00"
76716,Negra,Beer,2,₱0.00,₱0.00
76716,Cerveza Negra,Beer,2,₱150.00,₱300.00
76716,Mango Shake,Shake,2,₱225.00,₱450.00
76716,Dirty Matcha,Coffee,1,₱225.00,₱225.00
76720,Mac & Cheese,Pasta,1,₱445.00,₱445.00
76720,Matchalicious,Matcha,2,₱255.00,₱510.00
76720,Tokwat Porky Pig,Entree,1,₱395.00,₱395.00
76720,Lychee Shake,Shake,1,₱225.00,₱225.00
76720,Bunwich Ala UTB,Burger/Wrap & More,2,₱375.00,₱750.00
76724,Fish Taco,Appetizer,2,₱395.00,₱790.00
76724,Rootbeer Float Rated G,Drinks,2,₱225.00,₱450.00
76724,C3,Drinks,1,₱245.00,₱245.00
76724,Fishball Ala Carte,Appetizer,1,₱75.00,₱75.00
76727,Coke Regular,Drinks,2,₱105.00,₱210.00
76727,Bone-In Porkchop,Entree,1,"₱1,095.00","₱1,095.00"
76727,Yolo,Shake,2,₱255.00,₱510.00
76727,Sausage Angel,Appetizer,1,₱325.00,₱325.00
76727,Corned Beef Plate,Breakfast,1,₱199.00,₱199.00
76731,Bunwich Ala UTB,Burger/Wrap & More,2,₱375.00,₱750.00
76731,San Mig Light,Beer,2,₱0.00,₱0.00
76731,Beef Salpicao,Entree,2,₱545.00,"₱1,090.00"
76731,Creme Brulee,Dessert,1,₱245.00,₱245.00
76732,Platter Garlic Rice,Side Dish,1,₱395.00,₱395.00
76732,Dark Choco Chip Frappe,Frappe,2,₱285.00,₱570.00
76732,Pitcher Red Sangria,Cocktail,2,₱650.00,"₱1,300.00"
76732,Salis Curry Steak,Entree,1,₱425.00,₱425.00
76733,San Mig Pilsen,Beer,1,₱0.00,₱0.00
76733,Fries,Side Dish,2,₱95.00,₱190.00
76733,Asian Chicken,Salad,2,₱365.00,₱730.00
76733,UT-Pork Bowl,Entree,2,₱595.00,"₱1,190.00"
76733,Sisig Rice Bowl,Entree,1,₱415.00,₱415.00
76737,Matchalicious,Matcha,1,₱255.00,₱255.00
76737,C3,Drinks,2,₱245.00,₱490.00
76737,Chixsig Nachos,Appetizer,2,₱395.00,₱790.00
76737,Mac & Cheese,Pasta,1,₱445.00,₱445.00
76738,Marrow Brulee,Appetizer,2,₱365.00,₱730.00
76738,Chicken in a Basket,Appetizer,1,₱395.00,₱395.00
76740,Bucket Assorted,Beer,1,₱750.00,₱750.00
76740,Mango Shake,Shake,1,₱180.00,₱180.00
76742,K. Pork Bowl,Entree,1,₱595.00,₱595.00
76742,Pinoy Charcuterie,Appetizer,2,₱495.00,₱990.00
76742,Tapsi & More,Entree,2,₱425.00,₱850.00
76742,Murica,Coffee,1,₱150.00,₱150.00
76743,Container,Packaging,1,₱10.00,₱10.00
76743,Kawali Bowl,Entree,1,₱199.00,₱199.00
76743,Caesar,Salad,2,₱365.00,₱730.00
76743,Lychee Shake,Shake,2,₱225.00,₱450.00
76744,Chicken & Waffles,Entree,2,₱425.00,₱850.00
76744,Fish Be With U,Entree,1,₱795.00,₱795.00
76744,Bucket Light,Beer,1,₱650.00,₱650.00
76744,Bacon Plate,Breakfast,1,₱199.00,₱199.00
76744,Boozy Affogato,Boozy Coffee,2,₱375.00,₱750.00
76746,Fish Taco,Appetizer,1,₱395.00,₱395.00
76746,Sausage Diablo,Appetizer,1,₱325.00,₱325.00
76746,Bunwich Ala UTB,Entree,2,₱375.00,₱750.00
76746,Rootbeer Float,Drinks,1,₱225.00,₱225.00
76748,Strawberry Latte,Coffee,2,₱215.00,₱430.00
76748,Fish Taco,Appetizer,1,₱395.00,₱395.00
76752,Baletea,Tea,1,₱245.00,₱245.00
76752,Caesar,Salad,1,₱365.00,₱365.00
76752,Strawberry Matcha Latte,Coffee,1,₱245.00,₱245.00
76752,Bunwich Ala UTB,Burger/Wrap & More,1,₱375.00,₱375.00
76752,Pinoy Charcuterie,Appetizer,1,₱495.00,₱495.00
76753,Shrimp Po Boy,Burger/Wrap & More,1,₱455.00,₱455.00
76753,Tapsi & More,Entree,1,₱425.00,₱425.00
76753,Caesar,Salad,2,₱365.00,₱730.00
76757,Chicken Parm,Entree,1,₱495.00,₱495.00
76757,Fish Be With U,Entree,1,₱795.00,₱795.00
76759,Fries,Side Dish,1,₱95.00,₱95.00
76759,Simple Affogato,Coffee,1,₱245.00,₱245.00
76760,Truffle Pasta,Pasta,2,₱435.00,₱870.00
76760,Pork Bowl,Entree,1,₱595.00,₱595.00
76760,Salis Curry Steak,Entree,1,₱425.00,₱425.00
76760,Mango Shake,Shake,1,₱225.00,₱225.00
76760,Johnnie Walker Black,Hard Liquor,1,₱195.00,₱195.00
76764,Chicken Rice,Entree,1,₱405.00,₱405.00
76764,Chicken in a Basket,Appetizer,2,₱395.00,₱790.00
76768,Chicken Parm,Entree,1,₱495.00,₱495.00
76768,Tapsi & More,Entree,2,₱425.00,₱850.00
76768,Lychee Shake,Shake,1,₱225.00,₱225.00
76770,Kawali Bowl,Entree,1,₱199.00,₱199.00
76770,Sausage Diablo,Appetizer,2,₱325.00,₱650.00
76772,Viet Coffee,Coffee,1,₱145.00,₱145.00
76772,Chicharon,Appetizer,1,₱145.00,₱145.00
76772,Dark Choco Chip Frappe,Frappe,2,₱285.00,₱570.00
76773,Boozy Affogato,Boozy Coffee,1,₱375.00,₱375.00
76773,Tailgate Ribs,Entree,1,₱595.00,₱595.00
76773,Banana Peanut Butter,Frappe,1,₱275.00,₱275.00
76773,Free Pudding,Promos & Freebies,1,₱0.00,₱0.00
76775,Beef Salpicao,Entree,1,₱545.00,₱545.00
76775,San Mig Super Dry,Beer,2,₱150.00,₱300.00
76775,Kiss of Death,Cocktail,2,₱550.00,"₱1,100.00"
76775,Lychee Shake,Shake,1,₱225.00,₱225.00
76776,Vanilla Latte,Coffee,1,₱205.00,₱205.00
76776,Cerveza Negra,Beer,1,₱150.00,₱150.00
76776,Jim Beam Whiskey,Hard Liquor,1,"₱2,600.00","₱2,600.00"
76777,Butter Toast,Side Dish,1,₱45.00,₱45.00
76777,Truffle Shuffle,Pasta,1,₱435.00,₱435.00
76777,Marrow Brulee,Appetizer,2,₱365.00,₱730.00
76777,Trash Can,Dessert,2,₱395.00,₱790.00
76778,Seafood Chowda,Soup,1,₱365.00,₱365.00
76778,Chicharon,Appetizer,1,₱145.00,₱145.00
76778,Vegetable Arrabbiata,Pasta,2,₱415.00,₱830.00
76778,Simple Affogato,Coffee,2,₱245.00,₱490.00
76781,Jim Beam Whiskey,Hard Liquor,1,"₱2,600.00","₱2,600.00"
76781,Cajun Pasta,Pasta,2,₱425.00,₱850.00
76781,Sausage Angel,Appetizer,2,₱325.00,₱650.00
76781,Tapsi & More,Entree,1,₱425.00,₱425.00
76783,Oxtail Soup,Soup,2,₱795.00,"₱1,590.00"
76783,C3,Drinks,1,₱245.00,₱245.00
76783,Corned Beef Plate,Breakfast,2,₱199.00,₱398.00
76783,Chicharon,Appetizer,2,₱145.00,₱290.00
76783,Tequila Sunrise,Cocktail,2,₱315.00,₱630.00
76787,Vodka Sunrise,Cocktail,1,₱305.00,₱305.00
76787,Lychee Shake,Shake,1,₱225.00,₱225.00
76787,Vegetable Arrabbiata,Pasta,1,₱415.00,₱415.00
76790,Boozy Affogato,Boozy Coffee,2,₱375.00,₱750.00
76790,Boozy Affogato,Boozy Coffee,1,₱375.00,₱375.00
76790,Bottled Water,Drinks,2,₱65.00,₱130.00
76790,Glass Bulera,Cocktail,2,₱115.00,₱230.00
76792,Grilled Tuna,Entree,2,₱395.00,₱790.00
76792,San Mig Super Dry,Beer,2,₱150.00,₱300.00
76794,Mac & Cheese,Pasta,2,₱0.00,₱0.00
76794,Warm Poke Bowl,Entree,2,₱625.00,"₱1,250.00"
76794,Mac & Cheese,Pasta,2,₱445.00,₱890.00
76794,Matcha Frappe,Frappe,1,₱255.00,₱255.00
76794,Chicken Rice,Entree,2,₱405.00,₱810.00
76798,Strawberry Frappe,Frappe,2,₱255.00,₱510.00
76798,Black Pepper Beef,Appetizer,2,₱525.00,"₱1,050.00"
76798,Strawberry Matcha Frappe,Frappe,1,₱285.00,₱285.00
76798,Salis Curry Steak,Entree,1,₱425.00,₱425.00
76800,Cappuccino,Coffee,2,₱185.00,₱370.00
76800,Free Pudding,Promos & Freebies,1,₱0.00,₱0.00
76803,Caesar,Salad,2,₱365.00,₱730.00
76803,Johnnie Walker Black S,Hard Liquor,2,₱195.00,₱390.00
76803,War Heads,Cocktail,1,₱355.00,₱355.00
76805,Batwan Beef Stew,Entree,1,₱725.00,₱725.00
76805,K. Pork Bowl,Entree,2,₱585.00,"₱1,170.00"
76805,Pinoy Charcuterie,Appetizer,2,₱495.00,₱990.00
76806,Container,Packaging,2,₱10.00,₱20.00
76806,Warm Poke Bowl,Entree,2,₱625.00,"₱1,250.00"
76809,Salis Curry Steak,Entree,1,₱425.00,₱425.00
76809,Truffle Pasta,Pasta,1,₱485.00,₱485.00
76812,Bottled Water,Drinks,1,₱65.00,₱65.00
76812,Caesar,Salad,1,₱365.00,₱365.00
76812,Breakfast Pudding,Dessert,2,₱199.00,₱398.00
76815,War Heads,Cocktail,2,₱355.00,₱710.00
76815,Dirty Matcha,Coffee,2,₱225.00,₱450.00
76817,Sop,Pizza,1,₱425.00,₱425.00
76817,Chicken Parm,Entree,2,₱495.00,₱990.00
76817,Rootbeer Float,Drinks,1,₱225.00,₱225.00
76819,Beer Peach,Beer,1,₱0.00,₱0.00
76819,Kawali Bowl,Entree,2,₱199.00,₱398.00
76819,Chixsig Nachos,Appetizer,2,₱395.00,₱790.00
76819,Chicken & Waffles,Entree,2,₱425.00,₱850.00
76819,Matcha Frappe,Frappe,1,₱255.00,₱255.00
76821,Free Pudding,Promos & Freebies,1,₱0.00,₱0.00
76821,K3,Others,2,₱245.00,₱490.00
76821,Butter Toast,Side Dish,1,₱45.00,₱45.00
76821,Strawberry Frappe,Frappe,2,₱255.00,₱510.00
76823,Baletea,Tea,1,₱205.00,₱205.00
76823,Chicken & Waffles,Entree,1,₱425.00,₱425.00
76823,Plain Rice,Add-ons,2,₱65.00,₱130.00
76823,Spanish Latte,Coffee,2,₱195.00,₱390.00
76825,Trash Can,Dessert,2,₱395.00,₱790.00
76825,San Mig Light,Beer,2,₱130.00,₱260.00
76826,Bottled Water,Drinks,2,₱65.00,₱130.00
76826,Egg,Add-ons,2,₱40.00,₱80.00
76826,Red Sangria,Cocktail,1,₱345.00,₱345.00
76826,Bone-In Porkchop,Entree,2,"₱1,095.00","₱2,190.00"
76830,Chicken & Waffles,Entree,2,₱425.00,₱850.00
76830,Bottled Water,Drinks,2,₱65.00,₱130.00
76831,Tapsi & More,Entree,1,₱425.00,₱425.00
76831,Vegetable Arrabbiata,Pasta,2,₱415.00,₱830.00
76833,San Mig Light,Beer,1,₱0.00,₱0.00
76833,Container,Packaging,1,₱10.00,₱10.00
76833,Dark Choco Chip Frappe,Frappe,2,₱285.00,₱570.00
76833,Coke Zero,Drinks,1,₱105.00,₱105.00
76833,Tropical White Lady,Mocktails,2,₱355.00,₱710.00
76836,Salis Curry Steak,Entree,2,₱425.00,₱850.00
76836,Pinoy Charcuterie,Appetizer,2,₱495.00,₱990.00
76840,Bucket Pilsen,Beer,1,₱600.00,₱600.00
76840,K3,Others,2,₱245.00,₱490.00
76840,Banana Peanut Butter,Frappe,2,₱275.00,₱550.00
76843,Schweppes Tonic Water,Drinks,1,₱105.00,₱105.00
76843,Sausage Diablo,Appetizer,1,₱325.00,₱325.00
76843,Tequila Sunrise,Cocktail,1,₱315.00,₱315.00
76843,Salis Curry Steak,Entree,2,₱425.00,₱850.00
76843,Viet Coffee,Coffee,1,₱195.00,₱195.00
76847,Boozy Affogato,Boozy Coffee,2,₱375.00,₱750.00
76847,Beef and Shrimp Salpicao,Entree,2,₱895.00,"₱1,790.00"
76847,Egg,Add-ons,1,₱40.00,₱40.00
76847,Green Mango Shake,Shake,2,₱225.00,₱450.00
76847,Bottled Water,Drinks,1,₱65.00,₱65.00
76851,Tequila Sunrise,Cocktail,1,₱315.00,₱315.00
76851,Beef Salpicao,Entree,2,₱545.00,"₱1,090.00"
76851,SOP,Pizza,1,₱425.00,₱425.00
76851,Bunwich Ala UTB,Burger/Wrap & More,1,₱375.00,₱375.00
76851,Salis Curry Steak,Entree,1,₱425.00,₱425.00
76853,Bunwich Ala UTB,Burger/Wrap & More,1,₱375.00,₱375.00
76853,Cappuccino,Coffee,1,₱185.00,₱185.00
76853,Free Chicharon,Promos & Freebies,2,₱0.00,₱0.00
76853,Tapsi & More,Entree,1,₱425.00,₱425.00
76853,Happy Hour 595+,Promos & Freebies,1,₱665.00,₱665.00
76856,Twerk It,Boozy Coffee,1,₱345.00,₱345.00
76856,Banana Peanut Butter,Frappe,1,₱275.00,₱275.00
76856,Mountain Dew,Drinks,2,₱105.00,₱210.00
76858,Black Pepper Beef,Appetizer,1,₱525.00,₱525.00
76858,C3,Drinks,2,₱245.00,₱490.00
76858,Platter Garlic Rice,Side Dish,2,₱395.00,₱790.00
76858,K. Beef Bowl,Entree,2,₱895.00,"₱1,790.00"
76858,Chicken in a Basket,Appetizer,2,₱395.00,₱790.00
76859,Free Chicharon,Promos & Freebies,1,₱0.00,₱0.00
76859,Under the Summer Sun,Cocktail,2,₱0.00,₱0.00
76859,Shrimp & Chips,Appetizer,2,₱415.00,₱830.00
76861,Squash Soup,Soup,2,₱315.00,₱630.00
76861,Butter Toast,Side Dish,1,₱45.00,₱45.00
76861,Container,Packaging,2,₱10.00,₱20.00
76861,Tokwat Porky Pig,Appetizer,2,₱395.00,₱790.00
76864,Mountain Dew,Drinks,2,₱105.00,₱210.00
76864,Free Pudding,Promos & Freebies,2,₱0.00,₱0.00
76864,Lychee Shake,Shake,2,₱225.00,₱450.00
76983,Schweppes Soda Water,Drinks,2,₱105.00,₱210.00
76983,Fish Be With U,Entree,2,₱795.00,"₱1,590.00"
76983,Truffle Shuffle,Pasta,2,₱435.00,₱870.00
76983,Black Pepper Beef,Appetizer,2,₱585.00,"₱1,170.00"
76983,Fish Be With U,Entree,2,₱795.00,"₱1,590.00"
76987,Trash Can,Dessert,2,₱395.00,₱790.00
76987,Mango Shake,Shake,1,₱195.00,₱195.00
76988,Tapsi & More,Entree,1,₱425.00,₱425.00
76988,Cerveza Negra,Beer,1,₱150.00,₱150.00
76988,Spanish Latte,Coffee,1,₱195.00,₱195.00
76988,Lychee Berry Margarita,Cocktail,2,₱355.00,₱710.00
76988,Cold Water,Drinks,1,₱65.00,₱65.00
76992,Lychee Berry Margarita,Cocktail,2,₱355.00,₱710.00
76992,Xtra Scoop Ice Cream,Dessert,2,₱65.00,₱130.00
76992,Bone-In Porkchop,Entree,1,"₱1,095.00","₱1,095.00"
76992,Pitcher Classic Mojito,Cocktail,1,₱650.00,₱650.00
76992,Merk TT,Others,1,₱345.00,₱345.00
76995,Rootbeer Float Rated G,Drinks,2,₱225.00,₱450.00
76995,Kwek Ala Carte,Appetizer,1,₱155.00,₱155.00
76995,Salis Curry Steak,Entree,2,₱425.00,₱850.00
76995,Fish Be With U,Entree,1,₱795.00,₱795.00
76996,Chixsig Nachos,Appetizer,2,₱395.00,₱790.00
76996,Salis Curry Steak,Entree,1,₱425.00,₱425.00
77000,San Mig Light,Beer,2,₱130.00,₱260.00
77000,Container,Packaging,2,₱10.00,₱20.00
77002,Viet Coffee,Coffee,2,₱145.00,₱290.00
77002,Viet Coffee,Coffee,1,₱145.00,₱145.00
77002,Garlic Rice,Add-ons,1,₱95.00,₱95.00
77002,Chixsig Nachos,Appetizer,1,₱395.00,₱395.00
77002,Bone-In Porkchop,Entree,1,"₱1,095.00","₱1,095.00"
77005,Tailgate Ribs,Entree,1,₱595.00,₱595.00
77005,Chicken Parm,Entree,1,₱495.00,₱495.00
77005,Happy Hour 595+,Promos & Freebies,1,₱665.00,₱665.00
77007,Rootbeer Float Rated G,Drinks,1,₱225.00,₱225.00
77007,Balete Salpicao,Entree,1,₱545.00,₱545.00
77007,Platter Plain Rice,Side Dish,1,₱295.00,₱295.00
77007,Sisig Rice Bowl,Entree,2,₱415.00,₱830.00
77010,Chicken Parm,Entree,2,₱495.00,₱990.00
77010,Truffle Pasta,Pasta,1,₱435.00,₱435.00
77010,Surf & Turf,Entree,1,"₱1,195.00","₱1,195.00"
77010,Tokwat Porky Pig,Entree,2,₱395.00,₱790.00
77012,Pixiedust,Cocktail,2,₱0.00,₱0.00
77012,Trash Can,Entree,1,₱395.00,₱395.00
77012,Corned Beef Plate,Breakfast,2,₱199.00,₱398.00
77012,Coke Zero,Drinks,1,₱30.00,₱30.00
77012,Negra,Beer,1,₱0.00,₱0.00
77015,Sisig Rice Bowl,Entree,1,₱450.00,₱450.00
77015,Green Mango Shake,Shake,2,₱225.00,₱450.00
77016,Tropical White Lady,Mocktails,1,₱355.00,₱355.00
77016,Truffle Parmesan Fries,Appetizer,1,₱325.00,₱325.00
77016,Coke Regular,Drinks,1,₱105.00,₱105.00
77019,Yogi Tea,Tea,1,₱0.00,₱0.00
77019,Seafood Chowda,Soup,1,₱365.00,₱365.00
77019,Tailgate Ribs,Entree,2,₱595.00,"₱1,190.00"
77023,Viet Coffee,Coffee,1,₱195.00,₱195.00
77023,Dynamite Ala Carte,Appetizer,1,₱155.00,₱155.00
77023,Salis Curry Steak,Entree,1,₱425.00,₱425.00
77025,Caesar,Salad,1,₱365.00,₱365.00
77025,Tapsi & More,Entree,1,₱425.00,₱425.00
77026,Tokwat Porky Pig,Entree,2,₱395.00,₱790.00
77026,Caramel Macchiato,Coffee,2,₱195.00,₱390.00
77026,Cerveza Negra,Beer,1,₱150.00,₱150.00
77030,Creme Brulee,Dessert,2,₱245.00,₱490.00
77030,Caesar,Salad,1,₱365.00,₱365.00
77032,Chicken Parm,Entree,1,₱495.00,₱495.00
77032,Grilled Tuna,Entree,1,₱395.00,₱395.00
77036,Free Pudding,Promos & Freebies,1,₱0.00,₱0.00
77036,Strawberry Matcha Latte,Coffee,1,₱245.00,₱245.00
77036,Plain Rice,Add-ons,1,₱65.00,₱65.00
77037,Kwek Ala Carte,Appetizer,1,₱155.00,₱155.00
77037,Plain Rice,Add-ons,1,₱65.00,₱65.00
77038,Vanilla Latte,Coffee,1,₱205.00,₱205.00
77038,Mango Shake,Shake,1,₱280.00,₱280.00
77040,Platter Plain Rice,Side Dish,2,₱295.00,₱590.00
77040,Tapsi & More,Entree,2,₱425.00,₱850.00
77040,Trash Can,Dessert,2,₱395.00,₱790.00
77040,Seafood Pesto,Pasta,2,₱495.00,₱990.00
77042,Caesar,Salad,1,₱365.00,₱365.00
77042,Free Pudding,Promos & Freebies,2,₱0.00,₱0.00
77042,Murica,Coffee,1,₱150.00,₱150.00
77046,Merk TT,Others,1,₱345.00,₱345.00
77046,Spanish Latte,Coffee,2,₱195.00,₱390.00
77046,Chicken & Waffles,Entree,2,₱425.00,₱850.00
77046,Truffle Pasta,Pasta,1,₱435.00,₱435.00
77047,Vanilla Latte,Coffee,2,₱205.00,₱410.00
77047,Bunwich Ala UTB,Burger/Wrap & More,1,₱375.00,₱375.00
77047,Matcha Frappe,Frappe,1,₱255.00,₱255.00
77047,Strawberry Lychee Shake,Shake,2,₱255.00,₱510.00
77047,Trash Can,Cocktail,1,₱395.00,₱395.00
77048,Superdry,Beer,2,₱0.00,₱0.00
77048,Chicken Rice,Entree,2,₱405.00,₱810.00
77048,K. Beef Bowl,Entree,1,₱895.00,₱895.00
77048,Coke Regular,Drinks,2,₱55.00,₱110.00
77050,Beef Salpicao,Entree,2,₱545.00,"₱1,090.00"
77050,Trash Can,Dessert,1,₱395.00,₱395.00
77050,Rootbeer Float,Drinks,1,₱225.00,₱225.00
77050,Boozy Affogato,Boozy Coffee,2,₱375.00,₱750.00
77050,Matchalicious,Matcha,2,₱255.00,₱510.00
77053,Yolo,Shake,1,₱20.00,₱20.00
77053,Free Pudding,Promos & Freebies,1,₱0.00,₱0.00
77053,Truffle Parmesan Fries,Appetizer,1,₱325.00,₱325.00
77053,Free Pudding,Promos & Freebies,2,₱0.00,₱0.00
77056,Bunwich Ala UTB,Entree,1,₱375.00,₱375.00
77056,UT-Pork Bowl,Entree,1,₱595.00,₱595.00
77056,Shrimp Po Boy,Burger/Wrap & More,1,₱455.00,₱455.00
77056,Grilled Tuna,Entree,2,₱395.00,₱790.00
77056,Salis Curry Steak,Entree,2,₱425.00,₱850.00
77060,Sausage Diablo,Appetizer,1,₱325.00,₱325.00
77060,Tailgate Ribs,Entree,2,₱595.00,"₱1,190.00"
77060,Mac & Cheese,Pasta,2,₱445.00,₱890.00
77060,Dynamite Ala Carte,Appetizer,1,₱155.00,₱155.00
77062,Matchalicious,Matcha,1,₱255.00,₱255.00
77062,Eves Apple,Mocktails,2,₱295.00,₱590.00
77062,Truffle Parmesan Fries,Appetizer,1,₱325.00,₱325.00
77066,Kwek Ala Carte,Appetizer,2,₱155.00,₱310.00
77066,Truffle Parmesan Fries,Appetizer,1,₱325.00,₱325.00
77066,Bunwich Ala UTB,Burger/Wrap & More,2,₱375.00,₱750.00
77066,Chix Ball Ala Carte,Appetizer,2,₱95.00,₱190.00
77066,Bucket Light,Beer,1,₱650.00,₱650.00
77067,Sausage Angel,Appetizer,1,₱325.00,₱325.00
77067,Taco,Appetizer,2,₱345.00,₱690.00
77070,Chicken in a Basket,Appetizer,2,₱395.00,₱790.00
77070,Beer Caramel,Beer,2,₱235.00,₱470.00
77070,Banana Peanut Butter,Frappe,1,₱275.00,₱275.00
77073,Murica,Coffee,2,₱150.00,₱300.00
77073,Chicken in a Basket,Appetizer,2,₱395.00,₱790.00
77073,Seafood Pesto,Pasta,1,₱495.00,₱495.00
77073,Under the Summer Sun,Cocktail,2,₱335.00,₱670.00
77075,Yolo,Shake,2,₱290.00,₱580.00
77075,Lychee Shake,Shake,1,₱225.00,₱225.00
77075,Red Sangria,Cocktail,1,₱345.00,₱345.00
77075,Chicken Caesar Wrap,Burger/Wrap & More,1,₱425.00,₱425.00
77078,Truffle Pasta,Pasta,2,₱435.00,₱870.00
77078,Tapsi & More,Entree,2,₱425.00,₱850.00
77079,Sausage Diablo,Appetizer,2,₱325.00,₱650.00
77079,Free Pudding,Promos & Freebies,1,₱0.00,₱0.00
77083,Honey Lemon J,Drinks,1,₱135.00,₱135.00
77083,Caesar,Salad,1,₱365.00,₱365.00
77085,Cerveza Negra,Beer,2,₱150.00,₱300.00
77085,Egg,Add-ons,2,₱40.00,₱80.00
77086,Matcha Frappe,Frappe,2,₱255.00,₱510.00
77086,Pork Sisig,Entree,2,₱345.00,₱690.00
77086,Pink Margarita,Cocktail,2,₱325.00,₱650.00
77086,Takoyaki,Appetizer,1,₱345.00,₱345.00
77086,Chicken Parm,Entree,2,₱495.00,₱990.00
77089,Beer Caramel,Beer,1,₱235.00,₱235.00
77089,Mango Shake,Shake,2,₱180.00,₱360.00
77089,Rootbeer Float Rated G,Drinks,1,₱225.00,₱225.00
77089,Baletea Freeze,Cocktail,1,₱365.00,₱365.00
77093,Plain Rice,Add-ons,1,₱65.00,₱65.00
77093,Black Pepper Beef,Appetizer,2,₱525.00,"₱1,050.00"
77095,Baletea Freeze,Cocktail,2,₱365.00,₱730.00
77095,Shrimp Po Boy,Burger/Wrap & More,1,₱475.00,₱475.00
77095,Mango Shake,Shake,2,₱165.00,₱330.00
77095,K. Pork Bowl,Entree,2,₱595.00,"₱1,190.00"
77096,Mug Root Beer,Beer,2,₱105.00,₱210.00
77096,Chicken Parm,Entree,1,₱495.00,₱495.00
77096,Bucket Light,Beer,1,₱650.00,₱650.00
77096,Lychee Shake,Shake,1,₱225.00,₱225.00
77098,San Mig Pilsen,Beer,2,₱0.00,₱0.00
77098,Free Pudding,Promos & Freebies,1,₱0.00,₱0.00
77098,Superdry,Beer,1,₱0.00,₱0.00
77098,Coke Regular,Drinks,2,₱105.00,₱210.00
77098,Classic Mojito,Cocktail,1,₱295.00,₱295.00
77100,Salmon Rice,Entree,1,₱665.00,₱665.00
77100,Chicken in a Basket,Appetizer,2,₱395.00,₱790.00
77100,BaleteHeat,Cocktail,1,₱0.00,₱0.00
77100,UTB Burger,Burger/Wrap & More,1,₱425.00,₱425.00
77103,Sisig Rice Bowl,Entree,2,₱415.00,₱830.00
77103,Coke Zero,Drinks,1,₱105.00,₱105.00
77103,Mac & Cheese,Pasta,2,₱445.00,₱890.00
77105,Bucket Assorted,Beer,2,₱750.00,"₱1,500.00"
77105,Cerveza Negra,Beer,2,₱150.00,₱300.00
77105,Hazelnut Macchiato,Coffee,2,₱205.00,₱410.00
77105,Honey Lemon J,Drinks,1,₱135.00,₱135.00
77105,Asian Chicken,Salad,1,₱365.00,₱365.00
77107,Salmon Rice,Entree,1,₱665.00,₱665.00
77107,Mango Shake,Shake,2,₱155.00,₱310.00
77108,UT-Pork Bowl,Entree,1,₱595.00,₱595.00
77108,San Mig Pilsen,Beer,2,₱120.00,₱240.00
77108,UTB Burger,Burger/Wrap & More,2,₱425.00,₱850.00
77108,Mango Shake,Shake,1,₱225.00,₱225.00
77108,Free Pudding,Promos & Freebies,1,₱0.00,₱0.00
77109,Mango Shake,Shake,1,₱225.00,₱225.00
77109,Trash Can,Dessert,2,₱395.00,₱790.00
77109,Kwek Ala Carte,Appetizer,1,₱155.00,₱155.00
77109,Beef Salpicao,Entree,1,₱545.00,₱545.00
77110,Baletea Freeze,Cocktail,1,₱365.00,₱365.00
77110,Tequila Sunrise,Cocktail,1,₱0.00,₱0.00
77112,Tokwat Porky Pig,Appetizer,2,₱395.00,₱790.00
77112,Seafood Pesto,Pasta,1,₱495.00,₱495.00
77114,San Mig Light,Beer,1,₱130.00,₱130.00
77114,San Mig Light,Beer,2,₱130.00,₱260.00
77114,Chicken Parm,Entree,1,₱495.00,₱495.00
77117,Trash Can,Dessert,1,₱395.00,₱395.00
77117,San Mig Pilsen,Beer,1,₱120.00,₱120.00
77117,Chicken Rice,Entree,1,₱405.00,₱405.00
77117,Yogi Tea,Tea,2,₱0.00,₱0.00
77119,Bone-In Porkchop,Entree,1,"₱1,095.00","₱1,095.00"
77119,Simple Affogato,Coffee,2,₱245.00,₱490.00
77120,Sisig Rice Bowl,Entree,1,₱415.00,₱415.00
77120,Cerveza Negra,Beer,2,₱150.00,₱300.00
77120,Fish Taco,Appetizer,2,₱395.00,₱790.00
77123,Bucket Pilsen,Beer,2,₱600.00,"₱1,200.00"
77123,Fishball Ala Carte,Appetizer,1,₱75.00,₱75.00
77123,Cerveza Negra,Beer,1,₱150.00,₱150.00
77126,C3,Drinks,1,₱245.00,₱245.00
77126,Schweppes Soda Water,Drinks,2,₱105.00,₱210.00
77126,Bone-In Porkchop,Entree,1,"₱1,095.00","₱1,095.00"
77128,Creme Brulee,Dessert,2,₱245.00,₱490.00
77128,Free Chicharon,Promos & Freebies,1,₱0.00,₱0.00
77128,Mango Shake,Shake,2,₱225.00,₱450.00
77128,Chicharon,Appetizer,1,₱145.00,₱145.00
77131,Salmon Rice,Entree,2,₱665.00,"₱1,330.00"
77131,Tokwat Porky Pig,Appetizer,2,₱395.00,₱790.00
77131,Chicken Parm,Entree,2,₱495.00,₱990.00
77131,Mango Shake,Shake,1,₱140.00,₱140.00
77131,Kikiam Ala Carte,Appetizer,1,₱85.00,₱85.00
77135,Salis Curry Steak,Entree,1,₱425.00,₱425.00
77135,Baletea,Tea,1,₱615.00,₱615.00
77135,Shrimp & Chips,Appetizer,2,₱415.00,₱830.00
77135,Free Pudding,Promos & Freebies,1,₱0.00,₱0.00
77137,San Mig Light,Beer,1,₱130.00,₱130.00
77137,Sausage Diablo,Appetizer,1,₱325.00,₱325.00
77137,Truffle Pasta,Pasta,1,₱435.00,₱435.00
77137,Beef Salpicao,Entree,1,₱545.00,₱545.00
77140,Honey-Sriracha Chicken,Entree,1,₱375.00,₱375.00
77140,Tokwat Porky Pig,Entree,1,₱395.00,₱395.00
77140,Plain Rice,Add-ons,2,₱65.00,₱130.00
77140,Platter Plain Rice,Side Dish,1,₱295.00,₱295.00
77140,Plain Rice,Add-ons,1,₱65.00,₱65.00
77141,Lychee Berry Margarita,Cocktail,1,₱355.00,₱355.00
77141,San Mig Pilsen,Beer,2,₱0.00,₱0.00
77141,Shrimp Salpicao,Entree,1,₱415.00,₱415.00
77143,Egg,Add-ons,1,₱40.00,₱40.00
77143,Sisig Rice Bowl,Entree,1,₱415.00,₱415.00
77143,Dark Choco Chip Frappe,Frappe,1,₱285.00,₱285.00
77143,Bunwich Ala UTB,Burger/Wrap & More,2,₱375.00,₱750.00
77143,Chicken in a Basket,Appetizer,1,₱395.00,₱395.00
77144,Red Sangria,Cocktail,2,₱345.00,₱690.00
77144,Green Mango Shake,Shake,2,₱275.00,₱550.00
77144,Breakfast Pudding,Dessert,2,₱199.00,₱398.00
77144,Asian Chicken,Salad,2,₱365.00,₱730.00
77144,Mango Shake,Shake,1,₱140.00,₱140.00
77147,San Mig Light,Beer,2,₱0.00,₱0.00
77147,K. Beef Bowl,Entree,1,₱895.00,₱895.00
77149,K. Beef Bowl,Entree,1,₱895.00,₱895.00
77149,Matchaholic,Matcha,1,₱0.00,₱0.00
77152,Chicken in a Basket,Appetizer,2,₱395.00,₱790.00
77152,Honey Lemon J,Drinks,2,₱135.00,₱270.00
77154,Murica,Coffee,1,₱150.00,₱150.00
77154,Pinoy Charcuterie,Appetizer,2,₱495.00,₱990.00
77154,San Mig Super Dry,Beer,2,₱150.00,₱300.00
77154,Under the Summer Sun,Cocktail,1,₱0.00,₱0.00
77158,Cold Water,Drinks,1,₱65.00,₱65.00
77158,C3,Drinks,2,₱245.00,₱490.00
77158,Corned Beef Plate,Breakfast,1,₱199.00,₱199.00
77160,Squash Soup,Soup,1,₱315.00,₱315.00
77160,Ginger Ale,Beer,2,₱115.00,₱230.00
77160,Yolo,Shake,2,₱255.00,₱510.00
77160,Coke Zero,Drinks,2,₱105.00,₱210.00
77162,Chicken in a Basket,Appetizer,2,₱395.00,₱790.00
77162,Marrow Brulee,Dessert,1,₱365.00,₱365.00
77162,Vodka Sunrise,Cocktail,2,₱305.00,₱610.00
77162,Sip,Cocktail,1,₱425.00,₱425.00
77163,San Mig Super Dry,Beer,1,₱150.00,₱150.00
77163,Negra,Beer,2,₱0.00,₱0.00
77167,Johnnie Walker Black,Hard Liquor,1,₱195.00,₱195.00
77167,C3,Drinks,1,₱245.00,₱245.00
77170,Chicken Caesar Wrap,Burger/Wrap & More,1,₱425.00,₱425.00
77170,Jim Beam Whiskey,Hard Liquor,2,"₱2,600.00","₱5,200.00"
77170,Green Mango Shake,Shake,2,₱225.00,₱450.00
77170,San Mig Light,Beer,2,₱130.00,₱260.00
77172,Chicken Rice,Entree,2,₱405.00,₱810.00
77172,Truffle Pasta,Pasta,2,₱485.00,₱970.00
77174,Taco,Appetizer,2,₱345.00,₱690.00
77174,San Mig Light,Beer,1,₱0.00,₱0.00
77177,Cerveza Negra,Beer,2,₱150.00,₱300.00
77177,Strawberry Frappe,Frappe,2,₱255.00,₱510.00
77177,Breakfast Pudding,Dessert,1,₱199.00,₱199.00
77177,Trash Can,Dessert,1,₱395.00,₱395.00
77181,Pork Sisig,Entree,2,₱345.00,₱690.00
77181,Baletea,Tea,2,₱205.00,₱410.00
77181,Marrow Brulee,Appetizer,1,₱365.00,₱365.00
77182,San Mig Light,Beer,2,₱130.00,₱260.00
77182,Bone-In Porkchop,Entree,2,"₱1,095.00","₱2,190.00"
77184,Strawberry Basil Mojito,Cocktail,2,₱0.00,₱0.00
77184,Bucket Light,Beer,1,₱650.00,₱650.00
77186,Bucket Light,Beer,2,₱650.00,"₱1,300.00"
77186,UT-Pork Bowl,Entree,2,₱595.00,"₱1,190.00"
77186,K. Pork Bowl,Entree,1,₱595.00,₱595.00
77186,Chix Ball Ala Carte,Appetizer,1,₱95.00,₱95.00
77186,Bone-In Porkchop,Entree,2,"₱1,095.00","₱2,190.00"
77188,Platter Plain Rice,Side Dish,2,₱295.00,₱590.00
77188,Bellagio Mochaccino,Coffee,1,₱225.00,₱225.00
77188,Plain Rice,Add-ons,2,₱65.00,₱130.00
77192,Coke Zero,Drinks,2,₱105.00,₱210.00
77192,San Mig Light,Beer,1,₱0.00,₱0.00
77192,Mac & Cheese,Pasta,1,₱445.00,₱445.00
77194,Tokwat Porky Pig,Entree,1,₱395.00,₱395.00
77194,Bellagio Mochaccino,Coffee,1,₱225.00,₱225.00
77194,Grilled Tuna,Entree,2,₱395.00,₱790.00
77194,Thai Shrimp,Entree,2,₱425.00,₱850.00
77196,Lychee Mojito,Cocktail,2,₱355.00,₱710.00
77196,UTB Burger,Burger/Wrap & More,2,₱425.00,₱850.00
77196,Murica,Burger/Wrap & More,1,₱150.00,₱150.00
77196,Cerveza Negra,Beer,1,₱150.00,₱150.00
77197,Cajun Pasta,Pasta,2,₱425.00,₱850.00
77197,Coke Regular,Drinks,2,₱105.00,₱210.00
77197,Warm Poke Bowl,Entree,1,₱625.00,₱625.00
77198,Chicken Rice,Entree,1,₱405.00,₱405.00
77198,Chicken Rice,Entree,2,₱405.00,₱810.00
77198,Gin & Tonic,Hard Liquor,1,₱345.00,₱345.00
77198,Strawberry Lychee Shake,Shake,2,₱255.00,₱510.00
77200,Kawali Bowl,Entree,2,₱199.00,₱398.00
77200,Cajun Pasta,Pasta,2,₱425.00,₱850.00
77200,Sausage Diablo,Appetizer,1,₱325.00,₱325.00
77200,Free Pudding,Promos & Freebies,1,₱0.00,₱0.00
77200,Johnnie Walker Black S,Hard Liquor,2,₱195.00,₱390.00
77202,Caesar,Salad,2,₱365.00,₱730.00
77202,Warm Poke Bowl,Entree,2,₱625.00,"₱1,250.00"
77206,Eyogi Tea,Tea,2,₱125.00,₱250.00
77206,Mango Shake,Shake,2,₱155.00,₱310.00
77206,Rootbeer Float Rated G,Drinks,1,₱225.00,₱225.00
77206,Mug Root Beer,Beer,1,₱105.00,₱105.00
77206,Dynamite Ala Carte,Appetizer,2,₱155.00,₱310.00
77210,War Heads,Cocktail,1,₱355.00,₱355.00
77210,Rootbeer Float Rated G,Drinks,1,₱225.00,₱225.00
77211,Chicken Rice,Entree,1,₱405.00,₱405.00
77211,Beef Salpicao,Entree,1,₱545.00,₱545.00
77211,SOP,Pizza,2,₱425.00,₱850.00
77211,K. Beef Bowl,Entree,2,₱895.00,"₱1,790.00"
77213,Mango Shake,Shake,2,₱165.00,₱330.00
77213,Salis Curry Steak,Entree,2,₱425.00,₱850.00
77213,Murica,Mocktails,1,₱150.00,₱150.00
77213,Cappuccino,Coffee,2,₱185.00,₱370.00
77214,Bucket Pilsen,Beer,2,₱600.00,"₱1,200.00"
77214,Caesar,Salad,2,₱365.00,₱730.00
77214,Sisig Rice Bowl,Entree,1,₱345.00,₱345.00
77323,Fries,Side Dish,1,₱95.00,₱95.00
77323,Simple Affogato,Coffee,2,₱245.00,₱490.00
77325,Murica,Burger/Wrap & More,1,₱150.00,₱150.00
77325,Matchalicious,Matcha,1,₱255.00,₱255.00
77325,Mango Shake,Shake,1,₱165.00,₱165.00
77325,Negra,Beer,1,₱0.00,₱0.00
77325,Viet Coffee,Coffee,1,₱200.00,₱200.00
77328,Bone-In Porkchop,Entree,1,"₱1,095.00","₱1,095.00"
77328,Balete Salpicao,Entree,1,₱545.00,₱545.00
77328,Salted Caramel Frappe,Frappe,1,₱255.00,₱255.00
77330,Shrimp & Chips,Appetizer,1,₱415.00,₱415.00
77330,Sisig Rice Bowl,Entree,1,₱415.00,₱415.00
77333,Beef and Shrimp Salpicao,Entree,1,₱895.00,₱895.00
77333,Corned Beef Plate,Breakfast,2,₱199.00,₱398.00
77333,Caesar,Salad,1,₱365.00,₱365.00
77333,Coke Zero,Drinks,2,₱105.00,₱210.00
77334,Negra,Beer,1,₱0.00,₱0.00
77334,Happy Hour 595+,Promos & Freebies,1,₱665.00,₱665.00
77334,Warm Poke Bowl,Entree,2,₱625.00,"₱1,250.00"
77338,San Mig Pilsen,Beer,2,₱120.00,₱240.00
77338,Hazelnut Macchiato,Coffee,1,₱205.00,₱205.00
77338,Bucket Superdry,Beer,2,₱750.00,"₱1,500.00"
77338,Bucket Pilsen,Beer,1,₱600.00,₱600.00
77338,Spanish Latte,Coffee,1,₱195.00,₱195.00
77342,Lychee Shake,Shake,2,₱225.00,₱450.00
77342,Beer Peach,Beer,1,₱235.00,₱235.00
77342,Mac & Cheese,Pasta,2,₱445.00,₱890.00
77342,Bunwich Ala UTB,Entree,1,₱375.00,₱375.00
77344,Schweppes Tonic Water,Drinks,1,₱105.00,₱105.00
77344,Banana Peanut Butter,Frappe,2,₱275.00,₱550.00
77344,Tequila Sunrise,Cocktail,2,₱0.00,₱0.00
77344,Bone-In Porkchop,Entree,2,"₱1,095.00","₱2,190.00"
77346,Salmon Rice,Entree,1,₱665.00,₱665.00
77346,Mango Shake,Shake,2,₱140.00,₱280.00
77346,Banana Peanut Butter,Frappe,2,₱275.00,₱550.00
77346,K. Pork Bowl,Entree,2,₱595.00,"₱1,190.00"
77348,Glass Bulera,Cocktail,1,₱115.00,₱115.00
77348,Bunwich Ala UTB,Burger/Wrap & More,2,₱375.00,₱750.00
77348,San Mig Light,Beer,2,₱0.00,₱0.00
77348,Yolo,Shake,2,₱255.00,₱510.00
77348,Murica,Coffee,2,₱150.00,₱300.00
77350,Dark Choco Chip Frappe,Frappe,2,₱285.00,₱570.00
77350,Free Pudding,Promos & Freebies,2,₱0.00,₱0.00
77354,Sisig Rice Bowl,Entree,1,₱415.00,₱415.00
77354,Kikiam Ala Carte,Appetizer,2,₱85.00,₱170.00
77357,Container,Packaging,1,₱10.00,₱10.00
77357,Fish Taco,Appetizer,2,₱395.00,₱790.00
77357,Truffle Pasta,Pasta,2,₱485.00,₱970.00
77357,Container,Packaging,1,₱10.00,₱10.00
77359,Free Pudding,Promos & Freebies,1,₱0.00,₱0.00
77359,Chicken Parm,Entree,1,₱495.00,₱495.00
77359,Kikiam Ala Carte,Appetizer,1,₱85.00,₱85.00
77359,UTB Burger,Burger/Wrap & More,1,₱425.00,₱425.00
77362,Container,Packaging,2,₱10.00,₱20.00
77362,Pink Margarita,Cocktail,1,₱0.00,₱0.00
77365,Chicken in a Basket,Appetizer,2,₱395.00,₱790.00
77365,Viet Coffee,Coffee,1,₱195.00,₱195.00
77368,Platter Plain Rice,Side Dish,2,₱295.00,₱590.00
77368,San Mig Pilsen,Beer,1,₱0.00,₱0.00
77368,Happy Hour 595+,Promos & Freebies,1,₱665.00,₱665.00
77368,Creme Brulee,Dessert,1,₱245.00,₱245.00
77368,Lychee Shake,Shake,2,₱225.00,₱450.00
77371,San Mig Pilsen,Beer,2,₱0.00,₱0.00
77371,Caesar,Salad,2,₱365.00,₱730.00
77371,K. Beef Bowl,Entree,1,₱895.00,₱895.00
77371,Fries,Side Dish,1,₱95.00,₱95.00
77374,Lychee Berry Margarita,Cocktail,2,₱355.00,₱710.00
77374,Merk TT,Others,2,₱345.00,₱690.00
77374,Coke Regular,Drinks,2,₱125.00,₱250.00
77374,Egg,Add-ons,2,₱40.00,₱80.00
77378,UT-Pork Bowl,Entree,2,₱595.00,"₱1,190.00"
77378,Corned Beef Plate,Breakfast,1,₱199.00,₱199.00
77378,Plain Rice,Add-ons,2,₱65.00,₱130.00
77378,Fish Taco,Appetizer,2,₱395.00,₱790.00
77378,Bucket Pilsen,Beer,1,₱600.00,₱600.00
77379,Lychee Shake,Shake,1,₱225.00,₱225.00
77379,Beef and Shrimp Salpicao,Entree,2,₱895.00,"₱1,790.00"
77379,Extra Espresso Shot,Coffee,2,₱95.00,₱190.00
77379,Pitcher Classic Mojito,Cocktail,1,₱650.00,₱650.00
77379,Shrimp Po Boy,Burger/Wrap & More,2,₱475.00,₱950.00
77380,Fries,Side Dish,2,₱95.00,₱190.00
77380,K. Beef Bowl,Entree,2,₱895.00,"₱1,790.00"
77380,Truffle Pasta,Pasta,1,₱435.00,₱435.00
77382,Platter Garlic Rice,Side Dish,1,₱395.00,₱395.00
77382,Matcha Holic,Matcha,1,₱355.00,₱355.00
77382,Mango Shake,Shake,2,₱240.00,₱480.00
77386,Strawberry Basil Mojito,Cocktail,1,₱0.00,₱0.00
77386,Corned Beef Plate,Breakfast,2,₱199.00,₱398.00
77388,Cappuccino,Coffee,2,₱185.00,₱370.00
77388,Sausage Diablo,Appetizer,2,₱325.00,₱650.00
77388,Mango Shake,Shake,1,₱280.00,₱280.00
77388,Coke Regular,Drinks,1,₱45.00,₱45.00
77389,Salis Curry Steak,Entree,2,₱425.00,₱850.00
77389,Free Chicharon,Promos & Freebies,2,₱0.00,₱0.00
77391,San Mig Light,Beer,2,₱130.00,₱260.00
77391,Pixiedust,Cocktail,2,₱0.00,₱0.00
77393,SOP,Pizza,2,₱425.00,₱850.00
77393,Chicharon,Appetizer,1,₱145.00,₱145.00
77393,Grilled Tuna,Entree,1,₱395.00,₱395.00
77393,Strawberry Basil Mojito,Cocktail,1,₱0.00,₱0.00
77393,Bucket Light,Beer,1,₱650.00,₱650.00
77394,Viet Coffee,Coffee,2,₱195.00,₱390.00
77394,C3,Drinks,1,₱245.00,₱245.00
77396,Cocoa Wonka,Drinks,1,₱245.00,₱245.00
77396,Superdry,Beer,1,₱0.00,₱0.00
77396,Murica,Coffee,1,₱150.00,₱150.00
77396,Rootbeer Float,Drinks,1,₱225.00,₱225.00
77396,Classic Mojito,Cocktail,2,₱295.00,₱590.00
77397,Mango Shake,Shake,1,₱165.00,₱165.00
77397,Container,Packaging,2,₱10.00,₱20.00
77399,Tanqueray Gin Shot,Hard Liquor,1,₱190.00,₱190.00
77399,Free Pudding,Promos & Freebies,1,₱0.00,₱0.00
77399,San Mig Pilsen,Beer,1,₱120.00,₱120.00
77403,Kawali Bowl,Entree,2,₱199.00,₱398.00
77403,Jim Beam Whiskey,Hard Liquor,1,"₱2,600.00","₱2,600.00"
77403,Glass Baletea,Tea,1,₱105.00,₱105.00
77405,Tokwat Porky Pig,Appetizer,2,₱395.00,₱790.00
77405,Pink Margarita,Cocktail,1,₱0.00,₱0.00
77408,Red Sangria,Cocktail,1,₱345.00,₱345.00
77408,Murica,Burger/Wrap & More,2,₱150.00,₱300.00
77408,Under the Summer Sun,Cocktail,2,₱335.00,₱670.00
77408,Batwan Beef Stew,Entree,1,₱725.00,₱725.00
77408,UTB Burger,Burger/Wrap & More,1,₱425.00,₱425.00
77410,Tokwat Porky Pig,Entree,2,₱395.00,₱790.00
77410,Yogi Tea,Tea,2,₱125.00,₱250.00
77410,K. Pork Bowl,Entree,1,₱595.00,₱595.00
77414,Chicken & Waffles,Entree,1,₱425.00,₱425.00
77414,Sisig Rice Bowl,Entree,1,₱415.00,₱415.00
77414,Plain Rice,Add-ons,1,₱65.00,₱65.00
77416,Seafood Pesto,Pasta,1,₱495.00,₱495.00
77416,Happy Hour 595+,Promos & Freebies,1,₱665.00,₱665.00
77418,Mango Shake,Shake,2,₱280.00,₱560.00
77418,Chicken in a Basket,Appetizer,2,₱395.00,₱790.00
77420,Cappuccino,Coffee,1,₱185.00,₱185.00
77420,Cold Water,Drinks,1,₱65.00,₱65.00
77420,Creme Brulee,Dessert,1,₱245.00,₱245.00
77420,Tropical White Lady,Mocktails,2,₱355.00,₱710.00
77424,Platter Plain Rice,Side Dish,2,₱295.00,₱590.00
77424,Mug Root Beer,Beer,1,₱105.00,₱105.00
77424,Plain Rice,Add-ons,1,₱65.00,₱65.00
77427,Lychee Shake,Shake,1,₱225.00,₱225.00
77427,Kawali Bowl,Entree,1,₱199.00,₱199.00
77427,Green Mango Shake,Shake,2,₱225.00,₱450.00
77429,Bucket Assorted,Beer,1,₱750.00,₱750.00
77429,Superdry,Beer,1,₱0.00,₱0.00
77429,K. Pork Bowl,Entree,2,₱595.00,"₱1,190.00"
77430,Tapsi & More,Entree,1,₱425.00,₱425.00
77430,Glass Bulera,Cocktail,1,₱115.00,₱115.00
77430,Fries,Side Dish,2,₱95.00,₱190.00
77432,Tapsi & More,Entree,1,₱425.00,₱425.00
77432,Free Pudding,Promos & Freebies,1,₱0.00,₱0.00
77432,Grilled Tuna,Entree,2,₱395.00,₱790.00
77435,Trash Can,Cocktail,1,₱395.00,₱395.00
77435,Mac & Cheese,Pasta,1,₱0.00,₱0.00
77439,Shrimp Po Boy,Burger/Wrap & More,2,₱475.00,₱950.00
77439,Chixsig Nachos,Appetizer,1,₱395.00,₱395.00
77441,Yolo,Shake,2,₱20.00,₱40.00
77441,Kawali Bowl,Entree,1,₱199.00,₱199.00
77445,Salmon Rice,Entree,2,₱665.00,"₱1,330.00"
77445,Mango Shake,Shake,1,₱225.00,₱225.00
77445,Pitcher Classic Mojito,Cocktail,1,₱650.00,₱650.00
77445,Viet Coffee,Coffee,2,₱200.00,₱400.00
77449,Root Beer Float R18,Beer,2,₱325.00,₱650.00
77449,SOP,Pizza,2,₱425.00,₱850.00
77449,Chix Ball Ala Carte,Appetizer,2,₱95.00,₱190.00
77450,Amaretto Sour,Cocktail,1,₱0.00,₱0.00
77450,Spanish Latte,Coffee,2,₱195.00,₱390.00
77450,T.O. Container,Packaging,1,₱20.00,₱20.00
77450,Coke Zero,Drinks,2,₱105.00,₱210.00
77450,Platter Plain Rice,Side Dish,1,₱295.00,₱295.00
77452,Truffle Pasta,Pasta,2,₱485.00,₱970.00
77452,Caesar,Salad,2,₱365.00,₱730.00
77452,Free Pudding,Promos & Freebies,2,₱0.00,₱0.00
77452,Seafood Chowda,Soup,2,₱365.00,₱730.00
77452,Pitcher Red Sangria,Cocktail,1,₱650.00,₱650.00
77454,Ginger Ale,Beer,1,₱115.00,₱115.00
77454,Sausage Diablo,Appetizer,1,₱325.00,₱325.00
77454,Bucket Pilsen,Beer,2,₱600.00,"₱1,200.00"
77454,UTB Burger,Burger/Wrap & More,2,₱425.00,₱850.00
77456,Mac & Cheese,Pasta,2,₱445.00,₱890.00
77456,Happy Hour 595+,Promos & Freebies,2,₱665.00,"₱1,330.00"
77456,Sausage Diablo,Appetizer,1,₱325.00,₱325.00
77456,Caesar,Salad,2,₱365.00,₱730.00
77456,Platter Garlic Rice,Side Dish,2,₱395.00,₱790.00
77457,Honey Lemon J,Drinks,1,₱135.00,₱135.00
77457,Caesar,Salad,2,₱365.00,₱730.00
77457,Banana Peanut Butter,Frappe,1,₱275.00,₱275.00
77457,Baletea,Tea,1,₱615.00,₱615.00
77459,Sisig Rice Bowl,Entree,1,₱450.00,₱450.00
77459,Pork Bowl,Entree,2,₱595.00,"₱1,190.00"
77459,Bread Pudding,Dessert,1,₱215.00,₱215.00
77459,Cerveza Negra,Beer,2,₱150.00,₱300.00
77459,San Mig Light,Beer,1,₱130.00,₱130.00
77461,Warm Poke Bowl,Entree,2,₱625.00,"₱1,250.00"
77461,Tapsi & More,Entree,1,₱425.00,₱425.00
77461,Bunwich Ala UTB,Entree,1,₱375.00,₱375.00
77464,Trash Can,Dessert,2,₱395.00,₱790.00
77464,K. Beef Bowl,Entree,1,₱895.00,₱895.00
77464,Salted Caramel Frappe,Frappe,2,₱255.00,₱510.00
77467,Truffle Parmesan Fries,Appetizer,1,₱325.00,₱325.00
77467,Oxtail Soup,Soup,1,₱795.00,₱795.00
77469,Happy Hour 595+,Promos & Freebies,2,₱665.00,"₱1,330.00"
77469,Coke Regular,Drinks,1,₱105.00,₱105.00
77469,Warm Poke Bowl,Entree,1,₱625.00,₱625.00
77469,Lychee Shake,Shake,2,₱225.00,₱450.00
77469,Cajun Pasta,Pasta,2,₱425.00,₱850.00
77472,Tailgate Ribs,Entree,2,₱595.00,"₱1,190.00"
77472,Cappuccino,Coffee,2,₱185.00,₱370.00
77473,Yolo,Shake,1,₱20.00,₱20.00
77473,Fries,Side Dish,2,₱95.00,₱190.00
77473,Caesar,Salad,2,₱365.00,₱730.00
77477,Free Pudding,Promos & Freebies,2,₱0.00,₱0.00
77477,Chicken & Waffles,Entree,2,₱425.00,₱850.00
77479,Platter Garlic Rice,Side Dish,2,₱395.00,₱790.00
77479,Pinoy Charcuterie,Appetizer,2,₱495.00,₱990.00
77483,Mango Shake,Shake,1,₱225.00,₱225.00
77483,Cerveza Negra,Beer,1,₱150.00,₱150.00
77483,Creme Brulee,Dessert,2,₱245.00,₱490.00
77483,Matchaholic,Matcha,1,₱0.00,₱0.00
77483,Free Pudding,Promos & Freebies,1,₱0.00,₱0.00
77486,Free Pudding,Promos & Freebies,1,₱0.00,₱0.00
77486,Tapsi & More,Entree,1,₱425.00,₱425.00
77486,Salmon Rice,Entree,1,₱665.00,₱665.00
77486,San Mig Light,Beer,2,₱0.00,₱0.00
77489,Tailgate Ribs,Entree,1,₱650.00,₱650.00
77489,Fish Taco,Appetizer,1,₱395.00,₱395.00
77489,Cocoa Wonka,Drinks,2,₱245.00,₱490.00
77491,Trash Can,Cocktail,2,₱395.00,₱790.00
77491,Vodka Sunrise,Cocktail,2,₱305.00,₱610.00
77493,Dirty Matcha,Coffee,1,₱225.00,₱225.00
77493,Ginger Ale,Beer,1,₱115.00,₱115.00
77497,Shrimp Po Boy,Burger/Wrap & More,1,₱455.00,₱455.00
77497,Honey Lemon J,Drinks,1,₱135.00,₱135.00
77497,T.O. Container,Packaging,2,₱20.00,₱40.00
77499,Happy Hour 595+,Promos & Freebies,1,₱665.00,₱665.00
77499,Caramel Macchiato,Coffee,2,₱195.00,₱390.00
77499,Pinoy Charcuterie,Appetizer,1,₱495.00,₱495.00
77499,Chicken & Waffles,Entree,1,₱425.00,₱425.00
77501,Baletea,Tea,1,₱205.00,₱205.00
77501,Garlic Rice,Add-ons,1,₱95.00,₱95.00
77501,Free Pudding,Promos & Freebies,2,₱0.00,₱0.00
77501,Free Pudding,Promos & Freebies,1,₱0.00,₱0.00
77501,Amaretto Sour,Cocktail,2,₱285.00,₱570.00
77505,Matcha Holic,Matcha,1,₱355.00,₱355.00
77505,Salmon Rice,Entree,2,₱665.00,"₱1,330.00"
77505,Corned Beef Plate,Breakfast,2,₱199.00,₱398.00
77505,Green Mango Shake,Shake,2,₱225.00,₱450.00
77505,C3,Drinks,1,₱245.00,₱245.00
77507,Chicken Parm,Entree,1,₱495.00,₱495.00
77507,Truffle Parmesan Fries,Appetizer,1,₱325.00,₱325.00
77507,Cajun Pasta,Pasta,1,₱425.00,₱425.00
77508,Shrimp Po Boy,Burger/Wrap & More,1,₱475.00,₱475.00
77508,Strawberry Basil Mojito,Cocktail,1,₱0.00,₱0.00
77508,Boozy Affogato,Boozy Coffee,2,₱375.00,₱750.00
77508,Salis Curry Steak,Entree,1,₱425.00,₱425.00
77508,Butter Toast,Side Dish,2,₱45.00,₱90.00
77509,Amaretto Sour,Cocktail,2,₱0.00,₱0.00
77509,Breakfast Pudding,Dessert,2,₱199.00,₱398.00
77511,Fish Taco,Appetizer,1,₱395.00,₱395.00
77511,Mango Shake,Shake,2,₱155.00,₱310.00
77512,Latte,Coffee,1,₱205.00,₱205.00
77512,Mango Shake,Shake,2,₱295.00,₱590.00
77514,Marrow Brulee,Appetizer,2,₱365.00,₱730.00
77514,K. Beef Bowl,Entree,2,₱895.00,"₱1,790.00"
77514,Beef Salpicao,Entree,1,₱545.00,₱545.00
77514,Seafood Pesto,Pasta,2,₱495.00,₱990.00
77518,SOP,Pizza,1,₱425.00,₱425.00
77518,Honey-Sriracha Chicken,Entree,1,₱375.00,₱375.00
77518,Strawberry Lychee Shake,Shake,1,₱255.00,₱255.00
77518,Sisig Rice Bowl,Entree,1,₱415.00,₱415.00
77518,Caesar,Salad,2,₱365.00,₱730.00
77522,Salis Curry Steak,Entree,1,₱425.00,₱425.00
77522,San Mig Light,Beer,1,₱0.00,₱0.00
77522,Baletea,Tea,1,₱205.00,₱205.00
77522,Matcha Frappe,Frappe,2,₱255.00,₱510.00
77525,Chixsig Nachos,Appetizer,1,₱395.00,₱395.00
77525,Tailgate Ribs,Entree,2,₱595.00,"₱1,190.00"
77525,Boozy Affogato,Boozy Coffee,1,₱375.00,₱375.00
77525,Strawberry Frappe,Frappe,1,₱255.00,₱255.00
77526,K. Beef Bowl,Entree,2,₱895.00,"₱1,790.00"
77526,Sausage Diablo,Appetizer,1,₱325.00,₱325.00
77526,Mango Shake,Shake,2,₱195.00,₱390.00
77526,Shrimp & Chips,Appetizer,2,₱415.00,₱830.00
77526,T.O. Container,Packaging,1,₱20.00,₱20.00
77530,Shrimp Salpicao,Entree,2,₱415.00,₱830.00
77530,Chicken & Waffles,Entree,2,₱425.00,₱850.00
77530,Sausage Diablo,Appetizer,2,₱325.00,₱650.00
77534,Bunwich Ala UTB,Entree,1,₱375.00,₱375.00
77534,Trash Can,Dessert,1,₱395.00,₱395.00
77623,Chicken Caesar Wrap,Burger/Wrap & More,1,₱425.00,₱425.00
77623,Ginger Ale,Beer,2,₱115.00,₱230.00
77623,Latte,Coffee,1,₱185.00,₱185.00
77623,San Mig Pilsen,Beer,2,₱120.00,₱240.00
77625,Pitcher Red Sangria,Cocktail,2,₱650.00,"₱1,300.00"
77625,Sausage Diablo,Appetizer,2,₱325.00,₱650.00
77625,Shrimp & Chips,Appetizer,1,₱415.00,₱415.00
77625,Beer Peach,Beer,1,₱235.00,₱235.00
77629,Coke Regular,Drinks,2,₱55.00,₱110.00
77629,Honey-Sriracha Chicken,Entree,2,₱375.00,₱750.00
77629,Container,Packaging,1,₱10.00,₱10.00
77632,Green Mango Shake,Shake,1,₱275.00,₱275.00
77632,K. Pork Bowl,Entree,1,₱595.00,₱595.00
77632,Jim Beam Whiskey,Hard Liquor,2,"₱2,600.00","₱5,200.00"
77632,Platter Garlic Rice,Side Dish,1,₱395.00,₱395.00
77636,Banana Peanut Butter,Frappe,2,₱275.00,₱550.00
77636,Free Pudding,Promos & Freebies,2,₱0.00,₱0.00
77636,SOP,Pizza,2,₱425.00,₱850.00
77636,Baletea,Tea,1,₱615.00,₱615.00
77640,Chicken Rice,Entree,2,₱405.00,₱810.00
77640,Platter Garlic Rice,Side Dish,1,₱395.00,₱395.00
77641,Butter Toast,Side Dish,2,₱45.00,₱90.00
77641,Tokwat Porky Pig,Entree,2,₱395.00,₱790.00
77641,C3,Drinks,2,₱245.00,₱490.00
77641,Shrimp Po Boy,Burger/Wrap & More,2,₱475.00,₱950.00
77644,Chicken & Waffles,Entree,2,₱425.00,₱850.00
77644,San Mig Pilsen,Beer,1,₱120.00,₱120.00
77647,Bunwich Ala UTB,Burger/Wrap & More,1,₱375.00,₱375.00
77647,San Mig Pilsen,Beer,1,₱120.00,₱120.00
77648,Baletea,Tea,2,₱615.00,"₱1,230.00"
77648,Sausage Diablo,Appetizer,1,₱325.00,₱325.00
77649,Free Chicharon,Promos & Freebies,2,₱0.00,₱0.00
77649,K. Pork Bowl,Entree,1,₱595.00,₱595.00
77649,San Mig Pilsen,Beer,2,₱120.00,₱240.00
77651,Salis Curry Steak,Entree,2,₱425.00,₱850.00
77651,Sausage Diablo,Appetizer,2,₱325.00,₱650.00
77651,K. Pork Bowl,Entree,1,₱595.00,₱595.00
77654,SOP,Pizza,2,₱425.00,₱850.00
77654,Strawberry Frappe,Frappe,1,₱255.00,₱255.00
77654,Tokwat Porky Pig,Appetizer,1,₱395.00,₱395.00
77654,Grilled Tuna,Entree,1,₱395.00,₱395.00
77654,Cerveza Negra,Beer,2,₱150.00,₱300.00
77657,Salted Caramel Frappe,Frappe,1,₱255.00,₱255.00
77657,Fish Taco,Appetizer,2,₱395.00,₱790.00
77657,Gin & Tonic,Hard Liquor,2,₱345.00,₱690.00
77657,Bucket Pilsen,Beer,2,₱600.00,"₱1,200.00"
77661,Chicken Parm,Entree,1,₱550.00,₱550.00
77661,Murica,Mocktails,1,₱150.00,₱150.00
77661,Fishball Ala Carte,Appetizer,1,₱75.00,₱75.00
77661,Shrimp Po Boy,Burger/Wrap & More,1,₱475.00,₱475.00
77661,Batwan Beef Stew,Entree,1,₱725.00,₱725.00
77662,Free Pudding,Promos & Freebies,1,₱0.00,₱0.00
77662,Salted Caramel Frappe,Frappe,2,₱255.00,₱510.00
77662,Fishball Ala Carte,Appetizer,2,₱75.00,₱150.00
77662,Strawberry Lychee Shake,Shake,2,₱255.00,₱510.00
77664,Baletea,Tea,2,₱205.00,₱410.00
77664,Gochujang Chicken Wrap,Burger/Wrap & More,1,₱425.00,₱425.00
77664,Egg,Add-ons,1,₱40.00,₱40.00
77664,Plain Rice,Add-ons,2,₱65.00,₱130.00
77665,Seafood Chowda,Soup,2,₱365.00,₱730.00
77665,Surf & Turf,Entree,2,"₱1,195.00","₱2,390.00"
77665,Takoyaki,Appetizer,2,₱345.00,₱690.00
77665,Tapsi & More,Entree,1,₱425.00,₱425.00
77666,Tequila Sunrise,Cocktail,2,₱315.00,₱630.00
77666,Chicken Parm,Entree,1,₱550.00,₱550.00
77666,SOP,Pizza,2,₱425.00,₱850.00
77668,Truffle Parmesan Fries,Appetizer,1,₱325.00,₱325.00
77668,Fries,Side Dish,2,₱95.00,₱190.00
77668,Strawberry Lychee Shake,Shake,1,₱255.00,₱255.00
77669,Dynamite Ala Carte,Appetizer,2,₱155.00,₱310.00
77669,Murica,Burger/Wrap & More,2,₱150.00,₱300.00
77671,Seafood Chowda,Soup,1,₱365.00,₱365.00
77671,Kawali Bowl,Entree,1,₱199.00,₱199.00
77671,Chicharon,Appetizer,2,₱145.00,₱290.00
77671,Tokwat Porky Pig,Appetizer,1,₱395.00,₱395.00
77673,Under the Summer Sun,Cocktail,1,₱335.00,₱335.00
77673,Lychee Shake,Shake,2,₱225.00,₱450.00
77676,Chicken Caesar Wrap,Burger/Wrap & More,1,₱425.00,₱425.00
77676,Marrow Brulee,Dessert,2,₱365.00,₱730.00
77676,Chixsig Nachos,Appetizer,2,₱395.00,₱790.00
77676,Sausage Diablo,Appetizer,2,₱325.00,₱650.00
77676,Batwan Beef Stew,Entree,2,₱725.00,"₱1,450.00"
77679,Banana Peanut Butter,Frappe,2,₱275.00,₱550.00
77679,K. Beef Bowl,Entree,2,₱895.00,"₱1,790.00"
77679,Seafood Chowda,Soup,1,₱365.00,₱365.00
77679,Kawali Bowl,Entree,2,₱199.00,₱398.00
77682,Happy Hour 595+,Promos & Freebies,1,₱665.00,₱665.00
77682,Bacon Plate,Breakfast,1,₱199.00,₱199.00
77685,Cajun Pasta,Pasta,2,₱425.00,₱850.00
77685,Latte,Coffee,1,₱185.00,₱185.00
77685,Chixsig Nachos,Appetizer,2,₱395.00,₱790.00
77685,Rootbeer Float,Drinks,2,₱225.00,₱450.00
77685,Tapsi & More,Entree,2,₱425.00,₱850.00
77688,Plain Rice,Add-ons,1,₱65.00,₱65.00
77688,Beef and Shrimp Salpicao,Entree,2,₱895.00,"₱1,790.00"
77688,Viet Coffee,Coffee,1,₱200.00,₱200.00
77688,Fries,Side Dish,1,₱95.00,₱95.00
77690,Tailgate Ribs,Entree,1,₱595.00,₱595.00
77690,Seafood Pesto,Pasta,2,₱495.00,₱990.00
77690,Bunwich Ala UTB,Burger/Wrap & More,2,₱375.00,₱750.00
77690,Glass Bulera,Cocktail,1,₱115.00,₱115.00
77691,Pitcher Red Sangria,Cocktail,2,₱650.00,"₱1,300.00"
77691,Bucket Cerveza Negra,Beer,1,₱750.00,₱750.00
77691,Baletea,Tea,2,₱205.00,₱410.00
77691,K. Beef Bowl,Entree,1,₱895.00,₱895.00
77695,Tapsi & More,Entree,2,₱425.00,₱850.00
77695,Truffle Parmesan Fries,Appetizer,2,₱325.00,₱650.00
77695,Chicken Rice,Entree,1,₱405.00,₱405.00
77699,Chixsig Nachos,Appetizer,1,₱395.00,₱395.00
77699,Kawali Bowl,Entree,1,₱199.00,₱199.00
77701,Tailgate Ribs,Entree,1,₱595.00,₱595.00
77701,Johnnie Walker Black S,Hard Liquor,2,₱195.00,₱390.00
77701,San Mig Pilsen,Beer,2,₱90.00,₱180.00
77701,Egg,Add-ons,2,₱40.00,₱80.00
77704,Mango Shake,Shake,2,₱280.00,₱560.00
77704,Sisig Rice Bowl,Entree,2,₱415.00,₱830.00
77704,Sausage Angel,Appetizer,2,₱325.00,₱650.00
77704,Chicken in a Basket,Appetizer,2,₱395.00,₱790.00
77704,Surf & Turf,Entree,2,"₱1,195.00","₱2,390.00"
77706,Garlic Rice,Add-ons,2,₱95.00,₱190.00
77706,Truffle Pasta,Pasta,2,₱485.00,₱970.00
77706,Pitcher Red Sangria,Cocktail,1,₱650.00,₱650.00
77708,Classic Mojito,Cocktail,1,₱295.00,₱295.00
77708,UTB Burger,Burger/Wrap & More,1,₱425.00,₱425.00
77708,Viet Coffee,Coffee,1,₱195.00,₱195.00
77711,Free Pudding,Promos & Freebies,2,₱0.00,₱0.00
77711,Trash Can,Cocktail,1,₱395.00,₱395.00
77713,Mango Shake,Shake,1,₱180.00,₱180.00
77713,Green Mango Shake,Shake,2,₱225.00,₱450.00
77716,Kawali Bowl,Entree,1,₱199.00,₱199.00
77716,Pinoy Charcuterie,Appetizer,2,₱495.00,₱990.00
77716,Matcha Holic,Matcha,2,₱355.00,₱710.00
77716,K. Beef Bowl,Entree,1,₱895.00,₱895.00
77717,Pitcher Red Sangria,Cocktail,1,₱650.00,₱650.00
77717,Free Chicharon,Promos & Freebies,1,₱0.00,₱0.00
77717,Coke Zero,Drinks,2,₱105.00,₱210.00
77717,Bucket Light,Beer,2,₱650.00,"₱1,300.00"
77720,Mango Shake,Shake,1,₱140.00,₱140.00
77720,Salis Curry Steak,Entree,1,₱425.00,₱425.00
77722,Johnnie Walker Black S,Hard Liquor,1,₱195.00,₱195.00
77722,Bucket Pilsen,Beer,2,₱600.00,"₱1,200.00"
77722,Black Pepper Beef,Appetizer,2,₱585.00,"₱1,170.00"
77722,Sip,Cocktail,2,₱425.00,₱850.00
77723,San Mig Pilsen,Beer,1,₱90.00,₱90.00
77723,T.O. Container,Packaging,1,₱20.00,₱20.00
77723,Gochujang Chicken Wrap,Burger/Wrap & More,2,₱470.00,₱940.00
77723,Seafood Chowda,Soup,2,₱365.00,₱730.00
77723,Boozy Affogato,Boozy Coffee,2,₱375.00,₱750.00
77727,Sip,Cocktail,2,₱425.00,₱850.00
77727,Matcha Holic,Matcha,1,₱355.00,₱355.00
77727,San Mig Pilsen,Beer,1,₱0.00,₱0.00
77728,Superdry,Beer,2,₱0.00,₱0.00
77728,San Mig Super Dry,Beer,1,₱150.00,₱150.00
77728,Viet Coffee,Coffee,1,₱200.00,₱200.00
77731,Bucket Light,Beer,1,₱650.00,₱650.00
77731,Kawali Bowl,Entree,1,₱199.00,₱199.00
77734,Strawberry Lychee Shake,Shake,1,₱255.00,₱255.00
77734,Chicken Rice,Entree,2,₱405.00,₱810.00
77734,Pitcher Classic Mojito,Cocktail,2,₱650.00,"₱1,300.00"
77737,Squash Soup,Soup,2,₱315.00,₱630.00
77737,Root Beer Float R18,Beer,2,₱325.00,₱650.00
77739,Mango Shake,Shake,2,₱145.00,₱290.00
77739,Mac & Cheese,Pasta,2,₱445.00,₱890.00
77739,Chixsig Nachos,Appetizer,1,₱395.00,₱395.00
77741,Schweppes Soda Water,Drinks,2,₱105.00,₱210.00
77741,Gin & Tonic,Hard Liquor,2,₱345.00,₱690.00
77741,Glass Baletea,Tea,2,₱105.00,₱210.00
77741,Trash Can,Dessert,1,₱395.00,₱395.00
77741,SOP,Pizza,2,₱425.00,₱850.00
77743,UTB Burger,Burger/Wrap & More,1,₱425.00,₱425.00
77743,Dynamite Ala Carte,Appetizer,2,₱155.00,₱310.00
77745,Salted Caramel Frappe,Frappe,1,₱255.00,₱255.00
77745,Salis Curry Steak,Entree,2,₱425.00,₱850.00
77745,Bread Pudding,Dessert,1,₱215.00,₱215.00
77745,Strawberry Lychee Shake,Shake,2,₱255.00,₱510.00
77745,Bucket Light,Beer,2,₱650.00,"₱1,300.00"
77746,Yolo,Shake,2,₱20.00,₱40.00
77746,Pink Margarita,Cocktail,2,₱325.00,₱650.00
77748,Lychee Shake,Shake,2,₱225.00,₱450.00
77748,Pitcher Classic Mojito,Cocktail,2,₱650.00,"₱1,300.00"
77750,Vodka Sunrise,Cocktail,1,₱305.00,₱305.00
77750,Yolo,Shake,1,₱290.00,₱290.00
77750,Pixiedust,Cocktail,2,₱0.00,₱0.00
77751,Surf & Turf,Entree,2,"₱1,195.00","₱2,390.00"
77751,Truffle Pasta,Pasta,2,₱435.00,₱870.00
77752,Matcha Holic,Matcha,1,₱355.00,₱355.00
77752,Bucket Cerveza Negra,Beer,2,₱750.00,"₱1,500.00"
77752,Chicken in a Basket,Appetizer,2,₱395.00,₱790.00
77752,Lychee Mojito,Cocktail,2,₱355.00,₱710.00
77752,SOP,Pizza,1,₱425.00,₱425.00
77754,SOP,Pizza,2,₱425.00,₱850.00
77754,Salis Curry Steak,Entree,1,₱425.00,₱425.00
77754,Shrimp Salpicao,Entree,1,₱415.00,₱415.00
77754,Tropical White Lady,Mocktails,1,₱355.00,₱355.00
77754,Cerveza Negra,Beer,1,₱150.00,₱150.00
77757,Sausage Diablo,Appetizer,1,₱325.00,₱325.00
77757,C3,Drinks,1,₱245.00,₱245.00
77757,Truffle Parmesan Fries,Appetizer,2,₱325.00,₱650.00
77759,Container,Packaging,2,₱10.00,₱20.00
77759,Fish Be With U,Entree,2,₱795.00,"₱1,590.00"
77759,Chicken Parm,Entree,1,₱495.00,₱495.00
77759,Chicken Parm,Entree,1,₱495.00,₱495.00
77759,Container,Packaging,1,₱10.00,₱10.00
77761,San Mig Light,Beer,1,₱0.00,₱0.00
77761,Free Pudding,Promos & Freebies,2,₱0.00,₱0.00
77761,Cappuccino,Coffee,2,₱185.00,₱370.00
77761,Spanish Latte,Coffee,1,₱195.00,₱195.00
77763,Beef Salpicao,Entree,2,₱545.00,"₱1,090.00"
77763,Bucket Light,Beer,2,₱650.00,"₱1,300.00"
77763,San Mig Pilsen,Beer,1,₱120.00,₱120.00
77763,Seafood Chowda,Soup,1,₱365.00,₱365.00
77764,Fries,Side Dish,2,₱95.00,₱190.00
77764,Baletea,Tea,1,₱205.00,₱205.00
77766,Chicharon,Appetizer,2,₱145.00,₱290.00
77766,Coke Zero,Drinks,1,₱105.00,₱105.00
77766,Free Pudding,Promos & Freebies,1,₱0.00,₱0.00
77768,Seafood Pesto,Pasta,1,₱495.00,₱495.00
77768,Chicken in a Basket,Appetizer,1,₱395.00,₱395.00
77768,Gochujang Chicken Wrap,Burger/Wrap & More,2,₱470.00,₱940.00
77768,Tokwat Porky Pig,Appetizer,2,₱395.00,₱790.00
77768,Pork Bowl,Entree,2,₱595.00,"₱1,190.00"
77770,Lychee Shake,Shake,2,₱225.00,₱450.00
77770,Chicken & Waffles,Entree,2,₱425.00,₱850.00
77770,Corned Beef Plate,Breakfast,1,₱199.00,₱199.00
77771,Viet Coffee,Coffee,1,₱195.00,₱195.00
77771,Chicken Parm,Entree,2,₱495.00,₱990.00
77775,Baletea Freeze,Cocktail,1,₱365.00,₱365.00
77775,Truffle Parmesan Fries,Appetizer,1,₱325.00,₱325.00
77775,Chicken Parm,Entree,1,₱495.00,₱495.00
77775,Gin & Tonic,Hard Liquor,2,₱345.00,₱690.00
77776,T.O. Container,Packaging,1,₱20.00,₱20.00
77776,Truffle Parmesan Fries,Appetizer,2,₱325.00,₱650.00
77776,Sisig Rice Bowl,Entree,1,₱415.00,₱415.00
77776,Gold Fashioned,Cocktail,2,₱290.00,₱580.00
77776,Strawberry Lychee Shake,Shake,1,₱255.00,₱255.00
77778,Mug Root Beer,Beer,2,₱105.00,₱210.00
77778,Cerveza Negra,Beer,2,₱150.00,₱300.00
77778,Bucket Light,Beer,2,₱650.00,"₱1,300.00"
77778,Pink Margarita,Cocktail,1,₱325.00,₱325.00
77778,Viet Coffee,Coffee,2,₱195.00,₱390.00
77782,Fries,Side Dish,2,₱95.00,₱190.00
77782,Platter Garlic Rice,Side Dish,2,₱395.00,₱790.00
77784,Cerveza Negra,Beer,1,₱150.00,₱150.00
77784,Beef and Shrimp Salpicao,Entree,2,₱895.00,"₱1,790.00"
77784,Mango Shake,Shake,2,₱225.00,₱450.00
77784,Lychee Shake,Shake,1,₱225.00,₱225.00
77784,Asian Chicken,Salad,2,₱365.00,₱730.00
77786,Free Pudding,Promos & Freebies,2,₱0.00,₱0.00
77786,Lychee Shake,Shake,1,₱225.00,₱225.00
77786,Chicken & Waffles,Entree,1,₱425.00,₱425.00
77786,San Mig Super Dry,Beer,2,₱150.00,₱300.00
77786,Batwan Beef Stew,Entree,1,₱725.00,₱725.00
77788,Strawberry Latte,Coffee,2,₱215.00,₱430.00
77788,Trash Can,Cocktail,1,₱395.00,₱395.00
77788,Good Morning Sunshine,Breakfast,1,₱199.00,₱199.00
77788,Black Pepper Beef,Appetizer,1,₱525.00,₱525.00
77789,Sisig Rice Bowl,Entree,2,₱345.00,₱690.00
77789,Free Pudding,Promos & Freebies,1,₱0.00,₱0.00
77791,Plain Rice,Add-ons,2,₱65.00,₱130.00
77791,Fries,Side Dish,1,₱95.00,₱95.00
77791,San Mig Light,Beer,2,₱0.00,₱0.00
77791,Yogi Tea,Tea,2,₱0.00,₱0.00
77794,Tokwat Porky Pig,Entree,1,₱395.00,₱395.00
77794,C3,Drinks,1,₱245.00,₱245.00
77794,San Mig Light,Beer,2,₱130.00,₱260.00
77794,Balete Salpicao,Entree,1,₱545.00,₱545.00
77794,Negra,Beer,2,₱0.00,₱0.00
77797,Good Morning Sunshine,Breakfast,2,₱199.00,₱398.00
77797,Marrow Brulee,Appetizer,1,₱365.00,₱365.00
77797,Kawali Bowl,Entree,2,₱199.00,₱398.00
77800,Shrimp Po Boy,Burger/Wrap & More,2,₱455.00,₱910.00
77800,San Mig Light,Beer,1,₱130.00,₱130.00
77803,Bone-In Porkchop,Entree,2,"₱1,095.00","₱2,190.00"
77803,C3,Drinks,1,₱245.00,₱245.00
77805,Free Pudding,Promos & Freebies,1,₱0.00,₱0.00
77805,War Heads,Cocktail,2,₱355.00,₱710.00
77805,Platter Garlic Rice,Side Dish,2,₱395.00,₱790.00
77805,Fries,Side Dish,2,₱95.00,₱190.00
77807,Viet Coffee,Coffee,1,₱200.00,₱200.00
77807,Dynamite Ala Carte,Appetizer,1,₱155.00,₱155.00
77807,Seafood Chowda,Soup,2,₱365.00,₱730.00
77807,Mountain Dew,Drinks,2,₱105.00,₱210.00
77808,UTB Burger,Burger/Wrap & More,1,₱425.00,₱425.00
77808,Salis Curry Steak,Entree,1,₱425.00,₱425.00
77808,Green Mango Shake,Shake,1,₱225.00,₱225.00
77808,Beef Salpicao,Entree,1,₱545.00,₱545.00
77809,Baletea,Tea,2,₱245.00,₱490.00
77809,Kawali Bowl,Entree,1,₱199.00,₱199.00
77811,San Mig Pilsen,Beer,1,₱90.00,₱90.00
77811,Balete Salpicao,Entree,2,₱545.00,"₱1,090.00"
77811,San Mig Pilsen,Beer,1,₱120.00,₱120.00
77811,Caramel Macchiato,Coffee,1,₱195.00,₱195.00
77813,San Mig Light,Beer,1,₱130.00,₱130.00
77813,T.O. Container,Packaging,2,₱20.00,₱40.00
77813,Coke Zero,Drinks,1,₱30.00,₱30.00
77813,Beef Salpicao,Entree,1,₱545.00,₱545.00
77815,Pitcher Red Sangria,Cocktail,1,₱650.00,₱650.00
77815,Viet Coffee,Coffee,2,₱145.00,₱290.00
77815,Happy Hour 595+,Promos & Freebies,2,₱665.00,"₱1,330.00"
77817,Platter Plain Rice,Side Dish,1,₱295.00,₱295.00
77817,Strawberry Lychee Shake,Shake,2,₱255.00,₱510.00
77817,Plain Rice,Add-ons,1,₱65.00,₱65.00
77817,Rootbeer Float Rated G,Drinks,1,₱225.00,₱225.00
77821,Salmon Rice,Entree,2,₱665.00,"₱1,330.00"
77821,Sisig Rice Bowl,Entree,1,₱415.00,₱415.00
77821,Under the Summer Sun,Cocktail,2,₱335.00,₱670.00
77823,Batwan Beef Stew,Entree,2,₱785.00,"₱1,570.00"
77823,Pinoy Charcuterie,Appetizer,2,₱495.00,₱990.00
77823,Coke Zero,Drinks,1,₱105.00,₱105.00
77823,Lychee Mojito,Cocktail,1,₱355.00,₱355.00
77826,Sisig Rice Bowl,Entree,2,₱415.00,₱830.00
77826,Johnnie Walker Black,Hard Liquor,1,₱195.00,₱195.00
77826,Chicken Parm,Entree,2,₱495.00,₱990.00
77826,Pork Sisig,Entree,1,₱345.00,₱345.00
77826,Bucket Assorted,Beer,2,₱750.00,"₱1,500.00"
77830,SOP,Pizza,2,₱425.00,₱850.00
77830,Bucket Light,Beer,1,₱650.00,₱650.00
77832,Latte,Coffee,2,₱185.00,₱370.00
77832,Container,Packaging,1,₱10.00,₱10.00
77833,Caesar,Salad,2,₱365.00,₱730.00
77833,Gin & Tonic,Hard Liquor,2,₱345.00,₱690.00
77833,Warm Poke Bowl,Entree,1,₱625.00,₱625.00
77834,Shrimp Po Boy,Burger/Wrap & More,1,₱475.00,₱475.00
77834,Simple Affogato,Coffee,2,₱245.00,₱490.00
77834,Tapsi & More,Entree,1,₱425.00,₱425.00
77837,Bucket Pilsen,Beer,1,₱600.00,₱600.00
77837,Pinoy Charcuterie,Appetizer,2,₱495.00,₱990.00
77837,Free Pudding,Promos & Freebies,2,₱0.00,₱0.00
77840,Rootbeer Float Rated G,Drinks,2,₱225.00,₱450.00
77840,Green Mango Shake,Shake,2,₱275.00,₱550.00
77840,SOP,Pizza,1,₱425.00,₱425.00
77840,Seafood Pesto,Pasta,1,₱495.00,₱495.00
77840,Hazelnut Macchiato,Coffee,1,₱205.00,₱205.00
77842,Tokwat Porky Pig,Entree,2,₱395.00,₱790.00
77842,K. Pork Bowl,Entree,1,₱595.00,₱595.00
77846,Bucket Light,Beer,1,₱650.00,₱650.00
77846,Sausage Skillet (Angel),Appetizer,2,₱325.00,₱650.00
77846,SOP,Pizza,1,₱425.00,₱425.00
77846,Sisig Rice Bowl,Entree,1,₱415.00,₱415.00
77848,Tailgate Ribs,Entree,1,₱595.00,₱595.00
77848,K3,Others,1,₱245.00,₱245.00
77848,C3,Drinks,1,₱245.00,₱245.00
77848,Pork Sisig,Entree,1,₱345.00,₱345.00
77848,Coke Regular,Drinks,2,₱105.00,₱210.00
77851,Lychee Mojito,Cocktail,1,₱355.00,₱355.00
77851,Butter Toast,Side Dish,2,₱45.00,₱90.00
77851,Seafood Chowda,Soup,1,₱365.00,₱365.00
77851,Happy Hour 595+,Promos & Freebies,2,₱665.00,"₱1,330.00"
77851,San Mig Light,Beer,2,₱0.00,₱0.00
77853,Sausage Diablo,Appetizer,2,₱325.00,₱650.00
77853,Chicken Rice,Entree,2,₱405.00,₱810.00
77854,Chicharon,Appetizer,1,₱145.00,₱145.00
77854,Bday Ice Cream,Dessert,2,₱0.00,₱0.00
77855,Salted Caramel Frappe,Frappe,2,₱255.00,₱510.00
77855,Boozy Affogato,Boozy Coffee,1,₱375.00,₱375.00
77855,Beer Peach,Beer,1,₱0.00,₱0.00
77856,Bunwich Ala UTB,Burger/Wrap & More,2,₱375.00,₱750.00
77856,Chicken Parm,Entree,2,₱495.00,₱990.00
77856,Banana Peanut Butter,Frappe,2,₱275.00,₱550.00
77856,Cerveza Negra,Beer,2,₱150.00,₱300.00
77856,Murica,Entree,2,₱150.00,₱300.00
77857,Free Pudding,Promos & Freebies,2,₱0.00,₱0.00
77857,San Mig Pilsen,Beer,1,₱120.00,₱120.00
77857,Chixsig Nachos,Appetizer,2,₱395.00,₱790.00
77857,Chicken Caesar Wrap,Burger/Wrap & More,1,₱425.00,₱425.00
77859,Shrimp Po Boy,Burger/Wrap & More,2,₱475.00,₱950.00
77859,Johnnie Walker Black,Hard Liquor,2,₱195.00,₱390.00
77860,Sausage Diablo,Appetizer,2,₱325.00,₱650.00
77860,Pink Margarita,Cocktail,2,₱0.00,₱0.00
77861,Free Pudding,Promos & Freebies,1,₱0.00,₱0.00
77861,Strawberry Frappe,Frappe,2,₱255.00,₱510.00
77861,Free Pudding,Promos & Freebies,2,₱0.00,₱0.00
77862,Rootbeer Float Rated G,Drinks,2,₱225.00,₱450.00
77862,Viet Coffee,Coffee,1,₱195.00,₱195.00
77862,Cappuccino,Coffee,2,₱185.00,₱370.00
77863,Tailgate Ribs,Entree,2,₱595.00,"₱1,190.00"
77863,Bucket Assorted,Beer,2,₱750.00,"₱1,500.00"
77863,Boozy Affogato,Boozy Coffee,2,₱375.00,₱750.00
77863,Fishball Ala Carte,Appetizer,1,₱75.00,₱75.00
77864,SOP,Pizza,1,₱425.00,₱425.00
77864,Bone-in PorkChop,Entree,1,"₱1,095.00","₱1,095.00"
77866,Chicken Caesar Wrap,Burger/Wrap & More,2,₱425.00,₱850.00
77866,Banana Peanut Butter,Frappe,1,₱275.00,₱275.00
77866,Mango Shake,Shake,2,₱225.00,₱450.00
77866,Mug Root Beer,Beer,1,₱105.00,₱105.00
77867,Salis Curry Steak,Entree,2,₱425.00,₱850.00
77867,Bucket Pilsen,Beer,1,₱600.00,₱600.00
77867,Mac & Cheese,Pasta,2,₱445.00,₱890.00
77868,Free Chicharon,Promos & Freebies,1,₱0.00,₱0.00
77868,C3,Drinks,1,₱245.00,₱245.00
77869,Vodka Sunrise,Cocktail,2,₱305.00,₱610.00
77869,Fishball Ala Carte,Appetizer,2,₱75.00,₱150.00
77869,SOP,Pizza,1,₱425.00,₱425.00
77870,Strawberry Basil Mojito,Cocktail,1,₱375.00,₱375.00
77870,Bunwich Ala UTB,Burger/Wrap & More,1,₱375.00,₱375.00
77870,Honey-Sriracha Chicken,Salad,2,₱375.00,₱750.00
77870,Salis Curry Steak,Entree,2,₱425.00,₱850.00
77871,Chicken & Waffles,Entree,1,₱425.00,₱425.00
77871,Bucket Light,Beer,2,₱650.00,"₱1,300.00"
77871,Chicken Parm,Entree,1,₱495.00,₱495.00
77871,San Mig Pilsen,Beer,2,₱120.00,₱240.00
77871,Cerveza Negra,Beer,1,₱150.00,₱150.00
77872,Egg,Add-ons,2,₱40.00,₱80.00
77872,Truffle Pasta,Pasta,2,₱435.00,₱870.00
77872,Tapsi & More,Entree,1,₱425.00,₱425.00
77872,Kawali Bowl,Entree,1,₱199.00,₱199.00
77872,Green Mango Shake,Shake,2,₱225.00,₱450.00
77874,Pork Bowl,Entree,2,₱595.00,"₱1,190.00"
77874,Egg,Add-ons,2,₱40.00,₱80.00
77875,Surf & Turf,Entree,2,"₱1,195.00","₱2,390.00"
77875,Salted Caramel Frappe,Frappe,1,₱255.00,₱255.00
77876,Truffle Pasta,Pasta,2,₱435.00,₱870.00
77876,Corned Beef Plate,Breakfast,2,₱199.00,₱398.00
77876,Dynamite Ala Carte,Appetizer,2,₱155.00,₱310.00
77876,Jim Beam Whiskey,Hard Liquor,2,"₱2,600.00","₱5,200.00"
77877,Mac & Cheese,Pasta,1,₱0.00,₱0.00
77877,Baletea,Tea,1,₱205.00,₱205.00
77877,Glass Baletea,Tea,1,₱105.00,₱105.00
77877,K3,Others,1,₱245.00,₱245.00
77878,Viet Coffee,Coffee,2,₱195.00,₱390.00
77878,San Mig Pilsen,Beer,1,₱120.00,₱120.00
77878,Amaretto Sour,Cocktail,1,₱0.00,₱0.00
77878,Mango Shake,Shake,1,₱280.00,₱280.00
77878,Spanish Latte,Coffee,2,₱195.00,₱390.00
77879,San Mig Pilsen,Beer,2,₱0.00,₱0.00
77879,Matcha Frappe,Frappe,2,₱255.00,₱510.00
77879,Butter Toast,Side Dish,1,₱45.00,₱45.00
77881,Glass Bulera,Cocktail,2,₱115.00,₱230.00
77881,Johnnie Walker Black S,Hard Liquor,1,₱195.00,₱195.00
77881,San Mig Light,Beer,2,₱130.00,₱260.00
77881,Boozy Affogato,Boozy Coffee,1,₱375.00,₱375.00
77882,Beef and Shrimp Salpicao,Entree,1,₱895.00,₱895.00
77882,Strawberry Latte,Coffee,1,₱215.00,₱215.00
77882,Mango Shake,Shake,1,₱240.00,₱240.00
77882,Seafood Chowda,Soup,1,₱365.00,₱365.00
77882,SOP,Pizza,1,₱425.00,₱425.00
77883,Butter Toast,Side Dish,2,₱45.00,₱90.00
77883,Tokwat Porky Pig,Entree,1,₱395.00,₱395.00
77883,Bunwich Ala UTB,Entree,2,₱375.00,₱750.00
77885,Pitcher Red Sangria,Cocktail,2,₱650.00,"₱1,300.00"
77885,Viet Coffee,Coffee,1,₱200.00,₱200.00
77885,Grilled Tuna,Entree,2,₱395.00,₱790.00
77885,Chixsig Nachos,Appetizer,2,₱395.00,₱790.00
77885,Baletea,Tea,2,₱205.00,₱410.00
77886,Batwan Beef Stew,Entree,1,₱725.00,₱725.00
77886,Container,Packaging,2,₱10.00,₱20.00
77887,Seafood Chowda,Soup,2,₱365.00,₱730.00
77887,Honey-Sriracha Chicken,Entree,1,₱375.00,₱375.00
77887,Mango Shake,Shake,2,₱195.00,₱390.00
77888,Hazelnut Macchiato,Coffee,2,₱205.00,₱410.00
77888,Matcha Holic,Matcha,1,₱355.00,₱355.00
77888,Bunwich Ala UTB,Burger/Wrap & More,1,₱375.00,₱375.00
77889,Mac & Cheese,Pasta,2,₱445.00,₱890.00
77889,Bday Ice Cream,Dessert,2,₱0.00,₱0.00
77890,Murica,Coffee,2,₱150.00,₱300.00
77890,Simple Affogato,Coffee,1,₱245.00,₱245.00
77890,Mango Shake,Shake,2,₱225.00,₱450.00
77890,Latte,Coffee,1,₱185.00,₱185.00
77891,Trash Can,Dessert,1,₱395.00,₱395.00
77891,Baletea Freeze,Cocktail,1,₱365.00,₱365.00
77891,Tailgate Ribs,Entree,2,₱595.00,"₱1,190.00"
77893,Pink Margarita,Cocktail,2,₱0.00,₱0.00
77893,Free Pudding,Promos & Freebies,1,₱0.00,₱0.00
77893,Chicken in a Basket,Appetizer,1,₱395.00,₱395.00
77893,Honey Lemon J,Drinks,1,₱135.00,₱135.00
77893,Salmon Rice,Entree,2,₱665.00,"₱1,330.00"
77894,Cajun Pasta,Pasta,1,₱425.00,₱425.00
77894,Coke Zero,Drinks,2,₱30.00,₱60.00
77894,Bellagio Mochaccino,Coffee,2,₱225.00,₱450.00
77894,Mac & Cheese,Pasta,1,₱0.00,₱0.00
77894,Cajun Pasta,Pasta,1,₱425.00,₱425.00
77895,Coke Regular,Drinks,1,₱105.00,₱105.00
77895,San Mig Light,Beer,1,₱130.00,₱130.00
77896,Coke Regular,Drinks,2,₱105.00,₱210.00
77896,Honey-Sriracha Chicken,Entree,2,₱375.00,₱750.00
77896,Gochujang Chicken Wrap,Burger/Wrap & More,2,₱425.00,₱850.00
77896,Grilled Tuna,Entree,1,₱395.00,₱395.00
77898,Banana Peanut Butter,Frappe,1,₱275.00,₱275.00
77898,Classic Mojito,Cocktail,2,₱295.00,₱590.00
77899,Sausage Angel,Appetizer,2,₱325.00,₱650.00
77899,Mango Shake,Shake,1,₱145.00,₱145.00
77899,Truffle Shuffle,Pasta,1,₱435.00,₱435.00
77899,San Mig Super Dry,Beer,2,₱150.00,₱300.00
77899,Chicken in a Basket,Appetizer,1,₱395.00,₱395.00
77901,Yolo,Shake,1,₱255.00,₱255.00
77901,Salis Curry Steak,Entree,2,₱425.00,₱850.00
77901,Baletea,Tea,2,₱130.00,₱260.00
77901,SOP,Pizza,1,₱425.00,₱425.00
77901,Bucket Superdry,Beer,2,₱750.00,"₱1,500.00"
77902,Tropical White Lady,Mocktails,2,₱355.00,₱710.00
77902,Honey-Sriracha Chicken,Entree,2,₱375.00,₱750.00
77902,Jim Beam Whiskey,Hard Liquor,1,"₱2,600.00","₱2,600.00"
77903,Mac & Cheese,Pasta,2,₱445.00,₱890.00
77903,Mango Shake,Shake,2,₱240.00,₱480.00
77903,Shrimp & Chips,Appetizer,2,₱415.00,₱830.00
77903,Plain Rice,Add-ons,2,₱65.00,₱130.00
77904,Dynamite Ala Carte,Appetizer,2,₱155.00,₱310.00
77904,Plain Rice,Add-ons,1,₱65.00,₱65.00
77904,Truffle Pasta,Pasta,2,₱435.00,₱870.00
77904,Johnnie Walker Black,Hard Liquor,2,₱195.00,₱390.00
77905,Tailgate Ribs,Entree,1,₱650.00,₱650.00
77905,Extra Espresso Shot,Coffee,1,₱95.00,₱95.00
77906,Coke Zero,Drinks,1,₱105.00,₱105.00
77906,Baletea Freeze,Cocktail,1,₱365.00,₱365.00
77907,Fish Taco,Appetizer,1,₱395.00,₱395.00
77907,Beer Caramel,Beer,1,₱235.00,₱235.00
77907,Trash Can,Cocktail,1,₱395.00,₱395.00
77909,Lychee Shake,Shake,1,₱225.00,₱225.00
77909,San Mig Pilsen,Beer,1,₱90.00,₱90.00
77909,Cerveza Negra,Beer,1,₱150.00,₱150.00
77909,Chicken Rice,Entree,1,₱405.00,₱405.00
77909,Fish Taco,Appetizer,1,₱395.00,₱395.00
77910,Lychee Shake,Shake,2,₱225.00,₱450.00
77910,Johnnie Walker Black,Hard Liquor,2,₱195.00,₱390.00
77911,Lychee Shake,Shake,2,₱225.00,₱450.00
77911,Eves Apple,Mocktails,1,₱295.00,₱295.00
77911,San Mig Light,Beer,1,₱130.00,₱130.00
77911,Green Mango Shake,Shake,1,₱225.00,₱225.00
77911,Sausage Diablo,Appetizer,1,₱325.00,₱325.00
77912,Mac & Cheese,Pasta,1,₱445.00,₱445.00
77912,Pork Bowl,Entree,1,₱595.00,₱595.00
77912,Takoyaki,Appetizer,1,₱345.00,₱345.00
77913,Coke Regular,Drinks,2,₱55.00,₱110.00
77913,Chix Ball Ala Carte,Appetizer,2,₱95.00,₱190.00
77913,K. Beef Bowl,Entree,1,₱895.00,₱895.00
77915,Chicken Parm,Entree,2,₱495.00,₱990.00
77915,Yolo,Shake,2,₱255.00,₱510.00
77917,Baletea,Tea,1,₱205.00,₱205.00
77917,Beef Salpicao,Entree,1,₱545.00,₱545.00
77917,Bone-In Porkchop,Entree,1,"₱1,095.00","₱1,095.00"
77917,K. Beef Bowl,Entree,2,₱895.00,"₱1,790.00"
77918,Pinoy Charcuterie,Appetizer,1,₱495.00,₱495.00
77918,Tapsi & More,Entree,2,₱425.00,₱850.00
77918,K. Pork Bowl,Entree,2,₱595.00,"₱1,190.00"
77918,Vegetable Arrabbiata,Pasta,2,₱415.00,₱830.00
77919,Mac & Cheese,Pasta,2,₱445.00,₱890.00
77919,SOP,Pizza,2,₱425.00,₱850.00
77919,Sausage Skillet (Angel),Appetizer,1,₱325.00,₱325.00
77919,C3,Drinks,1,₱245.00,₱245.00
77920,Warm Poke Bowl,Entree,2,₱625.00,"₱1,250.00"
77920,Truffle Parmesan Fries,Appetizer,1,₱325.00,₱325.00
77921,Shrimp & Chips,Appetizer,1,₱415.00,₱415.00
77921,Warm Poke Bowl,Entree,1,₱625.00,₱625.00
77922,Good Morning Sunshine,Breakfast,2,₱199.00,₱398.00
77922,Coke Regular,Drinks,2,₱45.00,₱90.00
77922,Xtra Scoop Ice Cream,Dessert,2,₱65.00,₱130.00
77924,San Mig Pilsen,Beer,2,₱0.00,₱0.00
77924,Tapsi & More,Entree,2,₱425.00,₱850.00
77925,Baletea,Tea,1,₱205.00,₱205.00
77925,Matchalicious,Matcha,1,₱255.00,₱255.00
77926,Free Chicharon,Promos & Freebies,1,₱0.00,₱0.00
77926,Butter Toast,Side Dish,1,₱45.00,₱45.00
77926,UTB Burger,Burger/Wrap & More,1,₱425.00,₱425.00
77927,Plain Rice,Add-ons,1,₱65.00,₱65.00
77927,Container,Packaging,1,₱10.00,₱10.00
77927,UTB Burger,Burger/Wrap & More,1,₱425.00,₱425.00
77928,Mac & Cheese,Pasta,2,₱0.00,₱0.00
77928,Chicken Rice,Entree,2,₱405.00,₱810.00
77928,San Mig Pilsen,Beer,1,₱120.00,₱120.00
77928,Sausage Skillet (Angel),Appetizer,1,₱325.00,₱325.00
77928,Chicken in a Basket,Appetizer,2,₱395.00,₱790.00
77929,Truffle Pasta,Pasta,1,₱435.00,₱435.00
77929,Chix Ball Ala Carte,Appetizer,1,₱95.00,₱95.00
77929,Chixsig Nachos,Appetizer,1,₱395.00,₱395.00
77931,Jim Beam Whiskey,Hard Liquor,1,"₱2,600.00","₱2,600.00"
77931,Chicken & Waffles,Entree,2,₱425.00,₱850.00
77931,Coke Zero,Drinks,1,₱105.00,₱105.00
77931,Matcha Holic,Matcha,2,₱355.00,₱710.00
77932,K. Beef Bowl,Entree,2,₱895.00,"₱1,790.00"
77932,Corned Beef Plate,Breakfast,1,₱199.00,₱199.00
77932,Seafood Pesto,Pasta,1,₱495.00,₱495.00
77932,Strawberry Lychee Shake,Shake,1,₱255.00,₱255.00
77933,Happy Hour 595+,Promos & Freebies,2,₱665.00,"₱1,330.00"
77933,Salted Caramel Frappe,Frappe,2,₱255.00,₱510.00
77933,Classic Mojito,Cocktail,2,₱295.00,₱590.00
77933,Chicken Rice,Entree,1,₱405.00,₱405.00
77934,Pitcher Classic Mojito,Cocktail,1,₱650.00,₱650.00
77934,Butter Toast,Side Dish,2,₱45.00,₱90.00
77935,Pitcher Red Sangria,Cocktail,1,₱650.00,₱650.00
77935,Vegetable Arrabbiata,Pasta,2,₱415.00,₱830.00
77935,Honey-Sriracha Chicken,Salad,2,₱375.00,₱750.00
77935,Batwan Beef Stew,Entree,1,₱725.00,₱725.00
77937,Free Pudding,Promos & Freebies,2,₱0.00,₱0.00
77937,Baletea,Tea,1,₱130.00,₱130.00
77938,Bucket Superdry,Beer,2,₱750.00,"₱1,500.00"
77938,Matcha Frappe,Frappe,1,₱255.00,₱255.00
77939,Lychee Berry Margarita,Cocktail,1,₱355.00,₱355.00
77939,Beer Peach,Beer,1,₱235.00,₱235.00
77939,Trash Can,Dessert,2,₱395.00,₱790.00
77941,Cocoa Wonka,Drinks,2,₱245.00,₱490.00
77941,Lychee Shake,Shake,1,₱225.00,₱225.00
77941,Marrow Brulee,Dessert,1,₱365.00,₱365.00
77941,K. Pork Bowl,Entree,2,₱595.00,"₱1,190.00"
77942,Shrimp & Chips,Appetizer,2,₱415.00,₱830.00
77942,Vodka Sunrise,Cocktail,2,₱305.00,₱610.00
77942,Truffle Parmesan Fries,Appetizer,2,₱325.00,₱650.00
77942,Bread Pudding,Dessert,2,₱215.00,₱430.00
77943,Fish Taco,Appetizer,1,₱395.00,₱395.00
77943,Lychee Mojito,Cocktail,1,₱355.00,₱355.00
77943,Red Sangria,Cocktail,2,₱345.00,₱690.00
77943,Honey-Sriracha Chicken,Entree,1,₱375.00,₱375.00
77943,Strawberry Basil Mojito,Cocktail,1,₱375.00,₱375.00
77945,Truffle Parmesan Fries,Appetizer,1,₱325.00,₱325.00
77945,Sausage Angel,Appetizer,2,₱325.00,₱650.00
77945,Eyogi Tea,Tea,2,₱125.00,₱250.00
77946,Sausage Diablo,Appetizer,2,₱325.00,₱650.00
77946,Chicken in a Basket,Appetizer,2,₱395.00,₱790.00
77946,Surf & Turf,Entree,2,"₱1,195.00","₱2,390.00"
77946,Fish Be With U,Entree,2,₱795.00,"₱1,590.00"
77947,SOP,Pizza,1,₱425.00,₱425.00
77947,Platter Plain Rice,Side Dish,1,₱295.00,₱295.00
77947,Takoyaki,Appetizer,1,₱345.00,₱345.00
77947,Marrow Brulee,Dessert,2,₱365.00,₱730.00
77948,Takoyaki,Appetizer,1,₱345.00,₱345.00
77948,Amaretto Sour,Cocktail,2,₱0.00,₱0.00
77948,Cerveza Negra,Beer,2,₱150.00,₱300.00
77950,Murica,Mocktails,2,₱150.00,₱300.00
77950,Mango Shake,Shake,2,₱140.00,₱280.00
77950,Salis Curry Steak,Entree,2,₱425.00,₱850.00
77950,Schweppes Soda Water,Drinks,2,₱105.00,₱210.00
77950,Mango Shake,Shake,1,₱165.00,₱165.00
77951,Rootbeer Float,Drinks,2,₱225.00,₱450.00
77951,Black Pepper Beef,Appetizer,1,₱585.00,₱585.00
77951,Tokwat Porky Pig,Appetizer,2,₱395.00,₱790.00
77951,Seafood Chowda,Soup,1,₱365.00,₱365.00
77951,Ginger Ale,Beer,1,₱115.00,₱115.00
77952,Thai Shrimp,Entree,1,₱425.00,₱425.00
77952,Creme Brulee,Dessert,1,₱245.00,₱245.00
77952,Tailgate Ribs,Entree,2,₱595.00,"₱1,190.00"
77953,C3,Drinks,1,₱245.00,₱245.00
77953,Chicken Parm,Entree,1,₱495.00,₱495.00
77955,Coke Zero,Drinks,1,₱105.00,₱105.00
77955,Lychee Berry Margarita,Cocktail,2,₱355.00,₱710.00
77955,Coke Regular,Drinks,1,₱105.00,₱105.00
77956,Ginger Ale,Beer,1,₱115.00,₱115.00
77956,Mango Shake,Shake,2,₱225.00,₱450.00
77956,Strawberry Frappe,Frappe,2,₱255.00,₱510.00
77956,Pinoy Charcuterie,Appetizer,2,₱495.00,₱990.00
77956,Mac & Cheese,Pasta,2,₱445.00,₱890.00
77958,Murica,Entree,1,₱150.00,₱150.00
77958,Bunwich Ala UTB,Burger/Wrap & More,2,₱375.00,₱750.00
77959,Chicken Rice,Entree,1,₱405.00,₱405.00
77959,Bunwich Ala UTB,Entree,2,₱375.00,₱750.00
77959,Sausage Diablo,Appetizer,1,₱325.00,₱325.00
77959,Lychee Berry Margarita,Cocktail,1,₱355.00,₱355.00
77960,Boozy Affogato,Boozy Coffee,2,₱375.00,₱750.00
77960,Boozy Affogato,Boozy Coffee,2,₱375.00,₱750.00
77960,Baletea,Tea,2,₱245.00,₱490.00
77960,Free Pudding,Promos & Freebies,1,₱0.00,₱0.00
77961,Kikiam Ala Carte,Appetizer,2,₱85.00,₱170.00
77961,Tailgate Ribs,Entree,1,₱595.00,₱595.00
77961,Bday Ice Cream,Dessert,2,₱0.00,₱0.00
77962,Bucket Pilsen,Beer,1,₱600.00,₱600.00
77962,Gin & Tonic,Hard Liquor,1,₱345.00,₱345.00
77962,Pork Sisig,Entree,2,₱345.00,₱690.00
77963,Bday Ice Cream,Dessert,1,₱0.00,₱0.00
77963,Happy Hour 595+,Promos & Freebies,2,₱665.00,"₱1,330.00"
77963,Chicken Parm,Entree,2,₱495.00,₱990.00
77963,Pork Bowl,Entree,2,₱595.00,"₱1,190.00"
77963,Salted Caramel Frappe,Frappe,2,₱255.00,₱510.00
77964,San Mig Pilsen,Beer,1,₱0.00,₱0.00
77964,San Mig Light,Beer,1,₱130.00,₱130.00
77965,Beef and Shrimp Salpicao,Entree,1,₱895.00,₱895.00
77965,Fishball Ala Carte,Appetizer,2,₱75.00,₱150.00
77966,Bellagio Mochaccino,Coffee,1,₱225.00,₱225.00
77966,Rootbeer Float,Drinks,1,₱225.00,₱225.00
77967,Baletea Freeze,Cocktail,2,₱365.00,₱730.00
77967,Caesar,Salad,2,₱365.00,₱730.00
77967,Balete Salpicao,Entree,1,₱545.00,₱545.00
77969,Tapsi & More,Entree,2,₱425.00,₱850.00
77969,Vanilla Latte,Coffee,1,₱205.00,₱205.00
77971,Thai Shrimp,Entree,2,₱425.00,₱850.00
77971,Tailgate Ribs,Entree,1,₱650.00,₱650.00
77971,Pitcher Red Sangria,Cocktail,1,₱650.00,₱650.00
77971,Viet Coffee,Coffee,2,₱195.00,₱390.00
77972,Salis Curry Steak,Entree,2,₱425.00,₱850.00
77972,Free Pudding,Promos & Freebies,1,₱0.00,₱0.00
77972,Glass Baletea,Tea,2,₱105.00,₱210.00
77972,Cerveza Negra,Beer,1,₱150.00,₱150.00
77972,Bucket Cerveza Negra,Beer,1,₱750.00,₱750.00
77973,Yolo,Shake,2,₱255.00,₱510.00
77973,Coke Regular,Drinks,2,₱105.00,₱210.00
77973,Truffle Parmesan Fries,Appetizer,1,₱325.00,₱325.00
77973,Trash Can,Cocktail,2,₱395.00,₱790.00
77973,Tailgate Ribs,Entree,1,₱595.00,₱595.00
77974,Bucket Pilsen,Beer,2,₱600.00,"₱1,200.00"
77974,Mango Shake,Shake,2,₱165.00,₱330.00
77975,Caesar,Salad,2,₱365.00,₱730.00
77975,Mac & Cheese,Pasta,1,₱0.00,₱0.00
77975,Yolo,Shake,2,₱255.00,₱510.00
77975,Chicken in a Basket,Appetizer,1,₱395.00,₱395.00
77976,San Mig Light,Beer,2,₱130.00,₱260.00
77976,Vegetable Arrabbiata,Pasta,1,₱415.00,₱415.00
77976,Chicken in a Basket,Appetizer,2,₱395.00,₱790.00
77976,Warm Poke Bowl,Entree,1,₱625.00,₱625.00
77977,Shrimp Po Boy,Burger/Wrap & More,2,₱455.00,₱910.00
77977,Viet Coffee,Coffee,2,₱195.00,₱390.00
77978,Banana Peanut Butter,Frappe,1,₱275.00,₱275.00
77978,Asian Chicken,Salad,1,₱365.00,₱365.00
77978,Mac & Cheese,Pasta,2,₱445.00,₱890.00
77978,Beef and Shrimp Salpicao,Entree,2,₱895.00,"₱1,790.00"
77979,Kwek Ala Carte,Appetizer,1,₱155.00,₱155.00
77979,Container,Packaging,1,₱10.00,₱10.00
77979,Coke Regular,Drinks,1,₱45.00,₱45.00
77979,Free Pudding,Promos & Freebies,2,₱0.00,₱0.00
77980,Bone-In Porkchop,Entree,1,"₱1,095.00","₱1,095.00"
77980,Black Pepper Beef,Appetizer,1,₱585.00,₱585.00
77982,Dark Choco Chip Frappe,Frappe,1,₱285.00,₱285.00
77982,Truffle Parmesan Fries,Appetizer,2,₱325.00,₱650.00
77984,Grilled Tuna,Entree,1,₱395.00,₱395.00
77984,Chicken in a Basket,Appetizer,2,₱395.00,₱790.00
77985,Chicken Parm,Entree,1,₱495.00,₱495.00
77985,Glass Bulera,Cocktail,1,₱115.00,₱115.00
77985,Bread Pudding,Dessert,2,₱215.00,₱430.00
77986,Hazelnut Macchiato,Coffee,1,₱205.00,₱205.00
77986,Cajun Pasta,Pasta,1,₱425.00,₱425.00
77986,Free Chicharon,Promos & Freebies,1,₱0.00,₱0.00
77987,Tokwat Porky Pig,Entree,1,₱395.00,₱395.00
77987,Corned Beef Plate,Breakfast,1,₱199.00,₱199.00
77987,Free Pudding,Promos & Freebies,2,₱0.00,₱0.00
77987,Cappuccino,Coffee,1,₱185.00,₱185.00
77988,Mango Shake,Shake,1,₱145.00,₱145.00
77988,Bone-In Porkchop,Entree,2,"₱1,095.00","₱2,190.00"
77988,Surf & Turf,Entree,2,"₱1,195.00","₱2,390.00"
77990,Creme Brulee,Dessert,1,₱245.00,₱245.00
77990,Asian Chicken,Salad,1,₱365.00,₱365.00
77990,UT-Pork Bowl,Entree,2,₱595.00,"₱1,190.00"
77991,Tequila Sunrise,Cocktail,2,₱315.00,₱630.00
77991,K. Pork Bowl,Entree,1,₱595.00,₱595.00
77991,Pork Bowl,Entree,1,₱595.00,₱595.00
77991,Free Pudding,Promos & Freebies,2,₱0.00,₱0.00
77993,Matcha Frappe,Frappe,2,₱255.00,₱510.00
77993,Fish Taco,Appetizer,1,₱395.00,₱395.00
77995,Honey Lemon J,Drinks,1,₱135.00,₱135.00
77995,Corned Beef Plate,Breakfast,2,₱199.00,₱398.00
77995,Salis Curry Steak,Entree,2,₱425.00,₱850.00
77995,Chicken Parm,Entree,2,₱495.00,₱990.00
77995,Corned Beef Plate,Breakfast,1,₱199.00,₱199.00
77996,San Mig Super Dry,Beer,2,₱150.00,₱300.00
77996,Bucket Cerveza Negra,Beer,2,₱750.00,"₱1,500.00"
77996,Caramel Macchiato,Coffee,2,₱0.00,₱0.00
77996,Balete Salpicao,Entree,1,₱545.00,₱545.00
77997,Lychee Berry Margarita,Cocktail,1,₱355.00,₱355.00
77997,Tailgate Ribs,Entree,2,₱595.00,"₱1,190.00"
77997,Shrimp Po Boy,Burger/Wrap & More,2,₱475.00,₱950.00
77997,Chicken Parm,Entree,2,₱550.00,"₱1,100.00"
77997,Tapsi & More,Entree,1,₱425.00,₱425.00
77998,Matcha Holic,Matcha,1,₱355.00,₱355.00
77998,San Mig Pilsen,Beer,2,₱0.00,₱0.00
77999,Cajun Pasta,Pasta,1,₱425.00,₱425.00
77999,Fries,Side Dish,2,₱95.00,₱190.00
77999,Thai Shrimp,Entree,1,₱425.00,₱425.00
77999,Beer Peach,Beer,2,₱0.00,₱0.00
78000,Salis Curry Steak,Entree,2,₱425.00,₱850.00
78000,Salmon Rice,Entree,1,₱665.00,₱665.00
78001,Butter Toast,Side Dish,1,₱45.00,₱45.00
78001,Free Pudding,Promos & Freebies,1,₱0.00,₱0.00
78001,Twerk It,Boozy Coffee,1,₱345.00,₱345.00
78001,Chixsig Nachos,Appetizer,1,₱395.00,₱395.00
78002,Chicken Rice,Entree,1,₱405.00,₱405.00
78002,UTB Burger,Burger/Wrap & More,2,₱425.00,₱850.00
78002,Pitcher Classic Mojito,Cocktail,2,₱650.00,"₱1,300.00"
78002,Bucket Assorted,Beer,1,₱750.00,₱750.00
78004,Pork Sisig,Entree,1,₱345.00,₱345.00
78004,Chicken & Waffles,Entree,1,₱425.00,₱425.00
78005,Caesar,Salad,2,₱365.00,₱730.00
78005,Grilled Tuna,Entree,1,₱395.00,₱395.00
78005,Asian Chicken,Salad,2,₱365.00,₱730.00
78005,Salis Curry Steak,Entree,2,₱425.00,₱850.00
78007,Chicken & Waffles,Entree,1,₱425.00,₱425.00
78007,Bone-in PorkChop,Entree,1,"₱1,095.00","₱1,095.00"
78008,Viet Coffee,Coffee,2,₱200.00,₱400.00
78008,Tokwat Porky Pig,Entree,2,₱395.00,₱790.00
78008,Green Mango Shake,Shake,1,₱275.00,₱275.00
78008,Caesar,Salad,1,₱365.00,₱365.00
78008,Bottled Water,Drinks,2,₱65.00,₱130.00
78009,Pitcher Red Sangria,Cocktail,2,₱650.00,"₱1,300.00"
78009,Sisig Rice Bowl,Entree,2,₱415.00,₱830.00
78009,Gochujang Chicken Wrap,Burger/Wrap & More,2,₱470.00,₱940.00
78010,Batwan Beef Stew,Entree,1,₱785.00,₱785.00
78010,K. Beef Bowl,Entree,1,₱895.00,₱895.00
78010,Chicken in a Basket,Appetizer,2,₱395.00,₱790.00
78011,Chicken in a Basket,Appetizer,1,₱395.00,₱395.00
78011,Salis Curry Steak,Entree,1,₱425.00,₱425.00
78011,Mango Shake,Shake,1,₱225.00,₱225.00
78011,Chicken Caesar Wrap,Burger/Wrap & More,2,₱425.00,₱850.00
78011,Pinoy Charcuterie,Appetizer,1,₱495.00,₱495.00
78012,Salted Caramel Frappe,Frappe,2,₱255.00,₱510.00
78012,Xtra Scoop Ice Cream,Dessert,1,₱65.00,₱65.00
78013,Caesar,Salad,2,₱365.00,₱730.00
78013,Lychee Shake,Shake,1,₱225.00,₱225.00
78013,Cerveza Negra,Beer,2,₱150.00,₱300.00
78014,Taco,Appetizer,1,₱345.00,₱345.00
78014,Bucket Pilsen,Beer,1,₱600.00,₱600.00
78015,Pinoy Charcuterie,Appetizer,1,₱495.00,₱495.00
78015,Kawali Bowl,Entree,2,₱199.00,₱398.00
78015,Bucket Pilsen,Beer,1,₱600.00,₱600.00
78015,Bottled Water,Drinks,2,₱65.00,₱130.00
78016,San Mig Super Dry,Beer,1,₱150.00,₱150.00
78016,San Mig Light,Beer,1,₱0.00,₱0.00
78016,Platter Garlic Rice,Side Dish,1,₱395.00,₱395.00
78016,Bellagio Mochaccino,Coffee,2,₱225.00,₱450.00
78016,Xtra Scoop Ice Cream,Dessert,1,₱65.00,₱65.00
78017,Bucket Superdry,Beer,1,₱750.00,₱750.00
78017,Batwan Beef Stew,Entree,1,₱725.00,₱725.00
78017,Baletea,Tea,2,₱205.00,₱410.00
78017,Fries,Side Dish,1,₱95.00,₱95.00
78017,Caesar,Salad,1,₱365.00,₱365.00
78018,Pork Sisig,Entree,2,₱345.00,₱690.00
78018,Mango Shake,Shake,2,₱240.00,₱480.00
78018,Chicken Parm,Entree,1,₱495.00,₱495.00
78019,Lychee Berry Margarita,Cocktail,2,₱355.00,₱710.00
78019,Creme Brulee,Dessert,2,₱245.00,₱490.00
78019,Chicken Rice,Entree,1,₱405.00,₱405.00
78019,Chicken Parm,Entree,2,₱495.00,₱990.00
78019,Asian Chicken,Salad,2,₱365.00,₱730.00
78021,Honey-Sriracha Chicken,Entree,1,₱375.00,₱375.00
78021,Coke Regular,Drinks,2,₱105.00,₱210.00
78022,Simple Affogato,Coffee,2,₱245.00,₱490.00
78022,C3,Drinks,1,₱245.00,₱245.00
78022,Gochujang Chicken Wrap,Burger/Wrap & More,2,₱470.00,₱940.00
78023,Murica,Coffee,1,₱150.00,₱150.00
78023,Mango Shake,Shake,1,₱240.00,₱240.00
78023,Batwan Beef Stew,Entree,1,₱725.00,₱725.00
78023,Matchalicious,Matcha,1,₱255.00,₱255.00
78024,Lychee Berry Margarita,Cocktail,2,₱355.00,₱710.00
78024,Green Mango Shake,Shake,2,₱225.00,₱450.00
78024,C3,Drinks,2,₱245.00,₱490.00
78024,Plain Rice,Add-ons,2,₱65.00,₱130.00
78024,Salis Curry Steak,Entree,2,₱425.00,₱850.00
78026,Superdry,Beer,2,₱0.00,₱0.00
78026,San Mig Pilsen,Beer,2,₱0.00,₱0.00
78026,Matcha Frappe,Frappe,1,₱255.00,₱255.00
78026,Mango Shake,Shake,2,₱180.00,₱360.00
78026,Truffle Pasta,Pasta,1,₱485.00,₱485.00
78027,Mango Shake,Shake,1,₱180.00,₱180.00
78027,Free Pudding,Promos & Freebies,2,₱0.00,₱0.00
78027,Sop,Pizza,2,₱425.00,₱850.00
78029,Salted Caramel Frappe,Frappe,1,₱255.00,₱255.00
78029,Rootbeer Float Rated G,Drinks,1,₱225.00,₱225.00
78029,Strawberry Lychee Shake,Shake,2,₱255.00,₱510.00
78030,Bunwich Ala UTB,Entree,1,₱375.00,₱375.00
78030,Fries,Side Dish,2,₱95.00,₱190.00
78031,Salted Caramel Frappe,Frappe,1,₱255.00,₱255.00
78031,Latte,Coffee,2,₱205.00,₱410.00
78033,Glass Baletea,Tea,2,₱105.00,₱210.00
78033,Marrow Brulee,Dessert,2,₱365.00,₱730.00
78033,Coke Zero,Drinks,2,₱105.00,₱210.00
78033,Mug Root Beer,Beer,1,₱105.00,₱105.00
78034,Sop,Pizza,1,₱425.00,₱425.00
78034,Salmon Rice,Entree,2,₱665.00,"₱1,330.00"
78034,Chicken & Waffles,Entree,1,₱425.00,₱425.00
78035,Pork Sisig,Entree,2,₱345.00,₱690.00
78035,Boozy Affogato,Boozy Coffee,1,₱375.00,₱375.00
78035,Bucket Pilsen,Beer,1,₱600.00,₱600.00
78035,Warm Poke Bowl,Entree,2,₱625.00,"₱1,250.00"
78037,Tanqueray Gin Shot,Hard Liquor,1,₱190.00,₱190.00
78037,Honey Lemon J,Drinks,1,₱135.00,₱135.00
78037,Matchalicious,Matcha,2,₱255.00,₱510.00
78037,Chicken Rice,Entree,1,₱405.00,₱405.00
78037,Salis Curry Steak,Entree,1,₱425.00,₱425.00
78039,Mango Shake,Shake,2,₱225.00,₱450.00
78039,Yolo,Shake,2,₱20.00,₱40.00
78040,Bone-in PorkChop,Entree,1,"₱1,095.00","₱1,095.00"
78040,Cold Water,Drinks,2,₱65.00,₱130.00
78040,Pinoy Charcuterie,Appetizer,1,₱495.00,₱495.00
78040,Gochujang Chicken Wrap,Burger/Wrap & More,2,₱470.00,₱940.00
78040,BaleteHeat,Cocktail,2,₱0.00,₱0.00
78041,Tanqueray Gin Shot,Hard Liquor,2,₱190.00,₱380.00
78041,Latte,Coffee,2,₱185.00,₱370.00
78042,Cappuccino,Coffee,1,₱185.00,₱185.00
78042,Platter Plain Rice,Side Dish,1,₱295.00,₱295.00
78042,Salis Curry Steak,Entree,1,₱425.00,₱425.00
78042,Simple Affogato,Coffee,2,₱245.00,₱490.00
78044,Murica,Coffee,1,₱150.00,₱150.00
78044,Free Pudding,Promos & Freebies,1,₱0.00,₱0.00
78044,Mango Tapioca,Dessert,2,₱245.00,₱490.00
78045,Bucket Superdry,Beer,1,₱750.00,₱750.00
78045,Mac & Cheese,Pasta,1,₱445.00,₱445.00
78045,Boozy Affogato,Boozy Coffee,2,₱375.00,₱750.00
78045,Happy Hour 595+,Promos & Freebies,1,₱665.00,₱665.00
78046,Fries,Side Dish,2,₱95.00,₱190.00
78046,C3,Drinks,1,₱245.00,₱245.00
78046,San Mig Light,Beer,2,₱130.00,₱260.00
78046,Tokwat Porky Pig,Appetizer,2,₱395.00,₱790.00
78047,Truffle Parmesan Fries,Appetizer,1,₱325.00,₱325.00
78047,Black Pepper Beef,Appetizer,2,₱525.00,"₱1,050.00"
78047,Mango Shake,Shake,1,₱225.00,₱225.00
78048,Bucket Superdry,Beer,2,₱750.00,"₱1,500.00"
78048,Black Pepper Beef,Appetizer,2,₱525.00,"₱1,050.00"
78048,Mango Shake,Shake,1,₱225.00,₱225.00
78049,Baletea Freeze,Cocktail,2,₱365.00,₱730.00
78049,Bucket Pilsen,Beer,1,₱600.00,₱600.00
78049,Free Pudding,Promos & Freebies,2,₱0.00,₱0.00
78049,Pitcher Red Sangria,Cocktail,2,₱650.00,"₱1,300.00"
78050,Trash Can,Cocktail,2,₱395.00,₱790.00
78050,Mac & Cheese,Pasta,2,₱445.00,₱890.00
78051,Green Mango Shake,Shake,1,₱275.00,₱275.00
78051,Negra,Beer,2,₱0.00,₱0.00
78052,Bottled Water,Drinks,1,₱65.00,₱65.00
78052,Plain Rice,Add-ons,1,₱65.00,₱65.00
78052,Salis Curry Steak,Entree,1,₱425.00,₱425.00
78052,Bucket Light,Beer,2,₱650.00,"₱1,300.00"
78053,Chicken in a Basket,Appetizer,2,₱395.00,₱790.00
78053,K3,Others,2,₱245.00,₱490.00
78054,Dirty Matcha,Coffee,1,₱225.00,₱225.00
78054,Bucket Pilsen,Beer,1,₱600.00,₱600.00
78054,Mango Shake,Shake,1,₱225.00,₱225.00
78056,Chixsig Nachos,Appetizer,1,₱395.00,₱395.00
78056,Creme Brulee,Dessert,2,₱245.00,₱490.00
78056,Rootbeer Float Rated G,Drinks,1,₱225.00,₱225.00
78058,Mango Tapioca,Dessert,2,₱245.00,₱490.00
78058,Bucket Light,Beer,1,₱650.00,₱650.00
78058,Coke Regular,Drinks,1,₱105.00,₱105.00
78059,Bread Pudding,Dessert,1,₱215.00,₱215.00
78059,Trash Can,Cocktail,1,₱395.00,₱395.00
78059,Yolo,Shake,2,₱20.00,₱40.00
78061,Container,Packaging,2,₱10.00,₱20.00
78061,Bucket Superdry,Beer,2,₱750.00,"₱1,500.00"
78061,Baletea,Tea,2,₱205.00,₱410.00
78061,Mango Shake,Shake,2,₱225.00,₱450.00
78061,Hazelnut Macchiato,Coffee,2,₱205.00,₱410.00
78062,Fries,Side Dish,2,₱95.00,₱190.00
78062,Matcha Frappe,Frappe,1,₱255.00,₱255.00
78062,Chixsig Nachos,Appetizer,1,₱395.00,₱395.00
78063,Taco,Appetizer,2,₱345.00,₱690.00
78063,Chix Ball Ala Carte,Appetizer,1,₱95.00,₱95.00
78065,Strawberry Basil Mojito,Cocktail,1,₱0.00,₱0.00
78065,Truffle Pasta,Pasta,1,₱435.00,₱435.00
78065,Vodka Sunrise,Cocktail,2,₱305.00,₱610.00
78065,Egg,Add-ons,2,₱40.00,₱80.00
78065,Yolo,Shake,2,₱255.00,₱510.00
78066,Tapsi & More,Entree,1,₱425.00,₱425.00
78066,Egg,Add-ons,1,₱40.00,₱40.00
78066,Grilled Tuna,Entree,2,₱395.00,₱790.00
78066,Balete Salpicao,Entree,1,₱545.00,₱545.00
78066,Trash Can,Cocktail,2,₱395.00,₱790.00
78067,Jim Beam Whiskey,Hard Liquor,2,"₱2,600.00","₱5,200.00"
78067,Salis Curry Steak,Entree,1,₱425.00,₱425.00
78067,Chicken in a Basket,Appetizer,2,₱395.00,₱790.00
78068,Mango Shake,Shake,1,₱225.00,₱225.00
78068,Bellagio Mochaccino,Coffee,1,₱225.00,₱225.00
78068,Chicken in a Basket,Appetizer,1,₱395.00,₱395.00
78070,Dirty Matcha,Coffee,1,₱225.00,₱225.00
78070,Negra,Beer,1,₱0.00,₱0.00
78070,Caesar,Salad,1,₱365.00,₱365.00
78070,Pinoy Charcuterie,Appetizer,1,₱495.00,₱495.00
78070,Truffle Pasta,Pasta,2,₱435.00,₱870.00
78071,Container,Packaging,2,₱10.00,₱20.00
78071,Happy Hour 595+,Promos & Freebies,2,₱665.00,"₱1,330.00"
78071,Beer Peach,Beer,1,₱235.00,₱235.00
78072,Chicken in a Basket,Appetizer,1,₱395.00,₱395.00
78072,Chicken & Waffles,Entree,2,₱425.00,₱850.00
78073,Salis Curry Steak,Entree,1,₱425.00,₱425.00
78073,Mango Shake,Shake,1,₱225.00,₱225.00
78073,Dirty Matcha,Coffee,1,₱225.00,₱225.00
78075,Pinoy Charcuterie,Appetizer,1,₱495.00,₱495.00
78075,Merk TT,Others,2,₱345.00,₱690.00
78075,Dark Choco Chip Frappe,Frappe,1,₱285.00,₱285.00
78075,Strawberry Latte,Coffee,1,₱215.00,₱215.00
78075,Yogi Tea,Tea,2,₱125.00,₱250.00
78077,Johnnie Walker Black S,Hard Liquor,1,₱195.00,₱195.00
78077,Seafood Pesto,Pasta,1,₱495.00,₱495.00
78077,Pitcher Red Sangria,Cocktail,1,₱650.00,₱650.00
78078,Baletea,Tea,1,₱205.00,₱205.00
78078,Ginger Ale,Beer,1,₱115.00,₱115.00
78078,Caesar,Salad,1,₱365.00,₱365.00
78078,San Mig Light,Beer,1,₱130.00,₱130.00
78078,Shrimp Po Boy,Burger/Wrap & More,1,₱455.00,₱455.00
78079,Salis Curry Steak,Entree,1,₱425.00,₱425.00
78079,Bucket Light,Beer,1,₱650.00,₱650.00
78079,Matcha Frappe,Frappe,2,₱255.00,₱510.00
78081,Free Chicharon,Promos & Freebies,1,₱0.00,₱0.00
78081,Creme Brulee,Dessert,1,₱245.00,₱245.00
78082,Free Pudding,Promos & Freebies,1,₱0.00,₱0.00
78082,Container,Packaging,2,₱10.00,₱20.00
78082,Batwan Beef Stew,Entree,1,₱725.00,₱725.00
78084,Bone-In Porkchop,Entree,1,"₱1,095.00","₱1,095.00"
78084,Black Pepper Beef,Appetizer,2,₱525.00,"₱1,050.00"
78085,Cerveza Negra,Beer,2,₱150.00,₱300.00
78085,Fishball Ala Carte,Appetizer,2,₱75.00,₱150.00
78085,K3,Others,1,₱245.00,₱245.00
78085,UTB Burger,Burger/Wrap & More,1,₱425.00,₱425.00
78085,Superdry,Beer,1,₱0.00,₱0.00
78086,Cajun Pasta,Pasta,1,₱425.00,₱425.00
78086,Cerveza Negra,Beer,2,₱150.00,₱300.00
78086,Garlic Rice,Add-ons,2,₱95.00,₱190.00
78086,C3,Drinks,2,₱245.00,₱490.00
78087,Mango Shake,Shake,2,₱165.00,₱330.00
78087,Eyogi Tea,Tea,1,₱125.00,₱125.00
78087,Chicken in a Basket,Appetizer,1,₱395.00,₱395.00
78087,Beef and Shrimp Salpicao,Entree,2,₱895.00,"₱1,790.00"
78088,Dynamite Ala Carte,Appetizer,1,₱155.00,₱155.00
78088,Salmon Rice,Entree,2,₱665.00,"₱1,330.00"
78089,Ginger Ale,Beer,2,₱115.00,₱230.00
78089,Seafood Chowda,Soup,2,₱365.00,₱730.00
78089,Johnnie Walker Black S,Hard Liquor,2,₱195.00,₱390.00
78089,Vegetable Arrabbiata,Pasta,2,₱415.00,₱830.00
78089,Baletea,Tea,2,₱245.00,₱490.00
78090,Pixiedust,Cocktail,2,₱0.00,₱0.00
78090,Oxtail Soup,Soup,1,₱795.00,₱795.00
78090,Chicken in a Basket,Appetizer,1,₱395.00,₱395.00
78092,Mountain Dew,Drinks,1,₱105.00,₱105.00
78092,San Mig Light,Beer,1,₱130.00,₱130.00
78092,Bucket Cerveza Negra,Beer,2,₱750.00,"₱1,500.00"
78093,Cerveza Negra,Beer,2,₱150.00,₱300.00
78093,Good Morning Sunshine,Breakfast,2,₱199.00,₱398.00
78093,Warm Poke Bowl,Entree,2,₱625.00,"₱1,250.00"
78093,Dirty Matcha,Coffee,1,₱225.00,₱225.00
78094,Mango Shake,Shake,1,₱280.00,₱280.00
78094,Squash Soup,Soup,2,₱315.00,₱630.00
78094,Cajun Pasta,Pasta,2,₱425.00,₱850.00
78094,Glass Bulera,Cocktail,2,₱115.00,₱230.00
78094,Bacon Plate,Breakfast,1,₱199.00,₱199.00
78096,Truffle Parmesan Fries,Appetizer,2,₱325.00,₱650.00
78096,Chicken in a Basket,Appetizer,2,₱395.00,₱790.00
78096,Honey Lemon J,Drinks,1,₱135.00,₱135.00
78097,Plain Rice,Add-ons,2,₱65.00,₱130.00
78097,Container,Packaging,1,₱10.00,₱10.00
78098,Glass Baletea,Tea,2,₱105.00,₱210.00
78098,Vegetable Arrabbiata,Pasta,2,₱415.00,₱830.00
78099,Creme Brulee,Dessert,1,₱245.00,₱245.00
78099,Corned Beef Plate,Breakfast,2,₱199.00,₱398.00
78099,Honey Lemon J,Drinks,1,₱135.00,₱135.00
78099,Garlic Rice,Add-ons,2,₱95.00,₱190.00
78099,Fishball Ala Carte,Appetizer,1,₱75.00,₱75.00
78100,Gold Fashioned,Cocktail,2,₱290.00,₱580.00
78100,Seafood Chowda,Soup,1,₱365.00,₱365.00
78100,Tokwat Porky Pig,Entree,1,₱395.00,₱395.00
78101,Grilled Tuna,Entree,1,₱395.00,₱395.00
78101,Gochujang Chicken Wrap,Burger/Wrap & More,1,₱425.00,₱425.00
78104,Beef Salpicao,Entree,1,₱545.00,₱545.00
78104,Chicken in a Basket,Appetizer,1,₱395.00,₱395.00
78104,Pork Sisig,Entree,1,₱345.00,₱345.00
78104,Platter Garlic Rice,Side Dish,1,₱395.00,₱395.00
78104,Coke Zero,Drinks,3,₱105.00,₱315.00
78104,Coke Regular,Drinks,1,₱105.00,₱105.00
78105,Viet Coffee,Coffee,1,₱195.00,₱195.00
78107,Salis Curry Steak,Entree,1,₱425.00,₱425.00
78107,UTB Burger,Burger/Wrap & More,1,₱425.00,₱425.00
78107,Sisig Rice Bowl,Entree,1,₱415.00,₱415.00
78110,Latte,Coffee,1,₱185.00,₱185.00
78112,Caesar,Salad,1,₱365.00,₱365.00
78112,Bunwich Ala UTB,Burger/Wrap & More,1,₱375.00,₱375.00
78113,Chicken in a Basket,Appetizer,1,₱395.00,₱395.00
78113,Black Pepper Beef,Appetizer,1,₱585.00,₱585.00
78113,Seafood Chowda,Soup,1,₱365.00,₱365.00
78113,Chicken Parm,Entree,1,₱550.00,₱550.00
78114,K. Pork Bowl,Entree,1,₱595.00,₱595.00
78117,Mac & Cheese,Pasta,1,₱445.00,₱445.00
78117,Truffle Pasta,Pasta,1,₱435.00,₱435.00
78117,UTB Burger,Burger/Wrap & More,1,₱425.00,₱425.00
78117,Baletea,Tea,1,₱205.00,₱205.00
78120,Bottled Water,Drinks,1,₱65.00,₱65.00
78120,Chicken in a Basket,Appetizer,1,₱395.00,₱395.00
78120,Asian Chicken,Salad,1,₱365.00,₱365.00
78120,Mug Root Beer,Beer,1,₱105.00,₱105.00
78120,Tokwat Porky Pig,Appetizer,1,₱395.00,₱395.00
78120,K. Beef Bowl,Entree,1,₱895.00,₱895.00
78120,Tailgate Ribs,Entree,1,₱595.00,₱595.00
78120,K. Pork Bowl,Entree,1,₱595.00,₱595.00
78120,Plain Rice,Add-ons,1,₱65.00,₱65.00
78122,Pinoy Charcuterie,Appetizer,1,₱495.00,₱495.00
78122,Truffle Parmesan Fries,Appetizer,3,₱325.00,₱975.00
78122,Seafood Chowda,Soup,2,₱365.00,₱730.00
78122,Salis Curry Steak,Entree,1,₱425.00,₱425.00
78122,Tailgate Ribs,Entree,1,₱595.00,₱595.00
78122,Sisig Rice Bowl,Entree,2,₱415.00,₱830.00
78122,Truffle Pasta,Pasta,1,₱435.00,₱435.00
78122,K. Pork Bowl,Entree,1,₱595.00,₱595.00
78122,Mac & Cheese,Pasta,1,₱445.00,₱445.00
78122,Tapsi & More,Entree,1,₱425.00,₱425.00
78122,Salmon Rice,Entree,1,₱665.00,₱665.00
78122,Cajun Pasta,Pasta,1,₱425.00,₱425.00
78122,Shrimp Po Boy,Burger/Wrap & More,2,₱455.00,₱910.00
78122,Yolo,Shake,1,₱255.00,₱255.00
78122,Trash Can,Dessert,1,₱395.00,₱395.00
78122,Viet Coffee,Coffee,1,₱195.00,₱195.00
78122,Coke Regular,Drinks,1,₱105.00,₱105.00
78122,Container,Packaging,6,₱10.00,₱60.00
78123,Yolo,Shake,1,₱255.00,₱255.00
78123,Bucket Pilsen,Beer,1,₱600.00,₱600.00
78123,Dark Choco Chip Frappe,Frappe,1,₱285.00,₱285.00
78123,Free Chicharon,Promos & Freebies,1,₱0.00,₱0.00
78123,Pinoy Charcuterie,Appetizer,1,₱495.00,₱495.00
78126,Shrimp & Chips,Appetizer,1,₱415.00,₱415.00
78126,San Mig Pilsen,Beer,1,₱120.00,₱120.00
78126,Caesar,Salad,1,₱365.00,₱365.00
78126,Chicken Parm,Entree,1,₱495.00,₱495.00
78126,Vegetable Arrabbiata,Pasta,1,₱415.00,₱415.00
78126,UTB Burger,Burger/Wrap & More,1,₱425.00,₱425.00
78126,Warm Poke Bowl,Entree,1,₱625.00,₱625.00
78126,Salis Curry Steak,Entree,1,₱425.00,₱425.00
78126,Plain Rice,Add-ons,1,₱65.00,₱65.00
78126,Creme Brulee,Dessert,1,₱245.00,₱245.00
78126,Mango Tapioca,Dessert,1,₱245.00,₱245.00
78127,Bucket Light,Beer,2,₱650.00,"₱1,300.00"
78127,Free Chicharon,Promos & Freebies,1,₱0.00,₱0.00
78127,Sisig Rice Bowl,Entree,1,₱345.00,₱345.00
78127,Sausage Skillet (Angel),Appetizer,1,₱325.00,₱325.00
78130,Bucket Pilsen,Beer,1,₱600.00,₱600.00
78130,Free Chicharon,Promos & Freebies,1,₱0.00,₱0.00
78130,Beef Salpicao,Entree,1,₱545.00,₱545.00
78131,Bucket Pilsen,Beer,6,₱600.00,"₱3,600.00"
78131,Free Chicharon,Promos & Freebies,3,₱0.00,₱0.00
78131,Tokwat Porky Pig,Appetizer,1,₱395.00,₱395.00
78131,Sausage Diablo,Appetizer,1,₱325.00,₱325.00
78131,Chixsig Nachos,Appetizer,1,₱395.00,₱395.00
78131,Bucket Light,Beer,1,₱650.00,₱650.00
78131,Beef Salpicao,Entree,1,₱545.00,₱545.00
78131,SOP,Pizza,1,₱425.00,₱425.00
78140,Latte,Coffee,1,₱185.00,₱185.00
78140,Salted Caramel Frappe,Frappe,1,₱255.00,₱255.00
78147,Classic Mojito,Cocktail,1,₱295.00,₱295.00
78147,Tokwat Porky Pig,Entree,1,₱395.00,₱395.00
78147,Salmon Rice,Entree,1,₱665.00,₱665.00
78147,Mac & Cheese,Pasta,1,₱445.00,₱445.00
78147,Tailgate Ribs,Entree,1,₱595.00,₱595.00
78147,Container,Packaging,1,₱10.00,₱10.00
78148,Matcha Frappe,Frappe,1,₱255.00,₱255.00
78150,Seafood Chowda,Soup,1,₱365.00,₱365.00
78150,Grilled Tuna,Entree,1,₱395.00,₱395.00
78150,Plain Rice,Add-ons,1,₱65.00,₱65.00
78151,Seafood Chowda,Soup,1,₱365.00,₱355.22
78151,Grilled Tuna,Entree,1,₱395.00,₱384.42
78151,Plain Rice,Add-ons,1,₱65.00,₱65.00
78153,Asian Chicken,Salad,1,₱365.00,₱365.00
78153,Salmon Rice,Entree,2,₱665.00,"₱1,330.00"
78153,Coke Zero,Drinks,1,₱105.00,₱105.00
78155,Salted Caramel Frappe,Frappe,1,₱255.00,₱255.00
78157,Spanish Latte,Coffee,1,₱195.00,₱195.00
78157,Cajun Pasta,Pasta,1,₱425.00,₱425.00
78159,Murica,Coffee,1,₱150.00,₱150.00
78159,Spanish Latte,Coffee,1,₱195.00,₱195.00
78159,Truffle Pasta,Pasta,1,₱435.00,₱435.00
78161,UTB Burger,Burger/Wrap & More,1,₱425.00,₱425.00
78161,Bunwich Ala UTB,Entree,1,₱375.00,₱375.00
78163,Thai Shrimp,Entree,1,₱425.00,₱425.00
78163,Truffle Parmesan Fries,Appetizer,1,₱325.00,₱325.00
78163,K. Beef Bowl,Entree,1,₱895.00,₱895.00
78163,Baletea,Tea,1,₱205.00,₱205.00
78163,Chixsig Nachos,Appetizer,2,₱395.00,₱790.00
78163,Warm Poke Bowl,Entree,1,₱625.00,₱625.00
78163,Coke Zero,Drinks,1,₱105.00,₱105.00
78163,Beef Salpicao,Entree,1,₱545.00,₱545.00
78163,Tokwat Porky Pig,Entree,1,₱395.00,₱395.00
78163,Happy Hour 595+,Promos & Freebies,1,₱665.00,₱665.00
78163,BaleteHeat,Cocktail,1,₱0.00,₱0.00
78163,Amaretto Sour,Cocktail,1,₱0.00,₱0.00
78163,Beer Peach,Beer,1,₱0.00,₱0.00
78166,Green Mango Shake,Shake,1,₱225.00,₱225.00
78166,Murica,Coffee,1,₱150.00,₱150.00
78166,Chicharon,Appetizer,1,₱145.00,₱145.00
78166,Pinoy Charcuterie,Appetizer,1,₱495.00,₱495.00
78166,Sisig Rice Bowl,Entree,1,₱415.00,₱415.00
78166,Tapsi & More,Entree,1,₱425.00,₱425.00
78168,Murica,Coffee,1,₱150.00,₱150.00
78168,Thai Shrimp,Entree,1,₱425.00,₱425.00
78168,Chicken in a Basket,Appetizer,1,₱395.00,₱395.00
78168,K. Pork Bowl,Entree,1,₱595.00,₱595.00
78168,Mac & Cheese,Pasta,1,₱445.00,₱445.00
78169,Container,Packaging,1,₱10.00,₱10.00
78171,Spanish Latte,Coffee,1,₱195.00,₱195.00
78171,Fries,Side Dish,1,₱95.00,₱95.00
78171,Bottled Water,Drinks,2,₱65.00,₱130.00
78171,Beef Salpicao,Entree,1,₱545.00,₱545.00
78171,Black Pepper Beef,Appetizer,1,₱525.00,₱525.00
78173,Pitcher Red Sangria,Cocktail,1,₱650.00,₱650.00
78173,Green Mango Shake,Shake,1,₱275.00,₱275.00
78173,Pinoy Charcuterie,Appetizer,1,₱495.00,₱495.00
78173,Sisig Rice Bowl,Entree,1,₱415.00,₱415.00
78173,Takoyaki,Appetizer,1,₱345.00,₱345.00
78173,Viet Coffee,Coffee,1,₱145.00,₱145.00
78174,Bucket Light,Beer,2,₱650.00,"₱1,300.00"
78174,Free Chicharon,Promos & Freebies,2,₱0.00,₱0.00
78174,Tokwat Porky Pig,Appetizer,1,₱395.00,₱395.00
78174,Seafood Pesto,Pasta,1,₱495.00,₱495.00
78178,Murica,Coffee,1,₱150.00,₱150.00
78178,San Mig Pilsen,Beer,3,₱0.00,₱0.00
78178,Bread Pudding,Dessert,1,₱215.00,₱215.00
78178,Creme Brulee,Dessert,1,₱245.00,₱245.00
78178,Trash Can,Dessert,1,₱395.00,₱395.00
78178,Salis Curry Steak,Entree,1,₱425.00,₱425.00
78178,Chicken & Waffles,Entree,1,₱425.00,₱425.00
78178,Mac & Cheese,Pasta,1,₱0.00,₱0.00
78179,Coke Regular,Drinks,1,₱105.00,₱105.00
78181,San Mig Light,Beer,2,₱130.00,₱260.00
78184,Chixsig Nachos,Appetizer,1,₱395.00,₱395.00
78184,Thai Shrimp,Entree,1,₱425.00,₱425.00
78184,Taco,Appetizer,1,₱345.00,₱345.00
78184,San Mig Light,Beer,4,₱130.00,₱520.00
78185,UTB Burger,Burger/Wrap & More,1,₱425.00,₱425.00
78185,Sisig Rice Bowl,Entree,1,₱450.00,₱450.00
78185,Tapsi & More,Entree,1,₱425.00,₱425.00
78185,Garlic Rice,Add-ons,2,₱95.00,₱190.00
78187,Squash Soup,Soup,1,₱315.00,₱315.00
78187,Taco,Appetizer,1,₱345.00,₱345.00
78187,Chicken Rice,Entree,1,₱405.00,₱405.00
78187,Tailgate Ribs,Entree,1,₱595.00,₱595.00
78187,Salis Curry Steak,Entree,2,₱425.00,₱850.00
78187,Coke Zero,Drinks,1,₱105.00,₱105.00
78188,Chicken & Waffles,Entree,1,₱425.00,₱425.00
78188,Truffle Parmesan Fries,Appetizer,1,₱325.00,₱325.00
78188,Creme Brulee,Dessert,1,₱245.00,₱245.00
78191,Jim Beam Whiskey,Hard Liquor,1,"₱2,600.00","₱2,600.00"
78191,Coke Regular,Drinks,1,₱105.00,₱105.00
78191,Pork Sisig,Entree,1,₱345.00,₱345.00
78191,Plain Rice,Add-ons,1,₱65.00,₱65.00
78192,Jim Beam Whiskey,Hard Liquor,1,"₱2,600.00","₱2,600.00"
78192,Coke Regular,Drinks,1,₱105.00,₱93.75
78192,Pork Sisig,Entree,1,₱345.00,₱308.03
78192,Plain Rice,Add-ons,1,₱65.00,₱65.00
78193,Fish Taco,Appetizer,1,₱395.00,₱395.00
78193,Beef Salpicao,Entree,1,₱545.00,₱545.00
78193,Plain Rice,Add-ons,2,₱65.00,₱130.00
78193,Chicken Rice,Entree,1,₱405.00,₱405.00
78193,Sisig Rice Bowl,Entree,1,₱415.00,₱415.00
78193,K. Pork Bowl,Entree,1,₱595.00,₱595.00
78193,Tailgate Ribs,Entree,1,₱595.00,₱595.00
78197,Grilled Tuna,Entree,1,₱395.00,₱395.00
78197,Tailgate Ribs,Entree,1,₱595.00,₱595.00
78197,Mango Tapioca,Dessert,1,₱245.00,₱245.00
78197,Cerveza Negra,Beer,1,₱150.00,₱150.00
78197,Boozy Affogato,Boozy Coffee,1,₱375.00,₱375.00
78205,K. Pork Bowl,Entree,1,₱595.00,₱595.00
78206,Mango Shake,Shake,1,₱225.00,₱225.00
78206,Fish Taco,Appetizer,1,₱395.00,₱395.00
78207,Baletea,Tea,1,₱205.00,₱205.00
78207,Tailgate Ribs,Entree,1,₱595.00,₱595.00
78207,Plain Rice,Add-ons,2,₱65.00,₱130.00
78207,Container,Packaging,2,₱10.00,₱20.00
78210,UTB Burger,Burger/Wrap & More,2,₱425.00,₱850.00
78211,UTB Burger,Burger/Wrap & More,3,₱425.00,"₱1,275.00"
78211,Honey Lemon J,Drinks,1,₱135.00,₱135.00
78212,San Mig Pilsen,Beer,1,₱120.00,₱120.00
78212,Spanish Latte,Coffee,1,₱195.00,₱195.00
78216,Bone-in PorkChop,Entree,1,"₱1,095.00","₱1,095.00"
78216,Baletea,Tea,1,₱205.00,₱205.00
78216,Thai Shrimp,Entree,1,₱425.00,₱425.00
78216,Mac & Cheese,Pasta,1,₱445.00,₱445.00
78216,Garlic Rice,Add-ons,2,₱95.00,₱190.00
78216,Grilled Tuna,Entree,1,₱395.00,₱395.00
78221,Murica,Burger/Wrap & More,1,₱150.00,₱150.00
78223,K. Pork Bowl,Entree,1,₱595.00,₱595.00
78225,Lychee Shake,Shake,2,₱225.00,₱450.00
78225,Latte,Coffee,1,₱185.00,₱185.00
78225,Murica,Mocktails,2,₱150.00,₱300.00
78225,Bunwich Ala UTB,Burger/Wrap & More,1,₱375.00,₱375.00
78225,Mac & Cheese,Pasta,1,₱445.00,₱445.00
78226,Chicken in a Basket,Appetizer,1,₱395.00,₱395.00
78226,Tokwat Porky Pig,Entree,1,₱395.00,₱395.00
78226,Asian Chicken,Salad,1,₱365.00,₱365.00
78227,Viet Coffee,Coffee,1,₱195.00,₱195.00
78227,Caramel Macchiato,Coffee,1,₱195.00,₱195.00
78227,Bellagio Mochaccino,Coffee,1,₱225.00,₱225.00
78227,Spanish Latte,Coffee,1,₱195.00,₱195.00
78229,Bottled Water,Drinks,1,₱65.00,₱65.00
78229,Seafood Chowda,Soup,1,₱365.00,₱365.00
78229,Tailgate Ribs,Entree,1,₱595.00,₱595.00
78229,Plain Rice,Add-ons,1,₱65.00,₱65.00
78229,Garlic Rice,Add-ons,1,₱95.00,₱95.00
78229,Black Pepper Beef,Appetizer,1,₱525.00,₱525.00
78229,Container,Packaging,1,₱10.00,₱10.00
78229,Dirty Matcha,Coffee,1,₱225.00,₱225.00
78229,Matcha Holic,Matcha,1,₱355.00,₱355.00
78229,Mac & Cheese,Pasta,1,₱445.00,₱445.00
78229,San Mig Super Dry,Beer,1,₱150.00,₱150.00
78231,K. Pork Bowl,Entree,1,₱595.00,₱595.00
78231,Salis Curry Steak,Entree,1,₱425.00,₱425.00
78235,Chixsig Nachos,Appetizer,1,₱395.00,₱395.00
78236,Pitcher Classic Mojito,Cocktail,1,₱650.00,₱650.00
78236,Chicken & Waffles,Entree,1,₱425.00,₱425.00
78236,Chicken Parm,Entree,2,₱495.00,₱990.00
78236,Grilled Tuna,Entree,1,₱395.00,₱395.00
78236,Salis Curry Steak,Entree,1,₱425.00,₱425.00
78236,Creme Brulee,Dessert,1,₱245.00,₱245.00
78237,Baletea,Tea,1,₱205.00,₱205.00
78237,Pitcher Red Sangria,Cocktail,1,₱650.00,₱650.00
78237,Seafood Chowda,Soup,1,₱365.00,₱365.00
78237,Caesar,Salad,1,₱365.00,₱365.00
78237,Thai Shrimp,Entree,1,₱425.00,₱425.00
78237,Beef Salpicao,Entree,1,₱545.00,₱545.00
78237,Grilled Tuna,Entree,1,₱395.00,₱395.00
78237,SOP,Pizza,1,₱425.00,₱425.00
78237,Tailgate Ribs,Entree,1,₱595.00,₱595.00
78237,Vegetable Arrabbiata,Pasta,1,₱415.00,₱415.00
78237,San Mig Light,Beer,2,₱130.00,₱260.00
78237,Plain Rice,Add-ons,1,₱65.00,₱65.00
78237,Creme Brulee,Dessert,1,₱245.00,₱245.00
78237,Mango Tapioca,Dessert,1,₱245.00,₱245.00
78239,Fries,Side Dish,1,₱95.00,₱95.00
78239,Black Pepper Beef,Appetizer,1,₱525.00,₱525.00
78239,Beef and Shrimp Salpicao,Entree,1,₱895.00,₱895.00
78239,Garlic Rice,Add-ons,2,₱95.00,₱190.00
78239,Egg,Add-ons,4,₱40.00,₱160.00
78239,C3,Drinks,1,₱245.00,₱245.00
78244,Fries,Side Dish,1,₱95.00,₱95.00
78244,Mac & Cheese,Pasta,1,₱445.00,₱445.00
78244,Salmon Rice,Entree,1,₱665.00,₱665.00
78244,Egg,Add-ons,1,₱40.00,₱40.00
78244,Honey-Sriracha Chicken,Entree,1,₱375.00,₱375.00
78244,Xtra Scoop Ice Cream,Dessert,1,₱65.00,₱65.00
78249,Bucket Assorted,Beer,6,₱750.00,"₱4,500.00"
78249,Free Chicharon,Promos & Freebies,2,₱0.00,₱0.00
78249,Pork Sisig,Entree,1,₱345.00,₱345.00
78249,Fishball Ala Carte,Appetizer,1,₱75.00,₱75.00
78249,Kikiam Ala Carte,Appetizer,1,₱85.00,₱85.00
78249,Chix Ball Ala Carte,Appetizer,1,₱95.00,₱95.00
78249,Beef Salpicao,Entree,1,₱545.00,₱545.00
78249,Fish Be With U,Entree,1,₱795.00,₱795.00
78249,Grilled Tuna,Entree,1,₱395.00,₱395.00
78249,San Mig Light,Beer,14,₱0.00,₱0.00
78249,San Mig Pilsen,Beer,20,₱0.00,₱0.00
78251,San Mig Super Dry,Beer,2,₱150.00,₱300.00
78251,Sausage Diablo,Appetizer,1,₱325.00,₱325.00
78251,Chicken in a Basket,Appetizer,1,₱395.00,₱395.00
78251,Beef Salpicao,Entree,1,₱545.00,₱545.00
78256,Asian Chicken,Salad,1,₱365.00,₱365.00
78256,Cajun Pasta,Pasta,1,₱425.00,₱425.00
78272,Mango Shake,Shake,1,₱225.00,₱225.00
78272,Matcha Frappe,Frappe,1,₱255.00,₱255.00
78272,Honey-Sriracha Chicken,Entree,1,₱375.00,₱375.00
78272,Beef Salpicao,Entree,1,₱545.00,₱545.00
78272,Plain Rice,Add-ons,2,₱65.00,₱130.00
78272,Mango Tapioca,Dessert,1,₱245.00,₱245.00
78276,Bellagio Mochaccino,Coffee,1,₱225.00,₱225.00
78278,Truffle Parmesan Fries,Appetizer,1,₱325.00,₱325.00
78278,UTB Burger,Burger/Wrap & More,1,₱425.00,₱425.00
78280,Mac & Cheese,Pasta,1,₱445.00,₱445.00
78280,Caesar,Salad,1,₱365.00,₱365.00
78284,Cappuccino,Coffee,1,₱185.00,₱185.00
78284,Pinoy Charcuterie,Appetizer,1,₱495.00,₱495.00
78284,Squash Soup,Soup,3,₱315.00,₱945.00
78284,Caesar,Salad,1,₱365.00,₱365.00
78284,Batwan Beef Stew,Entree,1,₱785.00,₱785.00
78284,Chicken Parm,Entree,1,₱495.00,₱495.00
78284,Truffle Pasta,Pasta,1,₱435.00,₱435.00
78284,Mac & Cheese,Pasta,1,₱445.00,₱445.00
78284,Tailgate Ribs,Entree,1,₱595.00,₱595.00
78284,K. Pork Bowl,Entree,1,₱585.00,₱585.00
78284,Salis Curry Steak,Entree,1,₱425.00,₱425.00
78286,Chicken in a Basket,Appetizer,1,₱395.00,₱395.00
78289,Caesar,Salad,1,₱365.00,₱365.00
78289,Beef Salpicao,Entree,1,₱545.00,₱545.00
78289,Spanish Latte,Coffee,1,₱195.00,₱195.00
78289,Murica,Entree,1,₱150.00,₱150.00
78289,Cajun Pasta,Pasta,1,₱425.00,₱425.00
78289,Container,Packaging,2,₱10.00,₱20.00
78290,Murica,Entree,3,₱150.00,₱450.00
78290,Pinoy Charcuterie,Appetizer,1,₱495.00,₱495.00
78290,Sip,Cocktail,1,₱425.00,₱425.00
78290,Mango Tapioca,Dessert,1,₱245.00,₱245.00
78290,Glass Bulera,Cocktail,1,₱115.00,₱115.00
78292,Mango Shake,Shake,1,₱225.00,₱225.00
78293,Baletea,Tea,1,₱245.00,₱245.00
78293,Truffle Parmesan Fries,Appetizer,1,₱325.00,₱325.00
78293,Sausage Diablo,Appetizer,1,₱360.00,₱360.00
78293,Truffle Pasta,Pasta,1,₱485.00,₱485.00
78293,Gochujang Chicken Wrap,Burger/Wrap & More,1,₱470.00,₱470.00
78295,Schweppes Soda Water,Drinks,1,₱105.00,₱105.00
78295,Caesar,Salad,2,₱365.00,₱730.00
78295,Asian Chicken,Salad,1,₱365.00,₱365.00
78295,Mango Tapioca,Dessert,2,₱245.00,₱490.00
78295,Creme Brulee,Dessert,1,₱245.00,₱245.00
78295,San Mig Pilsen,Beer,2,₱120.00,₱240.00
78295,Extra Espresso Shot,Coffee,2,₱95.00,₱190.00
78295,Vodka Sunrise,Cocktail,2,₱305.00,₱610.00
78295,Bucket Superdry,Beer,1,₱750.00,₱750.00
78295,Free Chicharon,Promos & Freebies,1,₱0.00,₱0.00
78297,Tailgate Ribs,Entree,1,₱595.00,₱595.00
78297,Plain Rice,Add-ons,2,₱65.00,₱130.00
78297,Mango Shake,Shake,2,₱225.00,₱450.00
78299,Salis Curry Steak,Entree,1,₱425.00,₱425.00
78299,Chicken Parm,Entree,1,₱495.00,₱495.00
78299,Creme Brulee,Dessert,1,₱245.00,₱245.00
78301,Caesar,Salad,1,₱365.00,₱365.00
78301,Chicken in a Basket,Appetizer,1,₱395.00,₱395.00
78301,Pinoy Charcuterie,Appetizer,1,₱495.00,₱495.00
78301,Truffle Shuffle,Pasta,1,₱435.00,₱435.00
78301,Tapsi & More,Entree,1,₱425.00,₱425.00
78303,Honey-Sriracha Chicken,Salad,1,₱375.00,₱375.00
78303,Salis Curry Steak,Entree,1,₱425.00,₱425.00
78303,Seafood Pesto,Pasta,1,₱495.00,₱495.00
78303,Matcha Frappe,Frappe,1,₱255.00,₱255.00
78305,Bucket Light,Beer,2,₱650.00,"₱1,300.00"
78305,Free Chicharon,Promos & Freebies,2,₱0.00,₱0.00
78307,Bucket Light,Beer,2,₱650.00,"₱1,300.00"
78307,Free Chicharon,Promos & Freebies,2,₱0.00,₱0.00
78307,Chicken in a Basket,Appetizer,1,₱395.00,₱395.00
78307,San Mig Light,Beer,4,₱130.00,₱520.00
78309,Seafood Pesto,Pasta,1,₱495.00,₱495.00
78309,Truffle Shuffle,Pasta,1,₱435.00,₱435.00
78309,Warm Poke Bowl,Entree,1,₱625.00,₱625.00
78311,Beef Salpicao,Entree,1,₱545.00,₱545.00
78311,UTB Burger,Burger/Wrap & More,1,₱425.00,₱425.00
78311,Salis Curry Steak,Entree,1,₱425.00,₱425.00
78311,Mango Shake,Shake,1,₱225.00,₱225.00
78311,Glass Baletea,Tea,1,₱105.00,₱105.00
78311,Bottled Water,Drinks,1,₱65.00,₱65.00
78315,Bucket Light,Beer,1,₱650.00,₱650.00
78315,Free Chicharon,Promos & Freebies,1,₱0.00,₱0.00
78315,Tokwat Porky Pig,Entree,2,₱395.00,₱790.00
78315,Plain Rice,Add-ons,1,₱65.00,₱65.00
78317,Asian Chicken,Salad,1,₱365.00,₱365.00
78317,Truffle Parmesan Fries,Appetizer,1,₱325.00,₱325.00
78317,Bunwich Ala UTB,Entree,1,₱375.00,₱375.00
78317,Sisig Rice Bowl,Entree,1,₱415.00,₱415.00
78317,Fish Taco,Appetizer,1,₱395.00,₱395.00
78317,Mac & Cheese,Pasta,1,₱445.00,₱445.00
78327,Honey-Sriracha Chicken,Entree,1,₱375.00,₱375.00
78329,Tokwat Porky Pig,Entree,1,₱395.00,₱395.00
78329,C3,Drinks,1,₱245.00,₱245.00
78329,Beef Salpicao,Entree,1,₱545.00,₱545.00
78329,Plain Rice,Add-ons,1,₱65.00,₱65.00
78331,Asian Chicken,Salad,1,₱365.00,₱365.00
78333,Spanish Latte,Coffee,2,₱195.00,₱390.00
78333,Bellagio Mochaccino,Coffee,1,₱225.00,₱225.00
78333,Latte,Coffee,1,₱185.00,₱185.00
78334,Asian Chicken,Salad,1,₱365.00,₱365.00
78334,Fish Be With U,Entree,1,₱795.00,₱795.00
78334,Tailgate Ribs,Entree,1,₱595.00,₱595.00
78334,Plain Rice,Add-ons,1,₱65.00,₱65.00
78334,C3,Drinks,1,₱245.00,₱245.00
78334,Murica,Coffee,2,₱150.00,₱300.00
78334,Bread Pudding,Dessert,1,₱215.00,₱215.00
78336,Mango Tapioca,Dessert,1,₱245.00,₱245.00
78336,Salmon Rice,Entree,1,₱665.00,₱665.00
78337,Murica,Coffee,1,₱150.00,₱150.00
78337,Dark Choco Chip Frappe,Frappe,1,₱285.00,₱285.00
78337,Bread Pudding,Dessert,1,₱215.00,₱215.00
78341,Fish Be With U,Entree,1,₱795.00,₱795.00
78341,Yogi Tea,Tea,1,₱0.00,₱0.00
78341,Plain Rice,Add-ons,1,₱65.00,₱65.00
78345,Bunwich Ala UTB,Burger/Wrap & More,2,₱375.00,₱750.00
78345,Warm Poke Bowl,Entree,1,₱625.00,₱625.00
78345,Tailgate Ribs,Entree,1,₱595.00,₱595.00
78345,Caramel Macchiato,Coffee,1,₱195.00,₱195.00
78345,C3,Drinks,1,₱245.00,₱245.00
78346,Pinoy Charcuterie,Appetizer,1,₱495.00,₱495.00
78346,Pitcher Red Sangria,Cocktail,1,₱650.00,₱650.00
78346,Grilled Tuna,Entree,1,₱395.00,₱395.00
78346,Chixsig Nachos,Appetizer,1,₱395.00,₱395.00
78349,Seafood Chowda,Soup,1,₱365.00,₱365.00
78349,Tailgate Ribs,Entree,1,₱595.00,₱595.00
78349,Green Mango Shake,Shake,1,₱225.00,₱225.00
78353,Trash Can,Dessert,1,₱395.00,₱395.00
78353,Truffle Parmesan Fries,Appetizer,1,₱325.00,₱325.00
78357,Bottled Water,Drinks,1,₱65.00,₱65.00
78357,Salmon Rice,Entree,1,₱665.00,₱665.00
78357,Tailgate Ribs,Entree,1,₱595.00,₱595.00
78357,Garlic Rice,Add-ons,1,₱95.00,₱95.00
78359,Spanish Latte,Coffee,1,₱195.00,₱195.00
78359,Rootbeer Float Rated G,Drinks,1,₱225.00,₱225.00
78359,Cocoa Wonka,Drinks,2,₱245.00,₱490.00
78361,Pinoy Charcuterie,Appetizer,1,₱495.00,₱495.00
78361,C3,Drinks,1,₱245.00,₱245.00
78361,SOP,Pizza,1,₱425.00,₱425.00
78363,Mac & Cheese,Pasta,1,₱445.00,₱445.00
78363,Chicken Rice,Entree,1,₱405.00,₱405.00
78365,Bellagio Mochaccino,Coffee,1,₱225.00,₱225.00
78365,Dark Choco Chip Frappe,Frappe,1,₱285.00,₱285.00
78369,Fish Be With U,Entree,1,₱795.00,₱795.00
78369,Rum & Coke,Cocktail,1,₱225.00,₱225.00
78369,Lychee Berry Margarita,Cocktail,1,₱355.00,₱355.00
78369,Baletea Freeze,Cocktail,1,₱365.00,₱365.00
78369,Strawberry Basil Mojito,Cocktail,1,₱375.00,₱375.00
78369,Pink Margarita,Cocktail,1,₱325.00,₱325.00
78369,Pinoy Charcuterie,Appetizer,1,₱495.00,₱495.00
78369,Chixsig Nachos,Appetizer,1,₱395.00,₱395.00
78369,Tailgate Ribs,Entree,1,₱595.00,₱595.00
78369,Mango Tapioca,Dessert,1,₱245.00,₱245.00
78369,Pitcher Red Sangria,Cocktail,1,₱650.00,₱650.00
78369,Coke Regular,Drinks,1,₱105.00,₱105.00
78369,Pitcher Classic Mojito,Cocktail,1,₱650.00,₱650.00
78369,Kiss of Death,Cocktail,1,₱550.00,₱550.00
78369,Vanilla Latte,Coffee,1,₱205.00,₱205.00
78370,Asian Chicken,Salad,1,₱365.00,₱365.00
78374,Lychee Shake,Shake,2,₱225.00,₱450.00
78374,Chicken & Waffles,Entree,1,₱425.00,₱425.00
78374,Sisig Rice Bowl,Entree,1,₱415.00,₱415.00
78374,San Mig Light,Beer,1,₱130.00,₱130.00
78374,Pinoy Charcuterie,Appetizer,1,₱495.00,₱495.00
78374,Beef Salpicao,Entree,1,₱545.00,₱545.00
78374,Plain Rice,Add-ons,1,₱65.00,₱65.00
78374,Baletea,Tea,1,₱205.00,₱205.00
78374,Murica,Coffee,1,₱150.00,₱150.00
78374,Truffle Pasta,Pasta,1,₱435.00,₱435.00
78375,Twerk It,Boozy Coffee,1,₱345.00,₱345.00
78376,Pinoy Charcuterie,Appetizer,2,₱495.00,₱990.00
78376,Bunwich Ala UTB,Burger/Wrap & More,1,₱375.00,₱375.00
78376,Bucket Assorted,Beer,1,₱750.00,₱750.00
78376,Free Chicharon,Promos & Freebies,1,₱0.00,₱0.00
78376,Strawberry Lychee Shake,Shake,1,₱255.00,₱255.00
78376,Green Mango Shake,Shake,2,₱225.00,₱450.00
78376,C3,Drinks,1,₱245.00,₱245.00
78376,San Mig Light,Beer,2,₱130.00,₱260.00
78376,San Mig Pilsen,Beer,1,₱120.00,₱120.00
78380,Bucket Pilsen,Beer,2,₱600.00,"₱1,200.00"
78380,Free Chicharon,Promos & Freebies,2,₱0.00,₱0.00
78380,Chixsig Nachos,Appetizer,2,₱395.00,₱790.00
78382,Grilled Tuna,Entree,1,₱395.00,₱395.00
78382,Beef Salpicao,Entree,1,₱545.00,₱545.00
78382,Bucket Cerveza Negra,Beer,1,₱750.00,₱750.00
78382,Shrimp & Chips,Appetizer,1,₱415.00,₱415.00
78382,Cerveza Negra,Beer,4,₱150.00,₱600.00
78387,Fish Taco,Appetizer,1,₱395.00,₱395.00
78387,Viet Coffee,Coffee,1,₱195.00,₱195.00
78387,Cajun Pasta,Pasta,1,₱425.00,₱425.00
78389,Mountain Dew,Drinks,1,₱105.00,₱105.00
78389,Caesar,Salad,1,₱365.00,₱365.00
78389,Pinoy Charcuterie,Appetizer,1,₱495.00,₱495.00
78389,Sisig Rice Bowl,Entree,1,₱415.00,₱415.00
78389,Oxtail Soup,Soup,1,₱795.00,₱795.00
78391,K3,Others,1,₱245.00,₱245.00
78391,Chicharon,Appetizer,1,₱145.00,₱145.00
78391,Pinoy Charcuterie,Appetizer,1,₱495.00,₱495.00
78391,Chicken in a Basket,Appetizer,2,₱395.00,₱790.00
78391,Beef and Shrimp Salpicao,Entree,1,₱895.00,₱895.00
78391,Platter Plain Rice,Side Dish,1,₱295.00,₱295.00
78391,Salmon Rice,Entree,1,₱665.00,₱665.00
78391,Coke Regular,Drinks,1,₱105.00,₱105.00
78393,Asian Chicken,Salad,1,₱365.00,₱365.00
78393,Salmon Rice,Entree,1,₱665.00,₱665.00
78393,Tailgate Ribs,Entree,1,₱595.00,₱595.00
78393,Creme Brulee,Dessert,1,₱245.00,₱245.00
78397,Coke Zero,Drinks,1,₱105.00,₱105.00
78397,Bellagio Mochaccino,Coffee,1,₱225.00,₱225.00
78397,SOP,Pizza,1,₱425.00,₱425.00
78397,Seafood Pesto,Pasta,1,₱495.00,₱495.00
78400,UTB Burger,Burger/Wrap & More,1,₱425.00,₱425.00
78400,Chicken & Waffles,Entree,1,₱425.00,₱425.00
78400,Yolo,Shake,1,₱255.00,₱255.00
78402,SOP,Pizza,1,₱425.00,₱425.00
78402,Chixsig Nachos,Appetizer,1,₱395.00,₱395.00
78402,Truffle Parmesan Fries,Appetizer,1,₱325.00,₱325.00
78404,San Mig Light,Beer,4,₱130.00,₱520.00
78404,Bucket Light,Beer,1,₱650.00,₱650.00
78404,Pitcher Red Sangria,Cocktail,1,₱650.00,₱650.00
78404,Free Chicharon,Promos & Freebies,1,₱0.00,₱0.00
78404,Chixsig Nachos,Appetizer,1,₱395.00,₱395.00
78404,Pinoy Charcuterie,Appetizer,1,₱495.00,₱495.00
78406,Chixsig Nachos,Appetizer,1,₱395.00,₱395.00
78406,Truffle Pasta,Pasta,1,₱435.00,₱435.00
78406,UTB Burger,Burger/Wrap & More,1,₱425.00,₱425.00
78408,Truffle Parmesan Fries,Appetizer,2,₱325.00,₱650.00
78408,Chixsig Nachos,Appetizer,1,₱395.00,₱395.00
78408,Chicken Parm,Entree,1,₱495.00,₱495.00
78408,Latte,Coffee,1,₱185.00,₱185.00
78410,Truffle Pasta,Pasta,1,₱435.00,₱435.00
78410,UTB Burger,Burger/Wrap & More,1,₱425.00,₱425.00
78410,Sisig Rice Bowl,Entree,1,₱415.00,₱415.00
78410,Coke Zero,Drinks,1,₱105.00,₱105.00
78412,Salmon Rice,Entree,1,₱665.00,₱665.00
78412,Tailgate Ribs,Entree,1,₱595.00,₱595.00
78414,Matchalicious,Matcha,1,₱255.00,₱255.00
78414,Banana Peanut Butter,Frappe,1,₱275.00,₱275.00
78414,Sisig Rice Bowl,Entree,1,₱415.00,₱415.00
78414,Tapsi & More,Entree,1,₱425.00,₱425.00
78416,Chicken in a Basket,Appetizer,2,₱395.00,₱790.00
78416,Dynamite Ala Carte,Appetizer,1,₱155.00,₱155.00
78416,Happy Hour 595+,Promos & Freebies,1,₱665.00,₱665.00
78416,Plain Rice,Add-ons,1,₱65.00,₱65.00
78416,Mango Tapioca,Dessert,1,₱245.00,₱245.00
78416,Tequila Sunrise,Cocktail,1,₱0.00,₱0.00
78416,Under the Summer Sun,Cocktail,1,₱0.00,₱0.00
78416,Strawberry Basil Mojito,Cocktail,1,₱0.00,₱0.00
78418,Fries,Side Dish,1,₱95.00,₱95.00
78418,Thai Shrimp,Entree,1,₱425.00,₱425.00
78418,Marrow Brulee,Appetizer,1,₱365.00,₱365.00
78418,C3,Drinks,1,₱245.00,₱245.00
78418,Baletea,Tea,1,₱205.00,₱205.00
78418,Bunwich Ala UTB,Entree,1,₱375.00,₱375.00
78418,Chicken Rice,Entree,2,₱405.00,₱810.00
78418,Mac & Cheese,Pasta,2,₱445.00,₱890.00
78418,Salis Curry Steak,Entree,1,₱425.00,₱425.00
78418,Chicken & Waffles,Entree,1,₱425.00,₱425.00
78418,UTB Burger,Burger/Wrap & More,1,₱425.00,₱425.00
78418,Oxtail Soup,Soup,1,₱795.00,₱795.00
78418,Batwan Beef Stew,Entree,1,₱725.00,₱725.00
78418,Mango Tapioca,Dessert,1,₱245.00,₱245.00
78418,Bread Pudding,Dessert,1,₱215.00,₱215.00
78418,Rootbeer Float Rated G,Drinks,1,₱225.00,₱225.00
78420,Chixsig Nachos,Appetizer,1,₱395.00,₱395.00
78420,Grilled Tuna,Entree,1,₱395.00,₱395.00
78420,Chicken Caesar Wrap,Burger/Wrap & More,1,₱425.00,₱425.00
78420,Mac & Cheese,Pasta,1,₱445.00,₱445.00
78420,Tailgate Ribs,Entree,1,₱595.00,₱595.00
78420,Salis Curry Steak,Entree,1,₱425.00,₱425.00
78420,Gold Fashioned,Cocktail,1,₱290.00,₱290.00
78420,Cerveza Negra,Beer,1,₱150.00,₱150.00
78420,Trash Can,Dessert,1,₱395.00,₱395.00
78420,Chicken Rice,Entree,1,₱405.00,₱405.00
78420,Eyogi Tea,Tea,1,₱125.00,₱125.00
78420,Container,Packaging,2,₱10.00,₱20.00
78422,Trash Can,Entree,1,₱395.00,₱395.00
78422,Latte,Coffee,1,₱185.00,₱185.00
78424,Cocoa Wonka,Drinks,1,₱245.00,₱245.00
78426,Bunwich Ala UTB,Entree,1,₱375.00,₱375.00
78426,Honey Lemon J,Drinks,1,₱135.00,₱135.00
78426,Amaretto Sour,Cocktail,1,₱285.00,₱285.00
78428,Honey-Sriracha Chicken,Entree,1,₱375.00,₱375.00
78428,Baletea,Tea,1,₱205.00,₱205.00
78428,UTB Burger,Burger/Wrap & More,1,₱425.00,₱425.00
78428,Tailgate Ribs,Entree,1,₱595.00,₱595.00
78428,Container,Packaging,1,₱10.00,₱10.00
78430,Batwan Beef Stew,Entree,1,₱725.00,₱725.00
78430,Grilled Tuna,Entree,1,₱395.00,₱395.00
78430,Creme Brulee,Dessert,1,₱245.00,₱245.00
78430,Mango Tapioca,Dessert,2,₱245.00,₱490.00
78433,SOP,Pizza,1,₱425.00,₱425.00
78433,Baletea,Tea,1,₱205.00,₱205.00
78433,UTB Burger,Burger/Wrap & More,1,₱425.00,₱425.00
78433,Tailgate Ribs,Entree,1,₱595.00,₱595.00
78433,Chicken Rice,Entree,1,₱405.00,₱405.00
78434,Yolo,Shake,1,₱255.00,₱255.00
78434,Gin & Tonic,Hard Liquor,1,₱345.00,₱345.00
78434,Tailgate Ribs,Entree,1,₱595.00,₱595.00
78434,Salmon Rice,Entree,1,₱665.00,₱665.00
78436,Tailgate Ribs,Entree,1,₱595.00,₱595.00
78436,Plain Rice,Add-ons,1,₱65.00,₱65.00
78436,Oxtail Soup,Soup,1,₱795.00,₱795.00
78436,Mango Shake,Shake,2,₱225.00,₱450.00
78436,Container,Packaging,1,₱10.00,₱10.00
78438,Fries,Side Dish,2,₱95.00,₱190.00
78438,Chixsig Nachos,Appetizer,1,₱395.00,₱395.00
78438,Kwek Ala Carte,Appetizer,1,₱155.00,₱155.00
78438,Salted Caramel Frappe,Frappe,1,₱255.00,₱255.00
78438,Dark Choco Chip Frappe,Frappe,2,₱285.00,₱570.00
78438,Yolo,Shake,1,₱255.00,₱255.00
78441,Beer Caramel,Beer,1,₱235.00,₱235.00
78441,Beer Peach,Beer,1,₱235.00,₱235.00
78441,San Mig Super Dry,Beer,1,₱150.00,₱150.00
78441,Truffle Parmesan Fries,Appetizer,2,₱325.00,₱650.00
78441,Banana Peanut Butter,Frappe,1,₱275.00,₱275.00
78441,Spanish Latte,Coffee,1,₱195.00,₱195.00
78441,Strawberry Frappe,Frappe,1,₱255.00,₱255.00
78441,Cocoa Wonka,Drinks,1,₱245.00,₱245.00
78441,Mango Shake,Shake,1,₱225.00,₱225.00
78441,Bunwich Ala UTB,Entree,1,₱375.00,₱375.00
78442,Seafood Chowda,Soup,1,₱365.00,₱365.00
78442,Baletea,Tea,1,₱205.00,₱205.00
78442,Sisig Rice Bowl,Entree,1,₱415.00,₱415.00
78442,K. Pork Bowl,Entree,1,₱595.00,₱595.00
78445,Tapsi & More,Entree,1,₱425.00,₱425.00
78445,UTB Burger,Burger/Wrap & More,1,₱425.00,₱425.00
78445,Sisig Rice Bowl,Entree,1,₱415.00,₱415.00
78445,Rootbeer Float Rated G,Drinks,1,₱225.00,₱225.00
78446,Bucket Light,Beer,6,₱650.00,"₱3,900.00"
78446,Free Chicharon,Promos & Freebies,6,₱0.00,₱0.00
78446,Pinoy Charcuterie,Appetizer,1,₱495.00,₱495.00
78446,Chixsig Nachos,Appetizer,1,₱395.00,₱395.00
78455,Murica,Coffee,1,₱150.00,₱150.00
78455,Caesar,Salad,1,₱365.00,₱365.00
78455,Batwan Beef Stew,Entree,1,₱725.00,₱725.00
78455,Salmon Rice,Entree,1,₱665.00,₱665.00
78455,Container,Packaging,1,₱10.00,₱10.00
78457,Kawali Bowl,Entree,2,₱199.00,₱398.00
78459,Seafood Chowda,Soup,1,₱365.00,₱365.00
78459,Shrimp & Chips,Appetizer,1,₱415.00,₱415.00
78459,Tailgate Ribs,Entree,1,₱595.00,₱595.00
78459,Truffle Pasta,Pasta,1,₱435.00,₱435.00
78459,Gochujang Chicken Wrap,Burger/Wrap & More,1,₱425.00,₱425.00
78459,Creme Brulee,Dessert,1,₱245.00,₱245.00
78461,Viet Coffee,Coffee,1,₱195.00,₱195.00
78461,Bread Pudding,Dessert,1,₱215.00,₱215.00
78461,Murica,Coffee,1,₱150.00,₱150.00
78463,Spanish Latte,Coffee,1,₱195.00,₱195.00
78463,Latte,Coffee,1,₱185.00,₱185.00
78463,Latte,Coffee,1,₱205.00,₱205.00
78467,Grilled Tuna,Entree,1,₱395.00,₱395.00
78467,Tapsi & More,Entree,1,₱425.00,₱425.00
78467,Egg,Add-ons,1,₱40.00,₱40.00
78471,Strawberry Lychee Shake,Shake,1,₱255.00,₱255.00
78471,Green Mango Shake,Shake,1,₱225.00,₱225.00
78471,Mango Shake,Shake,2,₱225.00,₱450.00
78471,Matchalicious,Matcha,1,₱255.00,₱255.00
78471,Spanish Latte,Coffee,2,₱195.00,₱390.00
78471,Pinoy Charcuterie,Appetizer,2,₱495.00,₱990.00
78471,Truffle Parmesan Fries,Appetizer,2,₱325.00,₱650.00
78471,Chicken Parm,Entree,1,₱495.00,₱495.00
78471,Mango Tapioca,Dessert,2,₱245.00,₱490.00
78471,Butter Toast,Side Dish,1,₱45.00,₱45.00
78471,Bunwich Ala UTB,Burger/Wrap & More,1,₱375.00,₱375.00
78471,Coke Zero,Drinks,1,₱105.00,₱105.00
78481,K. Pork Bowl,Entree,1,₱595.00,₱595.00
78481,Salis Curry Steak,Entree,1,₱425.00,₱425.00
78481,C3,Drinks,1,₱245.00,₱245.00
78481,Creme Brulee,Dessert,1,₱245.00,₱245.00
78483,Bellagio Mochaccino,Coffee,1,₱225.00,₱225.00
78483,Latte,Coffee,1,₱185.00,₱185.00
78483,Beer Caramel,Beer,1,₱235.00,₱235.00
78491,Asian Chicken,Salad,1,₱365.00,₱365.00
78491,Chicken Rice,Entree,1,₱405.00,₱405.00
78491,Salmon Rice,Entree,1,₱665.00,₱665.00
78491,Viet Coffee,Coffee,1,₱195.00,₱195.00
78491,K. Beef Bowl,Entree,1,₱895.00,₱895.00
78491,Egg,Add-ons,2,₱40.00,₱80.00
78496,Simple Affogato,Coffee,1,₱245.00,₱245.00
78496,Cocoa Wonka,Drinks,1,₱245.00,₱245.00
78496,Seafood Chowda,Soup,1,₱365.00,₱365.00
78496,Caesar,Salad,1,₱365.00,₱365.00
78496,Beef Salpicao,Entree,1,₱545.00,₱545.00
78496,Plain Rice,Add-ons,1,₱65.00,₱65.00
78496,Chicken & Waffles,Entree,1,₱425.00,₱425.00
78496,Salis Curry Steak,Entree,1,₱425.00,₱425.00
78496,Seafood Pesto,Pasta,1,₱495.00,₱495.00
78496,Mango Tapioca,Dessert,1,₱245.00,₱245.00
78496,Murica,Coffee,1,₱150.00,₱150.00
78496,Cappuccino,Coffee,1,₱185.00,₱185.00
78501,Salted Caramel Frappe,Frappe,1,₱255.00,₱255.00
78501,Mac & Cheese,Pasta,1,₱445.00,₱445.00
78502,Sausage Angel,Appetizer,1,₱325.00,₱325.00
78502,Truffle Parmesan Fries,Appetizer,1,₱325.00,₱325.00
78502,Mac & Cheese,Pasta,1,₱445.00,₱445.00
78502,Seafood Pesto,Pasta,1,₱495.00,₱495.00
78502,Salis Curry Steak,Entree,1,₱425.00,₱425.00
78503,Pinoy Charcuterie,Appetizer,1,₱495.00,₱495.00
78503,Tailgate Ribs,Entree,1,₱595.00,₱595.00
78503,Seafood Pesto,Pasta,1,₱495.00,₱495.00
78503,Warm Poke Bowl,Entree,1,₱625.00,₱625.00
78505,Seafood Chowda,Soup,1,₱365.00,₱365.00
78508,Bellagio Mochaccino,Coffee,1,₱225.00,₱225.00
78510,K. Beef Bowl,Entree,1,₱895.00,₱895.00
78511,Mac & Cheese,Pasta,1,₱445.00,₱445.00
78511,Dirty Matcha,Coffee,1,₱225.00,₱225.00
78515,Honey-Sriracha Chicken,Entree,2,₱375.00,₱750.00
78515,Tailgate Ribs,Entree,1,₱595.00,₱595.00
78515,Chicken Parm,Entree,1,₱495.00,₱495.00
78515,C3,Drinks,1,₱245.00,₱245.00
78515,Coke Zero,Drinks,1,₱105.00,₱105.00
78515,Honey Lemon J,Drinks,2,₱135.00,₱270.00
78515,Pork Sisig,Entree,2,₱345.00,₱690.00
78515,Platter Plain Rice,Side Dish,1,₱295.00,₱295.00
78515,Truffle Pasta,Pasta,1,₱435.00,₱435.00
78515,Cajun Pasta,Pasta,1,₱425.00,₱425.00
78515,Bone-In Porkchop,Entree,1,"₱1,095.00","₱1,095.00"
78515,K. Beef Bowl,Entree,1,₱895.00,₱895.00
78518,Grilled Tuna,Entree,1,₱395.00,₱395.00
78518,Truffle Pasta,Pasta,2,₱435.00,₱870.00
78518,UTB Burger,Burger/Wrap & More,1,₱425.00,₱425.00
78518,Tapsi & More,Entree,1,₱425.00,₱425.00
78518,Shrimp Po Boy,Burger/Wrap & More,1,₱455.00,₱455.00
78518,Chicken & Waffles,Entree,1,₱425.00,₱425.00
78518,Spanish Latte,Coffee,1,₱195.00,₱195.00
78518,Lychee Shake,Shake,2,₱225.00,₱450.00
78518,Mango Shake,Shake,2,₱225.00,₱450.00
78518,Banana Peanut Butter,Frappe,1,₱275.00,₱275.00
78520,Johnnie Walker Black,Hard Liquor,4,₱195.00,₱780.00
78520,San Mig Light,Beer,2,₱130.00,₱260.00
78520,Grilled Tuna,Entree,1,₱395.00,₱395.00
78520,Marrow Brulee,Appetizer,1,₱365.00,₱365.00
78520,Butter Toast,Side Dish,1,₱45.00,₱45.00
78522,Salmon Rice,Entree,1,₱665.00,₱665.00
78522,Mango Shake,Shake,1,₱225.00,₱225.00
78524,Bread Pudding,Dessert,1,₱215.00,₱215.00
78524,Murica,Coffee,2,₱150.00,₱300.00
78526,SOP,Pizza,1,₱425.00,₱425.00
78526,C3,Drinks,1,₱245.00,₱245.00
78526,Truffle Pasta,Pasta,1,₱435.00,₱435.00
78526,K. Pork Bowl,Entree,1,₱595.00,₱595.00
78528,Strawberry Lychee Shake,Shake,1,₱255.00,₱255.00
78528,Honey Lemon J,Drinks,1,₱135.00,₱135.00
78528,Banana Peanut Butter,Frappe,1,₱275.00,₱275.00
78528,Murica,Coffee,1,₱150.00,₱150.00
78528,Hazelnut Macchiato,Coffee,1,₱205.00,₱205.00
78530,Black Pepper Beef,Appetizer,1,₱525.00,₱525.00
78530,Honey Lemon J,Drinks,1,₱135.00,₱135.00
78530,UTB Burger,Burger/Wrap & More,2,₱425.00,₱850.00
78530,Cajun Pasta,Pasta,1,₱425.00,₱425.00
78530,Creme Brulee,Dessert,1,₱245.00,₱245.00
78537,Coke Regular,Drinks,1,₱105.00,₱105.00
78537,Coke Zero,Drinks,1,₱105.00,₱105.00
78537,Bunwich Ala UTB,Burger/Wrap & More,1,₱375.00,₱375.00
78537,Shrimp Po Boy,Burger/Wrap & More,1,₱455.00,₱455.00
78539,Chicken Rice,Entree,1,₱405.00,₱405.00
78541,Honey Lemon J,Drinks,1,₱135.00,₱135.00
78543,Truffle Pasta,Pasta,1,₱435.00,₱435.00
78543,Cajun Pasta,Pasta,1,₱425.00,₱425.00
78546,Taco,Appetizer,2,₱345.00,₱690.00
78546,Truffle Parmesan Fries,Appetizer,1,₱325.00,₱325.00
78546,Chixsig Nachos,Appetizer,1,₱395.00,₱395.00
78546,Tailgate Ribs,Entree,5,₱595.00,"₱2,975.00"
78546,Shrimp Po Boy,Burger/Wrap & More,1,₱455.00,₱455.00
78546,K. Beef Bowl,Entree,1,₱895.00,₱895.00
78546,K. Pork Bowl,Entree,1,₱595.00,₱595.00
78546,Warm Poke Bowl,Entree,1,₱625.00,₱625.00
78546,Beef Salpicao,Entree,1,₱545.00,₱545.00
78546,Plain Rice,Add-ons,5,₱65.00,₱325.00
78546,Tapsi & More,Entree,1,₱425.00,₱425.00
78546,Baletea,Tea,3,₱205.00,₱615.00
78546,Mango Tapioca,Dessert,2,₱245.00,₱490.00
78546,Creme Brulee,Dessert,1,₱245.00,₱245.00
78550,Bottled Water,Drinks,2,₱65.00,₱130.00
78550,Yogi Tea,Tea,1,₱125.00,₱125.00
78550,C3,Drinks,1,₱245.00,₱245.00
78550,Pinoy Charcuterie,Appetizer,1,₱495.00,₱495.00
78550,Bday Ice Cream,Dessert,1,₱0.00,₱0.00
78552,Salmon Rice,Entree,1,₱665.00,₱665.00
78552,Chicken Rice,Entree,1,₱405.00,₱405.00
78554,Happy Hour 595+,Promos & Freebies,1,₱665.00,₱665.00
78554,Chixsig Nachos,Appetizer,1,₱395.00,₱395.00
78554,Pink Margarita,Cocktail,1,₱0.00,₱0.00
78554,Strawberry Basil Mojito,Cocktail,1,₱0.00,₱0.00
78554,Pixiedust,Cocktail,1,₱0.00,₱0.00
78558,Bucket Pilsen,Beer,3,₱600.00,"₱1,800.00"
78558,Free Chicharon,Promos & Freebies,2,₱0.00,₱0.00
78558,Caesar,Salad,1,₱365.00,₱365.00
78558,UTB Burger,Burger/Wrap & More,1,₱425.00,₱425.00
78558,Coke Regular,Drinks,1,₱105.00,₱105.00
78558,Plain Rice,Add-ons,1,₱65.00,₱65.00
78560,San Mig Pilsen,Beer,1,₱120.00,₱120.00
78561,Chicken & Waffles,Entree,2,₱425.00,₱850.00
78561,Mac & Cheese,Pasta,1,₱445.00,₱445.00
78561,Mango Shake,Shake,1,₱225.00,₱225.00
78561,Garlic Rice,Add-ons,1,₱95.00,₱95.00
78561,Coke Zero,Drinks,1,₱105.00,₱105.00
78561,Plain Rice,Add-ons,1,₱65.00,₱65.00
78563,Coke Zero,Drinks,2,₱105.00,₱210.00
78563,Cerveza Negra,Beer,1,₱150.00,₱150.00
78563,Surf & Turf,Entree,1,"₱1,195.00","₱1,195.00"
78563,Bacon Plate,Breakfast,1,₱199.00,₱199.00
78563,Mango Tapioca,Dessert,1,₱245.00,₱245.00
78563,Boozy Affogato,Boozy Coffee,1,₱375.00,₱375.00
78566,Mango Shake,Shake,2,₱225.00,₱450.00
78566,Green Mango Shake,Shake,1,₱225.00,₱225.00
78566,Tailgate Ribs,Entree,1,₱595.00,₱595.00
78566,Mac & Cheese,Pasta,1,₱445.00,₱445.00
78566,Surf & Turf,Entree,1,"₱1,195.00","₱1,195.00"
78566,Caesar,Salad,1,₱365.00,₱365.00
78566,Pinoy Charcuterie,Appetizer,1,₱495.00,₱495.00
78566,Mango Shake,Shake,1,₱225.00,₱225.00
78566,Garlic Rice,Add-ons,1,₱95.00,₱95.00
78566,Coke Regular,Drinks,1,₱105.00,₱105.00
78566,Plain Rice,Add-ons,1,₱65.00,₱65.00
78567,Free Pudding,Promos & Freebies,1,₱0.00,₱0.00
78570,Tokwat Porky Pig,Entree,1,₱395.00,₱395.00
78570,Salmon Rice,Entree,1,₱665.00,₱665.00
78570,Coke Zero,Drinks,1,₱105.00,₱105.00
78570,Fries,Side Dish,1,₱95.00,₱95.00
78574,Bucket Light,Beer,3,₱650.00,"₱1,950.00"
78574,San Mig Light,Beer,2,₱130.00,₱260.00
78574,Fries,Side Dish,1,₱95.00,₱95.00
78574,Mango Shake,Shake,1,₱145.00,₱145.00
78579,Bucket Light,Beer,3,₱650.00,"₱1,950.00"
78579,San Mig Light,Beer,3,₱130.00,₱390.00
78579,Pinoy Charcuterie,Appetizer,1,₱495.00,₱495.00
78579,Tailgate Ribs,Entree,1,₱595.00,₱595.00
78579,Garlic Rice,Add-ons,2,₱95.00,₱190.00
78579,Coke Regular,Drinks,2,₱105.00,₱210.00
78579,Free Pudding,Promos & Freebies,1,₱0.00,₱0.00
78584,Caesar,Salad,1,₱365.00,₱365.00
78584,Chicken & Waffles,Entree,1,₱425.00,₱425.00
78584,Coke Zero,Drinks,1,₱105.00,₱105.00
78584,Garlic Rice,Add-ons,1,₱95.00,₱95.00
78584,Mango Shake,Shake,1,₱195.00,₱195.00
78588,Surf & Turf,Entree,1,"₱1,195.00","₱1,195.00"
78588,Mac & Cheese,Pasta,1,₱445.00,₱445.00
78588,Caesar,Salad,1,₱365.00,₱365.00
78588,Mango Shake,Shake,1,₱140.00,₱140.00
78593,UTB Burger,Burger/Wrap & More,1,₱425.00,₱425.00
78593,Fries,Side Dish,1,₱95.00,₱95.00
78593,Coke Regular,Drinks,1,₱105.00,₱105.00
78593,Mango Shake,Shake,1,₱180.00,₱180.00
78598,Tailgate Ribs,Entree,2,₱595.00,"₱1,190.00"
78598,Chicken & Waffles,Entree,2,₱425.00,₱850.00
78598,Caesar,Salad,1,₱365.00,₱365.00
78598,Plain Rice,Add-ons,2,₱65.00,₱130.00
78598,Coke Zero,Drinks,2,₱105.00,₱210.00
78598,Mango Shake,Shake,1,₱240.00,₱240.00
78604,Tailgate Ribs,Entree,1,₱595.00,₱595.00
78604,Caesar,Salad,1,₱365.00,₱365.00
78604,Mango Shake,Shake,1,₱225.00,₱225.00
78604,Garlic Rice,Add-ons,1,₱95.00,₱95.00
78604,Coke Regular,Drinks,1,₱105.00,₱105.00
78604,Free Pudding,Promos & Freebies,1,₱0.00,₱0.00
78612,Surf & Turf,Entree,1,"₱1,195.00","₱1,195.00"
78612,Chicken & Waffles,Entree,1,₱425.00,₱425.00
78612,Mac & Cheese,Pasta,1,₱445.00,₱445.00
78612,Pinoy Charcuterie,Appetizer,1,₱495.00,₱495.00
78612,Coke Zero,Drinks,1,₱105.00,₱105.00
78612,Free Pudding,Promos & Freebies,1,₱0.00,₱0.00
78621,UTB Burger,Burger/Wrap & More,1,₱425.00,₱425.00
78621,Chicken & Waffles,Entree,1,₱425.00,₱425.00
78621,Mango Shake,Shake,1,₱225.00,₱225.00
78621,Plain Rice,Add-ons,1,₱65.00,₱65.00
78621,Coke Regular,Drinks,1,₱45.00,₱45.00
78635,Seafood Pesto,Pasta,1,₱495.00,₱495.00
78635,Honey Lemon J,Drinks,1,₱135.00,₱135.00
78635,Salmon Rice,Entree,1,₱665.00,₱665.00
78635,Tailgate Ribs,Entree,1,₱595.00,₱595.00
78635,Mac & Cheese,Pasta,1,₱445.00,₱445.00
78635,Caesar,Salad,1,₱365.00,₱365.00
78635,Tokwat Porky Pig,Entree,1,₱395.00,₱395.00
78635,Mango Shake,Shake,1,₱155.00,₱155.00
78639,Murica,Burger/Wrap & More,2,₱150.00,₱300.00
78639,Warm Poke Bowl,Entree,2,₱625.00,"₱1,250.00"
78640,Mango Tapioca,Dessert,1,₱245.00,₱245.00
78640,Chicken & Waffles,Entree,1,₱425.00,₱425.00
78640,Tapsi & More,Entree,1,₱425.00,₱425.00
78640,Sisig Rice Bowl,Entree,1,₱415.00,₱415.00
78642,Cappuccino,Coffee,1,₱185.00,₱185.00
78642,Thai Shrimp,Entree,1,₱425.00,₱425.00
78642,Tailgate Ribs,Entree,1,₱595.00,₱595.00
78642,Plain Rice,Add-ons,1,₱65.00,₱65.00
78642,Murica,Burger/Wrap & More,2,₱150.00,₱300.00
78642,Creme Brulee,Dessert,1,₱245.00,₱245.00
78644,Fries,Side Dish,1,₱95.00,₱95.00
78648,Chicken Caesar Wrap,Burger/Wrap & More,1,₱425.00,₱425.00
78651,Pitcher Red Sangria,Cocktail,1,₱650.00,₱650.00
78651,Chicken in a Basket,Appetizer,1,₱395.00,₱395.00
78654,Spanish Latte,Coffee,1,₱195.00,₱195.00
78656,Seafood Chowda,Soup,1,₱365.00,₱365.00
78656,Fish Taco,Appetizer,1,₱395.00,₱395.00
78656,Cold Water,Drinks,1,₱65.00,₱65.00
78656,Mango Tapioca,Dessert,1,₱245.00,₱245.00
78658,Bucket Light,Beer,3,₱650.00,"₱1,950.00"
78658,San Mig Light,Beer,2,₱130.00,₱260.00
78658,Pinoy Charcuterie,Appetizer,1,₱495.00,₱495.00
78658,Tailgate Ribs,Entree,1,₱595.00,₱595.00
78658,Garlic Rice,Add-ons,1,₱95.00,₱95.00
78658,Coke Zero,Drinks,1,₱30.00,₱30.00
78659,Bread Pudding,Dessert,1,₱215.00,₱215.00
78660,Seafood Chowda,Soup,1,₱365.00,₱365.00
78660,Banana Peanut Butter,Frappe,1,₱275.00,₱275.00
78660,Mango Shake,Shake,1,₱225.00,₱225.00
78660,Tailgate Ribs,Entree,1,₱595.00,₱595.00
78660,Chicken Rice,Entree,1,₱405.00,₱405.00
78662,Bucket Pilsen,Beer,1,₱600.00,₱600.00
78662,Oxtail Soup,Soup,1,₱795.00,₱795.00
78662,Fish Be With U,Entree,1,₱795.00,₱795.00
78666,Batwan Beef Stew,Entree,1,₱725.00,₱725.00
78666,Salmon Rice,Entree,2,₱665.00,"₱1,330.00"
78666,K. Beef Bowl,Entree,2,₱895.00,"₱1,790.00"
78666,Creme Brulee,Dessert,1,₱245.00,₱245.00
78666,Mango Shake,Shake,1,₱225.00,₱225.00
78668,Bucket Pilsen,Beer,4,₱600.00,"₱2,400.00"
78668,Shrimp & Chips,Appetizer,1,₱415.00,₱415.00
78668,SOP,Pizza,1,₱425.00,₱425.00
78668,Tokwat Porky Pig,Entree,1,₱395.00,₱395.00
78668,Marrow Brulee,Appetizer,1,₱365.00,₱365.00
78668,Pinoy Charcuterie,Appetizer,1,₱495.00,₱495.00
78669,Grilled Tuna,Entree,1,₱395.00,₱395.00
78669,Tanqueray Gin Shot,Hard Liquor,1,₱190.00,₱190.00
78669,Schweppes Tonic Water,Drinks,1,₱105.00,₱105.00
78669,Merk TT,Others,1,₱345.00,₱345.00
78672,Marrow Brulee,Appetizer,2,₱365.00,₱730.00
78672,Pinoy Charcuterie,Appetizer,1,₱495.00,₱495.00
78672,Bucket Pilsen,Beer,3,₱600.00,"₱1,800.00"
78672,Bucket Light,Beer,2,₱650.00,"₱1,300.00"
78672,Grilled Tuna,Entree,3,₱395.00,"₱1,185.00"
78672,Beef Salpicao,Entree,1,₱545.00,₱545.00
78672,Murica,Burger/Wrap & More,1,₱150.00,₱150.00
78672,Oxtail Soup,Soup,1,₱795.00,₱795.00
78672,Batwan Beef Stew,Entree,1,₱725.00,₱725.00
78672,Sisig Rice Bowl,Entree,2,₱415.00,₱830.00
78672,Tailgate Ribs,Entree,2,₱595.00,"₱1,190.00"
78672,Salmon Rice,Entree,2,₱665.00,"₱1,330.00"
78672,Coke Regular,Drinks,1,₱105.00,₱105.00
78672,Shrimp & Chips,Appetizer,1,₱415.00,₱415.00
78673,Cerveza Negra,Beer,2,₱150.00,₱300.00
78673,San Mig Pilsen,Beer,2,₱120.00,₱240.00
78673,Tequila Sunrise,Cocktail,1,₱315.00,₱315.00
78676,Balete Salpicao,Entree,1,₱545.00,₱545.00
78676,SOP,Pizza,2,₱425.00,₱850.00
78676,Chicken Parm,Entree,1,₱495.00,₱495.00
78676,Salis Curry Steak,Entree,1,₱425.00,₱425.00
78676,UTB Burger,Burger/Wrap & More,1,₱425.00,₱425.00
78676,Tailgate Ribs,Entree,1,₱650.00,₱650.00
78676,Creme Brulee,Dessert,1,₱245.00,₱245.00
78679,Salis Curry Steak,Entree,1,₱425.00,₱425.00
78679,Tapsi & More,Entree,1,₱425.00,₱425.00
78679,Coke Zero,Drinks,1,₱105.00,₱105.00
78679,Mountain Dew,Drinks,1,₱105.00,₱105.00
78679,Garlic Rice,Add-ons,1,₱95.00,₱95.00
78680,Yolo,Shake,3,₱255.00,₱765.00
78680,Mango Shake,Shake,1,₱225.00,₱225.00
78680,Truffle Parmesan Fries,Appetizer,1,₱325.00,₱325.00
78680,Pinoy Charcuterie,Appetizer,1,₱495.00,₱495.00
78681,Chicken & Waffles,Entree,1,₱425.00,₱425.00
78681,Caesar,Salad,1,₱365.00,₱365.00
78681,Coke Regular,Drinks,1,₱105.00,₱105.00
78681,Plain Rice,Add-ons,1,₱65.00,₱65.00
78681,Mango Shake,Shake,1,₱165.00,₱165.00
78683,Matcha Frappe,Frappe,1,₱255.00,₱255.00
78683,Dirty Matcha,Coffee,1,₱225.00,₱225.00
78684,Surf & Turf,Entree,1,"₱1,195.00","₱1,195.00"
78684,Tailgate Ribs,Entree,1,₱595.00,₱595.00
78684,Pinoy Charcuterie,Appetizer,1,₱495.00,₱495.00
78684,Garlic Rice,Add-ons,2,₱95.00,₱190.00
78684,Coke Zero,Drinks,2,₱105.00,₱210.00
78684,Mango Shake,Shake,1,₱180.00,₱180.00
78686,UTB Burger,Burger/Wrap & More,1,₱425.00,₱425.00
78686,Chicken & Waffles,Entree,1,₱425.00,₱425.00
78686,Mac & Cheese,Pasta,1,₱445.00,₱445.00
78686,Coke Regular,Drinks,1,₱105.00,₱105.00
78686,Plain Rice,Add-ons,1,₱65.00,₱65.00
78686,Mango Shake,Shake,1,₱280.00,₱280.00
78690,Tokwat Porky Pig,Entree,1,₱395.00,₱395.00
78690,Salmon Rice,Entree,1,₱665.00,₱665.00
78690,Coke Zero,Drinks,1,₱105.00,₱105.00
78690,Free Pudding,Promos & Freebies,1,₱0.00,₱0.00
78693,Bucket Light,Beer,3,₱650.00,"₱1,950.00"
78693,San Mig Light,Beer,2,₱130.00,₱260.00
78693,Pinoy Charcuterie,Appetizer,1,₱495.00,₱495.00
78693,Fries,Side Dish,1,₱95.00,₱95.00
78693,Coke Regular,Drinks,2,₱105.00,₱210.00
78693,Garlic Rice,Add-ons,2,₱95.00,₱190.00
78693,Free Pudding,Promos & Freebies,1,₱0.00,₱0.00
78697,Tailgate Ribs,Entree,1,₱595.00,₱595.00
78697,Mac & Cheese,Pasta,1,₱445.00,₱445.00
78697,Caesar,Salad,1,₱365.00,₱365.00
78697,Mango Shake,Shake,1,₱140.00,₱140.00
78697,Plain Rice,Add-ons,1,₱65.00,₱65.00
78697,Seafood Chowda,Soup,1,₱365.00,₱365.00
78697,Baletea,Tea,1,₱205.00,₱205.00
78697,Truffle Parmesan Fries,Appetizer,1,₱325.00,₱325.00
78697,Free Pudding,Promos & Freebies,1,₱0.00,₱0.00
78701,Bucket Light,Beer,3,₱650.00,"₱1,950.00"
78701,San Mig Light,Beer,4,₱130.00,₱520.00
78701,Surf & Turf,Entree,1,"₱1,195.00","₱1,195.00"
78701,Pinoy Charcuterie,Appetizer,1,₱495.00,₱495.00
78701,Garlic Rice,Add-ons,2,₱95.00,₱190.00
78701,Coke Regular,Drinks,2,₱105.00,₱210.00
78701,Free Pudding,Promos & Freebies,1,₱0.00,₱0.00
78701,Chicken Parm,Entree,1,₱495.00,₱495.00
78701,Batwan Beef Stew,Entree,1,₱725.00,₱725.00
78701,Baletea,Tea,2,₱205.00,₱410.00
78701,Truffle Parmesan Fries,Appetizer,1,₱325.00,₱325.00
78701,Free Pudding,Promos & Freebies,1,₱0.00,₱0.00
78706,Chicken & Waffles,Entree,2,₱425.00,₱850.00
78706,UTB Burger,Burger/Wrap & More,1,₱425.00,₱425.00
78706,Caesar,Salad,1,₱365.00,₱365.00
78706,Coke Zero,Drinks,1,₱105.00,₱105.00
78706,Mango Shake,Shake,1,₱295.00,₱295.00
78706,Plain Rice,Add-ons,1,₱65.00,₱65.00
78706,Truffle Pasta,Pasta,1,₱435.00,₱435.00
78706,Salis Curry Steak,Entree,1,₱425.00,₱425.00
78706,Mac & Cheese,Pasta,1,₱445.00,₱445.00
78706,Baletea,Tea,2,₱205.00,₱410.00
78706,Free Pudding,Promos & Freebies,1,₱0.00,₱0.00
78710,Tokwat Porky Pig,Entree,1,₱395.00,₱395.00
78710,Salmon Rice,Entree,1,₱665.00,₱665.00
78710,Free Pudding,Promos & Freebies,1,₱0.00,₱0.00
78710,K. Pork Bowl,Entree,1,₱595.00,₱595.00
78710,Seafood Chowda,Soup,1,₱365.00,₱365.00
78710,Baletea,Tea,1,₱205.00,₱205.00
78715,Tailgate Ribs,Entree,2,₱595.00,"₱1,190.00"
78715,Chicken & Waffles,Entree,2,₱425.00,₱850.00
78715,Pinoy Charcuterie,Appetizer,1,₱495.00,₱495.00
78715,Coke Zero,Drinks,2,₱105.00,₱210.00
78715,Plain Rice,Add-ons,1,₱65.00,₱65.00
78715,Chicken Parm,Entree,1,₱495.00,₱495.00
78715,Truffle Pasta,Pasta,1,₱435.00,₱435.00
78715,Baletea,Tea,2,₱205.00,₱410.00
78715,Truffle Parmesan Fries,Appetizer,1,₱325.00,₱325.00
78715,Free Pudding,Promos & Freebies,1,₱0.00,₱0.00
78719,Surf & Turf,Entree,1,"₱1,195.00","₱1,195.00"
78719,Caesar,Salad,1,₱365.00,₱365.00
78719,Mac & Cheese,Pasta,1,₱445.00,₱445.00
78719,Coke Regular,Drinks,1,₱105.00,₱105.00
78719,Plain Rice,Add-ons,1,₱65.00,₱65.00
78719,Free Pudding,Promos & Freebies,1,₱0.00,₱0.00
78719,Chixsig Nachos,Appetizer,1,₱395.00,₱395.00
78719,Sisig Rice Bowl,Entree,1,₱415.00,₱415.00
78719,Seafood Chowda,Soup,1,₱365.00,₱365.00
78719,Baletea,Tea,2,₱205.00,₱410.00
78719,Free Pudding,Promos & Freebies,1,₱0.00,₱0.00
78731,Honey-Sriracha Chicken,Entree,1,₱375.00,₱375.00
78731,Salmon Rice,Entree,1,₱665.00,₱665.00
78731,Mac & Cheese,Pasta,1,₱445.00,₱445.00
78731,Tailgate Ribs,Entree,1,₱595.00,₱595.00
78731,Chicken Rice,Entree,1,₱405.00,₱405.00
78731,Baletea,Tea,1,₱205.00,₱205.00
78731,Rootbeer Float Rated G,Drinks,1,₱225.00,₱225.00
78731,Thai Shrimp,Entree,1,₱425.00,₱425.00
78733,C3,Drinks,2,₱245.00,₱490.00
78733,Pinoy Charcuterie,Appetizer,1,₱495.00,₱495.00
78733,Honey-Sriracha Chicken,Entree,1,₱375.00,₱375.00
78733,Salmon Rice,Entree,1,₱665.00,₱665.00
78733,Chicken Rice,Entree,3,₱405.00,"₱1,215.00"
78733,Tailgate Ribs,Entree,1,₱595.00,₱595.00
78735,Container,Packaging,1,₱10.00,₱10.00
78737,Truffle Pasta,Pasta,1,₱435.00,₱435.00
78739,C3,Drinks,1,₱245.00,₱245.00
78739,UTB Burger,Burger/Wrap & More,1,₱425.00,₱425.00
78739,Tailgate Ribs,Entree,1,₱595.00,₱595.00
78739,Chicken Parm,Entree,1,₱495.00,₱495.00
78739,Container,Packaging,1,₱10.00,₱10.00
78741,Murica,Coffee,1,₱150.00,₱150.00
78741,Caesar,Salad,1,₱365.00,₱365.00
78741,Baletea,Tea,1,₱205.00,₱205.00
78741,Marrow Brulee,Appetizer,1,₱365.00,₱365.00
78741,Surf & Turf,Entree,1,"₱1,195.00","₱1,195.00"
78741,Sisig Rice Bowl,Entree,1,₱415.00,₱415.00
78743,Spanish Latte,Coffee,1,₱195.00,₱195.00
78743,Bellagio Mochaccino,Coffee,1,₱225.00,₱225.00
78743,Tapsi & More,Entree,2,₱425.00,₱850.00
78745,Salis Curry Steak,Entree,1,₱425.00,₱425.00
78747,Coke Zero,Drinks,1,₱105.00,₱105.00
78747,Tokwat Porky Pig,Appetizer,1,₱395.00,₱395.00
78747,Chicken Parm,Entree,1,₱495.00,₱495.00
78747,Tailgate Ribs,Entree,1,₱595.00,₱595.00
78747,Plain Rice,Add-ons,3,₱65.00,₱195.00
78747,Container,Packaging,2,₱10.00,₱20.00
78749,Shrimp Po Boy,Burger/Wrap & More,1,₱455.00,₱455.00
78749,Spanish Latte,Coffee,1,₱195.00,₱195.00
78749,Mango Tapioca,Dessert,1,₱245.00,₱245.00
78754,Chixsig Nachos,Appetizer,1,₱395.00,₱395.00
78754,Pinoy Charcuterie,Appetizer,1,₱495.00,₱495.00
78754,Baletea,Tea,2,₱205.00,₱410.00
78754,Chicken Parm,Entree,1,₱495.00,₱495.00
78754,Batwan Beef Stew,Entree,1,₱725.00,₱725.00
78757,Thai Shrimp,Entree,1,₱425.00,₱425.00
78757,Batwan Beef Stew,Entree,1,₱725.00,₱725.00
78757,Oxtail Soup,Soup,1,₱795.00,₱795.00
78757,Salmon Rice,Entree,1,₱665.00,₱665.00
78757,Baletea,Tea,2,₱205.00,₱410.00
78757,Squash Soup,Soup,1,₱315.00,₱315.00
78757,Chicken in a Basket,Appetizer,1,₱395.00,₱395.00
78757,Vegetable Arrabbiata,Pasta,1,₱415.00,₱415.00
78757,Mango Tapioca,Dessert,1,₱245.00,₱245.00
78757,Container,Packaging,3,₱10.00,₱30.00
78759,Batwan Beef Stew,Entree,1,₱725.00,₱725.00
78759,SOP,Pizza,1,₱425.00,₱425.00
78759,Lychee Berry Margarita,Cocktail,1,₱355.00,₱355.00
78759,Pink Margarita,Cocktail,1,₱325.00,₱325.00
78761,Strawberry Lychee Shake,Shake,1,₱255.00,₱255.00
78761,Lychee Shake,Shake,1,₱225.00,₱225.00
78761,Vanilla Latte,Coffee,1,₱205.00,₱205.00
78761,Spanish Latte,Coffee,2,₱195.00,₱390.00
78761,Viet Coffee,Coffee,1,₱195.00,₱195.00
78763,Bucket Assorted,Beer,1,₱750.00,₱750.00
78763,Tequila Sunrise,Cocktail,1,₱315.00,₱315.00
78763,Ginger Ale,Beer,1,₱115.00,₱115.00
78763,Pinoy Charcuterie,Appetizer,2,₱495.00,₱990.00
78763,Bunwich Ala UTB,Burger/Wrap & More,1,₱375.00,₱375.00
78763,Shrimp Po Boy,Burger/Wrap & More,1,₱455.00,₱455.00
78763,Bucket Light,Beer,1,₱650.00,₱650.00
78763,San Mig Light,Beer,3,₱0.00,₱0.00
78763,San Mig Pilsen,Beer,3,₱0.00,₱0.00
78771,Chixsig Nachos,Appetizer,1,₱395.00,₱395.00
78771,Chicken Parm,Entree,1,₱495.00,₱495.00
78771,Baletea,Tea,1,₱205.00,₱205.00
78771,Free Pudding,Promos & Freebies,1,₱0.00,₱0.00
78771,Truffle Parmesan Fries,Appetizer,1,₱325.00,₱325.00
78774,Pinoy Charcuterie,Appetizer,1,₱495.00,₱495.00
78774,Batwan Beef Stew,Entree,1,₱725.00,₱725.00
78774,Baletea,Tea,1,₱205.00,₱205.00
78774,Truffle Parmesan Fries,Appetizer,1,₱325.00,₱325.00
78778,Surf & Turf,Entree,1,"₱1,195.00","₱1,195.00"
78778,Caesar,Salad,1,₱365.00,₱365.00
78778,Truffle Pasta,Pasta,1,₱435.00,₱435.00
78778,Baletea,Tea,2,₱205.00,₱410.00
78778,Free Pudding,Promos & Freebies,1,₱0.00,₱0.00
78781,Tokwat Porky Pig,Entree,1,₱395.00,₱395.00
78781,Salmon Rice,Entree,1,₱665.00,₱665.00
78781,Baletea,Tea,1,₱130.00,₱130.00
78785,Tailgate Ribs,Entree,2,₱595.00,"₱1,190.00"
78785,Pinoy Charcuterie,Appetizer,1,₱495.00,₱495.00
78785,Truffle Pasta,Pasta,1,₱435.00,₱435.00
78785,Chixsig Nachos,Appetizer,1,₱395.00,₱395.00
78785,Baletea,Tea,2,₱205.00,₱410.00
78785,Free Pudding,Promos & Freebies,1,₱0.00,₱0.00
78789,Batwan Beef Stew,Entree,1,₱725.00,₱725.00
78789,Mac & Cheese,Pasta,1,₱445.00,₱445.00
78789,Seafood Chowda,Soup,1,₱365.00,₱365.00
78789,Baletea,Tea,1,₱205.00,₱205.00
78789,Free Pudding,Promos & Freebies,1,₱0.00,₱0.00
78794,Caesar,Salad,1,₱365.00,₱365.00
78794,Bunwich Ala UTB,Burger/Wrap & More,1,₱375.00,₱375.00
78794,Latte,Coffee,1,₱185.00,₱185.00
78794,Coke Regular,Drinks,1,₱105.00,₱105.00
78794,Container,Packaging,21,₱10.00,₱210.00
78798,Pinoy Charcuterie,Appetizer,1,₱495.00,₱495.00
78798,Tailgate Ribs,Entree,1,₱595.00,₱595.00
78798,Truffle Pasta,Pasta,1,₱435.00,₱435.00
78798,Truffle Parmesan Fries,Appetizer,1,₱325.00,₱325.00
78798,Baletea,Tea,1,₱245.00,₱245.00
78798,Coke Regular,Drinks,1,₱105.00,₱105.00
78798,Container,Packaging,39,₱10.00,₱390.00
78803,Chicken Parm,Entree,1,₱495.00,₱495.00
78803,Mac & Cheese,Pasta,1,₱445.00,₱445.00
78803,Seafood Chowda,Soup,1,₱365.00,₱365.00
78803,Mango Shake,Shake,1,₱225.00,₱225.00
78803,Container,Packaging,18,₱10.00,₱180.00
78808,Tokwat Porky Pig,Entree,1,₱395.00,₱395.00
78808,Salmon Rice,Entree,1,₱665.00,₱665.00
78808,Free Pudding,Promos & Freebies,1,₱0.00,₱0.00
78808,Container,Packaging,9,₱10.00,₱90.00
78814,Surf & Turf,Entree,1,"₱1,195.00","₱1,195.00"
78814,Pinoy Charcuterie,Appetizer,1,₱495.00,₱495.00
78814,Truffle Pasta,Pasta,1,₱435.00,₱435.00
78814,Tailgate Ribs,Entree,1,₱595.00,₱595.00
78814,Baletea,Tea,1,₱245.00,₱245.00
78814,Coke Regular,Drinks,1,₱105.00,₱105.00
78814,Container,Packaging,7,₱10.00,₱70.00
78820,Batwan Beef Stew,Entree,1,₱725.00,₱725.00
78820,Caesar,Salad,1,₱365.00,₱365.00
78820,Truffle Parmesan Fries,Appetizer,1,₱325.00,₱325.00
78820,Latte,Coffee,1,₱185.00,₱185.00
78820,Coke Regular,Drinks,1,₱105.00,₱105.00
78820,Free Pudding,Promos & Freebies,1,₱0.00,₱0.00
78820,Container,Packaging,14,₱10.00,₱140.00
78827,Chicken Parm,Entree,1,₱495.00,₱495.00
78827,Caesar,Salad,1,₱365.00,₱365.00
78827,Coke Regular,Drinks,1,₱105.00,₱105.00
78827,Container,Packaging,10,₱10.00,₱100.00
78827,Bunwich Ala UTB,Burger/Wrap & More,1,₱375.00,₱375.00
78834,Pinoy Charcuterie,Appetizer,1,₱495.00,₱495.00
78834,Batwan Beef Stew,Entree,1,₱725.00,₱725.00
78834,Truffle Pasta,Pasta,1,₱435.00,₱435.00
78834,Truffle Parmesan Fries,Appetizer,1,₱325.00,₱325.00
78834,Baletea,Tea,2,₱205.00,₱410.00
78834,Container,Packaging,46,₱10.00,₱460.00
78841,Tailgate Ribs,Entree,1,₱595.00,₱595.00
78841,Mac & Cheese,Pasta,1,₱445.00,₱445.00
78841,Latte,Coffee,1,₱185.00,₱185.00
78841,Mango Shake,Shake,1,₱225.00,₱225.00
78841,Container,Packaging,23,₱10.00,₱230.00
78848,Tokwat Porky Pig,Entree,1,₱395.00,₱395.00
78848,Salmon Rice,Entree,1,₱665.00,₱665.00
78848,Free Pudding,Promos & Freebies,1,₱0.00,₱0.00
78848,Container,Packaging,3,₱10.00,₱30.00
78853,Tailgate Ribs,Entree,1,₱595.00,₱595.00
78853,Coke Regular,Drinks,1,₱105.00,₱105.00
78853,Container,Packaging,1,₱10.00,₱10.00
78853,Bunwich Ala UTB,Burger/Wrap & More,1,₱375.00,₱375.00
78854,Chicken Parm,Entree,1,₱495.00,₱495.00
78854,Caesar,Salad,1,₱365.00,₱365.00
78854,Mac & Cheese,Pasta,1,₱445.00,₱445.00
78854,Container,Packaging,1,₱10.00,₱10.00
78854,Coke Regular,Drinks,1,₱105.00,₱105.00
78854,Free Pudding,Promos & Freebies,1,₱0.00,₱0.00
78854,Yolo,Shake,1,₱290.00,₱290.00
78858,Pinoy Charcuterie,Appetizer,1,₱495.00,₱495.00
78858,Salmon Rice,Entree,2,₱665.00,"₱1,330.00"
78858,Truffle Parmesan Fries,Appetizer,1,₱325.00,₱325.00
78858,Container,Packaging,1,₱10.00,₱10.00
78858,Viet Coffee,Coffee,2,₱195.00,₱390.00
78858,Free Pudding,Promos & Freebies,1,₱0.00,₱0.00
78865,Tokwat Porky Pig,Entree,1,₱395.00,₱395.00
78865,Salmon Rice,Entree,1,₱665.00,₱665.00
78865,Coke Regular,Drinks,1,₱105.00,₱105.00
78865,Container,Packaging,1,₱10.00,₱10.00
78865,Truffle Parmesan Fries,Appetizer,1,₱325.00,₱325.00
78871,Bucket Light,Beer,3,₱650.00,"₱1,950.00"
78871,Pinoy Charcuterie,Appetizer,1,₱495.00,₱495.00
78871,Tailgate Ribs,Entree,1,₱595.00,₱595.00
78871,Container,Packaging,2,₱10.00,₱20.00
78871,Coke Regular,Drinks,1,₱105.00,₱105.00
78871,Free Pudding,Promos & Freebies,1,₱0.00,₱0.00
78871,Yolo,Shake,1,₱20.00,₱20.00
78876,Batwan Beef Stew,Entree,1,₱725.00,₱725.00
78876,Truffle Pasta,Pasta,1,₱435.00,₱435.00
78876,Seafood Chowda,Soup,1,₱365.00,₱365.00
78876,Container,Packaging,1,₱10.00,₱10.00
78876,Viet Coffee,Coffee,1,₱195.00,₱195.00
78876,Coke Regular,Drinks,1,₱55.00,₱55.00
78881,UTB Burger,Burger/Wrap & More,1,₱425.00,₱425.00
78881,Caesar,Salad,1,₱365.00,₱365.00
78881,Coke Regular,Drinks,1,₱105.00,₱105.00
78881,Murica,Coffee,1,₱150.00,₱150.00
78881,Container,Packaging,1,₱10.00,₱10.00
78881,Plain Rice,Add-ons,1,₱65.00,₱65.00
78881,Free Chicharon,Promos & Freebies,1,₱0.00,₱0.00
78885,Pinoy Charcuterie,Appetizer,1,₱495.00,₱495.00
78885,Tailgate Ribs,Entree,1,₱595.00,₱595.00
78885,Truffle Pasta,Pasta,1,₱435.00,₱435.00
78885,Truffle Parmesan Fries,Appetizer,1,₱325.00,₱325.00
78885,Baletea,Tea,1,₱205.00,₱205.00
78885,Coke Zero,Drinks,1,₱105.00,₱105.00
78885,Container,Packaging,1,₱10.00,₱10.00
78885,Free Chicharon,Promos & Freebies,1,₱0.00,₱0.00
78890,Chicken Parm,Entree,1,₱495.00,₱495.00
78890,Mac & Cheese,Pasta,1,₱445.00,₱445.00
78890,Seafood Chowda,Soup,1,₱365.00,₱365.00
78890,Viet Coffee,Coffee,1,₱195.00,₱195.00
78890,Container,Packaging,20,₱10.00,₱200.00
78895,Tokwat Porky Pig,Entree,1,₱395.00,₱395.00
78895,Salmon Rice,Entree,1,₱665.00,₱665.00
78895,Container,Packaging,1,₱10.00,₱10.00
78895,Free Chicharon,Promos & Freebies,1,₱0.00,₱0.00
78901,Bucket Light,Beer,3,₱650.00,"₱1,950.00"
78901,Pinoy Charcuterie,Appetizer,1,₱495.00,₱495.00
78901,Bucket Pilsen,Beer,1,₱600.00,₱600.00
78901,Coke Regular,Drinks,1,₱105.00,₱105.00
78901,Container,Packaging,3,₱10.00,₱30.00
78908,Batwan Beef Stew,Entree,1,₱725.00,₱725.00
78908,Caesar,Salad,1,₱365.00,₱365.00
78908,Spanish Latte,Coffee,1,₱195.00,₱195.00
78908,Chicken in a Basket,Appetizer,1,₱395.00,₱395.00
78908,Container,Packaging,9,₱10.00,₱90.00
78909,Chicken Parm,Entree,1,₱495.00,₱495.00
78909,Caesar,Salad,1,₱365.00,₱365.00
78909,Coke Zero,Drinks,1,₱105.00,₱105.00
78909,Container,Packaging,2,₱10.00,₱20.00
78909,Viet Coffee,Coffee,1,₱200.00,₱200.00
78910,Batwan Beef Stew,Entree,1,₱725.00,₱725.00
78910,Mac & Cheese,Pasta,1,₱445.00,₱445.00
78910,Seafood Chowda,Soup,1,₱365.00,₱365.00
78910,Spanish Latte,Coffee,1,₱195.00,₱195.00
78910,Container,Packaging,21,₱10.00,₱210.00
78911,Bucket Light,Beer,1,₱650.00,₱650.00
78911,Dynamite Ala Carte,Appetizer,1,₱155.00,₱155.00
78911,UTB Burger,Burger/Wrap & More,1,₱425.00,₱425.00
78911,Coke Regular,Drinks,1,₱105.00,₱105.00
78911,Plain Rice,Add-ons,1,₱65.00,₱65.00
78911,Truffle Parmesan Fries,Appetizer,1,₱325.00,₱325.00
78911,Container,Packaging,12,₱10.00,₱120.00
78912,Tailgate Ribs,Entree,2,₱595.00,"₱1,190.00"
78912,Bucket Pilsen,Beer,2,₱600.00,"₱1,200.00"
78912,Pinoy Charcuterie,Appetizer,1,₱495.00,₱495.00
78912,Baletea,Tea,2,₱205.00,₱410.00
78912,Container,Packaging,8,₱10.00,₱80.00
78913,Bucket Light,Beer,3,₱650.00,"₱1,950.00"
78913,Pinoy Charcuterie,Appetizer,1,₱495.00,₱495.00
78913,Baletea,Tea,1,₱205.00,₱205.00
78913,Container,Packaging,3,₱10.00,₱30.00
78914,Bucket Pilsen,Beer,2,₱600.00,"₱1,200.00"
78914,Tailgate Ribs,Entree,2,₱595.00,"₱1,190.00"
78914,Pinoy Charcuterie,Appetizer,1,₱495.00,₱495.00
78914,Chicken in a Basket,Appetizer,1,₱395.00,₱395.00
78914,Baletea,Tea,1,₱205.00,₱205.00
78914,Free Chicharon,Promos & Freebies,1,₱0.00,₱0.00
78915,Tapsi & More,Entree,1,₱425.00,₱425.00
78915,Bellagio Mochaccino,Coffee,1,₱225.00,₱225.00
78915,Matcha Frappe,Frappe,1,₱255.00,₱255.00
78917,UTB Burger,Burger/Wrap & More,1,₱425.00,₱425.00
78919,Chicken in a Basket,Appetizer,1,₱395.00,₱395.00
78919,Salmon Rice,Entree,1,₱665.00,₱665.00
78919,Coke Zero,Drinks,1,₱105.00,₱105.00
78919,Creme Brulee,Dessert,1,₱245.00,₱245.00
78922,Cappuccino,Coffee,1,₱185.00,₱185.00
78922,Hazelnut Macchiato,Coffee,1,₱205.00,₱205.00
78922,Truffle Parmesan Fries,Appetizer,1,₱325.00,₱325.00
78926,Truffle Parmesan Fries,Appetizer,1,₱325.00,₱325.00
78926,Glass Baletea,Tea,1,₱105.00,₱105.00
78926,Tailgate Ribs,Entree,1,₱595.00,₱595.00
78926,Container,Packaging,1,₱10.00,₱10.00
78928,Shrimp & Chips,Appetizer,1,₱415.00,₱415.00
78928,Pinoy Charcuterie,Appetizer,1,₱495.00,₱495.00
78928,Strawberry Lychee Shake,Shake,1,₱255.00,₱255.00
78928,Green Mango Shake,Shake,1,₱225.00,₱225.00
78928,Mango Shake,Shake,1,₱225.00,₱225.00
78928,SOP,Pizza,1,₱425.00,₱425.00
78928,Truffle Pasta,Pasta,1,₱435.00,₱435.00
78928,Warm Poke Bowl,Entree,1,₱625.00,₱625.00
78928,Creme Brulee,Dessert,1,₱245.00,₱245.00
78928,Trash Can,Cocktail,1,₱395.00,₱395.00
78928,Mango Tapioca,Dessert,1,₱245.00,₱245.00
78930,Bucket Cerveza Negra,Beer,1,₱750.00,₱750.00
78930,Bucket Light,Beer,1,₱650.00,₱650.00
78930,Marrow Brulee,Appetizer,1,₱365.00,₱365.00
78930,Tokwat Porky Pig,Appetizer,1,₱395.00,₱395.00
78930,Pinoy Charcuterie,Appetizer,1,₱495.00,₱495.00
78930,Beef and Shrimp Salpicao,Entree,1,₱895.00,₱895.00
78930,Bread Pudding,Dessert,1,₱215.00,₱215.00
78930,Cerveza Negra,Beer,2,₱150.00,₱300.00
78930,Butter Toast,Side Dish,1,₱45.00,₱45.00
78934,Taco,Appetizer,1,₱345.00,₱345.00
78934,Chicken Parm,Entree,1,₱495.00,₱495.00
78958,Sausage Diablo,Appetizer,1,₱325.00,₱325.00
78958,Caesar,Salad,1,₱365.00,₱365.00
78958,San Mig Pilsen,Beer,1,₱90.00,₱90.00
78958,Chicken Rice,Entree,1,₱405.00,₱405.00
78958,UT-Pork Bowl,Entree,1,₱595.00,₱595.00
78958,Container,Packaging,1,₱10.00,₱10.00
78959,Chicken Parm,Entree,1,₱495.00,₱495.00
78959,Caesar,Salad,1,₱365.00,₱365.00
78959,Baletea,Tea,1,₱205.00,₱205.00
78959,Plain Rice,Add-ons,2,₱65.00,₱130.00
78959,Free Chicharon,Promos & Freebies,1,₱0.00,₱0.00
78960,Tailgate Ribs,Entree,1,₱595.00,₱595.00
78960,Salmon Rice,Entree,1,₱665.00,₱665.00
78960,Baletea,Tea,1,₱205.00,₱205.00
78960,Truffle Parmesan Fries,Appetizer,1,₱325.00,₱325.00
78960,Spanish Latte,Coffee,1,₱195.00,₱195.00
78960,Free Chicharon,Promos & Freebies,1,₱0.00,₱0.00
78960,Container,Packaging,1,₱10.00,₱10.00
78960,Plain Rice,Add-ons,2,₱65.00,₱130.00
78961,Bucket Light,Beer,2,₱650.00,"₱1,300.00"
78961,Pinoy Charcuterie,Appetizer,1,₱495.00,₱495.00
78961,Tailgate Ribs,Entree,1,₱595.00,₱595.00
78961,Baletea,Tea,2,₱205.00,₱410.00
78961,Chicken in a Basket,Appetizer,1,₱395.00,₱395.00
78961,Free Chicharon,Promos & Freebies,1,₱0.00,₱0.00
78962,Chicken Parm,Entree,1,₱495.00,₱495.00
78962,Mac & Cheese,Pasta,1,₱445.00,₱445.00
78962,Viet Coffee,Coffee,1,₱195.00,₱195.00
78962,Baletea,Tea,1,₱205.00,₱205.00
78962,Free Chicharon,Promos & Freebies,1,₱0.00,₱0.00
78962,Container,Packaging,1,₱10.00,₱10.00
78962,Salmon Rice,Entree,1,₱665.00,₱665.00
78962,Truffle Parmesan Fries,Appetizer,1,₱325.00,₱325.00
78963,Bucket Pilsen,Beer,2,₱600.00,"₱1,200.00"
78963,Pinoy Charcuterie,Appetizer,1,₱495.00,₱495.00
78963,Chicken Parm,Entree,1,₱495.00,₱495.00
78963,Mac & Cheese,Pasta,1,₱445.00,₱445.00
78963,Baletea,Tea,1,₱205.00,₱205.00
78963,Free Chicharon,Promos & Freebies,1,₱0.00,₱0.00
78964,Bucket Light,Beer,2,₱650.00,"₱1,300.00"
78964,Tailgate Ribs,Entree,1,₱595.00,₱595.00
78964,Pinoy Charcuterie,Appetizer,1,₱495.00,₱495.00
78964,Truffle Parmesan Fries,Appetizer,1,₱325.00,₱325.00
78964,Baletea,Tea,2,₱205.00,₱410.00
78964,Free Chicharon,Promos & Freebies,1,₱0.00,₱0.00
78964,Container,Packaging,1,₱10.00,₱10.00
78964,Batwan Beef Stew,Entree,1,₱725.00,₱725.00
78964,Caesar,Salad,1,₱365.00,₱365.00
78964,Spanish Latte,Coffee,1,₱195.00,₱195.00
78964,Plain Rice,Add-ons,2,₱65.00,₱130.00
78965,Chicken in a Basket,Appetizer,1,₱395.00,₱395.00
78965,Truffle Parmesan Fries,Appetizer,1,₱325.00,₱325.00
78965,Viet Coffee,Coffee,1,₱195.00,₱195.00
78965,Baletea Freeze,Cocktail,1,₱365.00,₱365.00
78965,Plain Rice,Add-ons,2,₱65.00,₱130.00
78965,Free Chicharon,Promos & Freebies,1,₱0.00,₱0.00
78966,Batwan Beef Stew,Entree,1,₱725.00,₱725.00
78966,Caesar,Salad,1,₱365.00,₱365.00
78966,Coke Regular,Drinks,1,₱105.00,₱105.00
78966,Plain Rice,Add-ons,2,₱65.00,₱130.00
78966,Baletea,Tea,1,₱205.00,₱205.00
78966,Free Chicharon,Promos & Freebies,1,₱0.00,₱0.00
78966,Container,Packaging,1,₱10.00,₱10.00
78966,Bucket Light,Beer,2,₱650.00,"₱1,300.00"
78966,Tailgate Ribs,Entree,1,₱595.00,₱595.00
78966,Pinoy Charcuterie,Appetizer,1,₱495.00,₱495.00
78966,Chicken Parm,Entree,1,₱495.00,₱495.00
78966,Plain Rice,Add-ons,1,₱65.00,₱65.00
78967,Salmon Rice,Entree,1,₱665.00,₱665.00
78967,Caesar,Salad,1,₱365.00,₱365.00
78967,Spanish Latte,Coffee,1,₱195.00,₱195.00
78967,Baletea,Tea,1,₱205.00,₱205.00
78967,Plain Rice,Add-ons,3,₱65.00,₱195.00
78967,Free Chicharon,Promos & Freebies,1,₱0.00,₱0.00
78967,Container,Packaging,1,₱10.00,₱10.00
78968,UTB Burger,Burger/Wrap & More,1,₱425.00,₱425.00
78968,Chicken in a Basket,Appetizer,1,₱395.00,₱395.00
78968,Spanish Latte,Coffee,1,₱195.00,₱195.00
78968,Baletea,Tea,1,₱205.00,₱205.00
78968,Free Chicharon,Promos & Freebies,1,₱0.00,₱0.00
78968,Container,Packaging,3,₱10.00,₱30.00
78969,Bucket Pilsen,Beer,2,₱600.00,"₱1,200.00"
78969,Tailgate Ribs,Entree,1,₱595.00,₱595.00
78969,Pinoy Charcuterie,Appetizer,1,₱495.00,₱495.00
78969,Truffle Parmesan Fries,Appetizer,1,₱325.00,₱325.00
78969,Baletea,Tea,1,₱205.00,₱205.00
78969,Plain Rice,Add-ons,1,₱65.00,₱65.00
78969,Free Chicharon,Promos & Freebies,1,₱0.00,₱0.00
78970,Bucket Pilsen,Beer,2,₱600.00,"₱1,200.00"
78970,Tailgate Ribs,Entree,2,₱595.00,"₱1,190.00"
78970,Pinoy Charcuterie,Appetizer,1,₱495.00,₱495.00
78970,Chicken Parm,Entree,1,₱495.00,₱495.00
78970,Baletea,Tea,1,₱205.00,₱205.00
78970,Truffle Parmesan Fries,Appetizer,1,₱325.00,₱325.00
78970,Free Chicharon,Promos & Freebies,1,₱0.00,₱0.00
78970,Batwan Beef Stew,Entree,1,₱725.00,₱725.00
78970,Mac & Cheese,Pasta,1,₱445.00,₱445.00
78970,Spanish Latte,Coffee,1,₱195.00,₱195.00
78970,Container,Packaging,2,₱10.00,₱20.00
78971,Bucket Light,Beer,2,₱650.00,"₱1,300.00"
78971,Bucket Pilsen,Beer,1,₱600.00,₱600.00
78971,Tailgate Ribs,Entree,1,₱595.00,₱595.00
78971,Pinoy Charcuterie,Appetizer,1,₱495.00,₱495.00
78971,Chicken Parm,Entree,1,₱495.00,₱495.00
78971,Baletea,Tea,1,₱205.00,₱205.00
78971,Free Chicharon,Promos & Freebies,1,₱0.00,₱0.00
78972,Salmon Rice,Entree,1,₱665.00,₱665.00
78972,Truffle Parmesan Fries,Appetizer,1,₱325.00,₱325.00
78972,Spanish Latte,Coffee,1,₱195.00,₱195.00
78972,Baletea,Tea,1,₱205.00,₱205.00
78972,Free Chicharon,Promos & Freebies,1,₱0.00,₱0.00
78973,Tailgate Ribs,Entree,1,₱595.00,₱595.00
78973,Mac & Cheese,Pasta,1,₱445.00,₱445.00
78973,Spanish Latte,Coffee,1,₱195.00,₱195.00
78973,Baletea,Tea,1,₱205.00,₱205.00
78973,Plain Rice,Add-ons,3,₱65.00,₱195.00
78973,Free Chicharon,Promos & Freebies,1,₱0.00,₱0.00
78973,Container,Packaging,1,₱10.00,₱10.00
78974,Bucket Light,Beer,2,₱650.00,"₱1,300.00"
78974,Pinoy Charcuterie,Appetizer,1,₱495.00,₱495.00
78974,Tailgate Ribs,Entree,1,₱595.00,₱595.00
78974,Truffle Parmesan Fries,Appetizer,1,₱325.00,₱325.00
78974,Baletea,Tea,1,₱205.00,₱205.00
78974,Free Chicharon,Promos & Freebies,1,₱0.00,₱0.00
78974,Container,Packaging,1,₱10.00,₱10.00
78975,Bucket Pilsen,Beer,2,₱600.00,"₱1,200.00"
78975,Tailgate Ribs,Entree,1,₱595.00,₱595.00
78975,Pinoy Charcuterie,Appetizer,1,₱495.00,₱495.00
78975,Chicken Parm,Entree,1,₱495.00,₱495.00
78975,Truffle Parmesan Fries,Appetizer,1,₱325.00,₱325.00
78975,Baletea,Tea,1,₱205.00,₱205.00
78975,Free Chicharon,Promos & Freebies,1,₱0.00,₱0.00
78976,Chicken Parm,Entree,1,₱495.00,₱495.00
78976,Mac & Cheese,Pasta,1,₱445.00,₱445.00
78976,Viet Coffee,Coffee,1,₱195.00,₱195.00
78976,Caesar,Salad,1,₱365.00,₱365.00
78976,Plain Rice,Add-ons,2,₱65.00,₱130.00
78976,Free Chicharon,Promos & Freebies,1,₱0.00,₱0.00
78976,Container,Packaging,1,₱10.00,₱10.00
78976,Salmon Rice,Entree,1,₱665.00,₱665.00
78976,Plain Rice,Add-ons,1,₱65.00,₱65.00
78977,Bucket Light,Beer,2,₱650.00,"₱1,300.00"
78977,Tailgate Ribs,Entree,2,₱595.00,"₱1,190.00"
78977,Pinoy Charcuterie,Appetizer,1,₱495.00,₱495.00
78977,Chicken in a Basket,Appetizer,1,₱395.00,₱395.00
78977,Truffle Parmesan Fries,Appetizer,1,₱325.00,₱325.00
78977,Baletea Freeze,Cocktail,1,₱365.00,₱365.00
78977,Plain Rice,Add-ons,4,₱65.00,₱260.00
78977,Free Chicharon,Promos & Freebies,1,₱0.00,₱0.00
78977,Container,Packaging,1,₱10.00,₱10.00
79003,Corned Beef Plate,Breakfast,1,₱199.00,₱199.00
79003,Good Morning Sunshine,Breakfast,1,₱199.00,₱199.00
79003,Kawali Bowl,Entree,1,₱199.00,₱199.00
79003,Breakfast Pudding,Dessert,1,₱199.00,₱199.00
79003,T.O. Container,Packaging,5,₱20.00,₱100.00
79004,Oxtail Soup,Soup,1,₱795.00,₱795.00
79004,Bunwich Ala UTB,Burger/Wrap & More,2,₱375.00,₱750.00
79004,Truffle Parmesan Fries,Appetizer,1,₱325.00,₱325.00
79004,Kawali Bowl,Entree,1,₱199.00,₱199.00
79004,UTB Burger,Burger/Wrap & More,1,₱425.00,₱425.00
79004,Strawberry Matcha Latte,Coffee,1,₱245.00,₱245.00
79004,Container,Packaging,3,₱10.00,₱30.00
79004,Kawali Bowl,Entree,1,₱199.00,₱199.00
79004,Container,Packaging,3,₱10.00,₱30.00
79009,Bunwich Ala UTB,Burger/Wrap & More,1,₱375.00,₱375.00
79009,Coke Zero,Drinks,1,₱105.00,₱105.00
79011,UTB Burger,Burger/Wrap & More,1,₱425.00,₱425.00
79011,Truffle Parmesan Fries,Appetizer,1,₱325.00,₱325.00
79012,Seafood Chowda,Soup,1,₱365.00,₱365.00
79012,Caesar,Salad,1,₱365.00,₱365.00
79015,Grilled Tuna,Entree,1,₱395.00,₱395.00
79015,Warm Poke Bowl,Entree,1,₱625.00,₱625.00
79015,Chicken Parm,Entree,1,₱495.00,₱495.00
79015,Plain Rice,Add-ons,1,₱65.00,₱65.00
79015,Honey Lemon J,Drinks,2,₱135.00,₱270.00
79015,Container,Packaging,1,₱10.00,₱10.00
79015,Warm Poke Bowl,Entree,1,₱625.00,₱625.00
79015,Container,Packaging,1,₱10.00,₱10.00
79017,SOP,Pizza,1,₱425.00,₱425.00
79017,Spanish Latte,Coffee,1,₱195.00,₱195.00
79017,Truffle Pasta,Pasta,1,₱435.00,₱435.00
79021,Honey Lemon J,Drinks,1,₱135.00,₱135.00
79021,Hazelnut Macchiato,Coffee,1,₱205.00,₱205.00
79021,Chixsig Nachos,Appetizer,1,₱395.00,₱395.00
79021,Caesar,Salad,1,₱365.00,₱365.00
79021,Mac & Cheese,Pasta,1,₱445.00,₱445.00
79021,Tailgate Ribs,Entree,1,₱595.00,₱595.00
79022,Taco,Appetizer,1,₱345.00,₱345.00
79022,Strawberry Lychee Shake,Shake,1,₱255.00,₱255.00
79022,Rootbeer Float Rated G,Drinks,1,₱225.00,₱225.00
79022,Truffle Pasta,Pasta,1,₱435.00,₱435.00
79022,K. Beef Bowl,Entree,1,₱895.00,₱895.00
79024,Salmon Rice,Entree,1,₱665.00,₱665.00
79024,Oxtail Soup,Soup,1,₱795.00,₱795.00
79024,K. Beef Bowl,Entree,1,₱895.00,₱895.00
79024,Baletea,Tea,1,₱205.00,₱205.00
79024,Mango Tapioca,Dessert,1,₱245.00,₱245.00
79025,Bucket Light,Beer,1,₱650.00,₱650.00
79025,Grilled Tuna,Entree,1,₱395.00,₱395.00
79025,Chixsig Nachos,Appetizer,1,₱395.00,₱395.00
79025,Bucket Light,Beer,1,₱650.00,₱650.00
79028,Chicken in a Basket,Appetizer,1,₱395.00,₱395.00
79028,Honey Lemon J,Drinks,1,₱135.00,₱135.00
79028,Rootbeer Float Rated G,Drinks,1,₱225.00,₱225.00
79028,Trash Can,Cocktail,1,₱395.00,₱395.00
79028,Rootbeer Float,Drinks,1,₱225.00,₱225.00
79028,Trash Can,Dessert,1,₱395.00,₱395.00
79030,Honey-Sriracha Chicken,Entree,2,₱375.00,₱750.00
79030,UTB Burger,Burger/Wrap & More,1,₱425.00,₱425.00
79030,Truffle Pasta,Pasta,1,₱435.00,₱435.00
79030,Salis Curry Steak,Entree,1,₱425.00,₱425.00
79030,Salmon Rice,Entree,1,₱665.00,₱665.00
79030,Cerveza Negra,Beer,1,₱150.00,₱150.00
79030,Coke Zero,Drinks,2,₱105.00,₱210.00
79030,Salmon Rice,Entree,1,₱665.00,₱665.00
79030,Cerveza Negra,Beer,1,₱150.00,₱150.00
79032,Vanilla Latte,Coffee,1,₱205.00,₱205.00
79034,Bucket Superdry,Beer,1,₱750.00,₱750.00
79034,Tokwat Porky Pig,Appetizer,1,₱395.00,₱395.00
79034,Truffle Parmesan Fries,Appetizer,1,₱325.00,₱325.00
79034,Tailgate Ribs,Entree,1,₱595.00,₱595.00
79034,Bucket Pilsen,Beer,2,₱600.00,"₱1,200.00"
79034,San Mig Pilsen,Beer,2,₱120.00,₱240.00
79035,Cappuccino,Coffee,1,₱185.00,₱185.00
79038,Bucket Assorted,Beer,1,₱750.00,₱750.00
79038,Tokwat Porky Pig,Appetizer,1,₱395.00,₱395.00
79038,Chixsig Nachos,Appetizer,1,₱395.00,₱395.00
79038,Strawberry Lychee Shake,Shake,1,₱255.00,₱255.00
79038,Superdry,Beer,2,₱0.00,₱0.00
79038,Negra,Beer,4,₱0.00,₱0.00
79038,Bucket Assorted,Beer,1,₱750.00,₱750.00
79038,Strawberry Lychee Shake,Shake,1,₱255.00,₱255.00
79038,Superdry,Beer,2,₱0.00,₱0.00
79038,Negra,Beer,4,₱0.00,₱0.00
79040,Caramel Macchiato,Coffee,1,₱195.00,₱195.00
79040,Dark Choco Chip Frappe,Frappe,1,₱285.00,₱285.00
79040,Truffle Parmesan Fries,Appetizer,1,₱325.00,₱325.00
79040,Cajun Pasta,Pasta,1,₱425.00,₱425.00
79040,UTB Burger,Burger/Wrap & More,1,₱425.00,₱425.00
79041,Bucket Light,Beer,4,₱650.00,"₱2,600.00"
79041,Tokwat Porky Pig,Appetizer,1,₱395.00,₱395.00
79041,Tailgate Ribs,Entree,1,₱595.00,₱595.00
79041,Bellagio Mochaccino,Coffee,2,₱225.00,₱450.00
79041,Bucket Light,Beer,4,₱650.00,"₱2,600.00"
79044,Strawberry Matcha Frappe,Frappe,1,₱285.00,₱285.00
79044,Dark Choco Chip Frappe,Frappe,1,₱285.00,₱285.00
79044,Salted Caramel Frappe,Frappe,1,₱255.00,₱255.00
79044,Pinoy Charcuterie,Appetizer,1,₱495.00,₱495.00
79045,Salmon Rice,Entree,1,₱665.00,₱665.00
79045,Truffle Parmesan Fries,Appetizer,1,₱325.00,₱325.00
79045,Spanish Latte,Coffee,1,₱195.00,₱195.00
79045,Plain Rice,Add-ons,1,₱65.00,₱65.00
79045,Free Chicharon,Promos & Freebies,1,₱0.00,₱0.00
79045,Container,Packaging,1,₱10.00,₱10.00
79048,Bucket Light,Beer,2,₱650.00,"₱1,300.00"
79048,Tailgate Ribs,Entree,1,₱595.00,₱595.00
79048,Pinoy Charcuterie,Appetizer,1,₱495.00,₱495.00
79048,Chicken Parm,Entree,1,₱495.00,₱495.00
79048,Baletea,Tea,1,₱205.00,₱205.00
79048,Plain Rice,Add-ons,1,₱65.00,₱65.00
79048,Free Chicharon,Promos & Freebies,1,₱0.00,₱0.00
79051,Batwan Beef Stew,Entree,1,₱725.00,₱725.00
79051,Caesar,Salad,1,₱365.00,₱365.00
79051,Viet Coffee,Coffee,1,₱195.00,₱195.00
79051,Truffle Parmesan Fries,Appetizer,1,₱325.00,₱325.00
79051,Plain Rice,Add-ons,4,₱65.00,₱260.00
79051,Free Chicharon,Promos & Freebies,1,₱0.00,₱0.00
79051,Container,Packaging,2,₱10.00,₱20.00
79054,Bucket Pilsen,Beer,2,₱600.00,"₱1,200.00"
79054,Tailgate Ribs,Entree,2,₱595.00,"₱1,190.00"
79054,Pinoy Charcuterie,Appetizer,1,₱495.00,₱495.00
79054,Chicken in a Basket,Appetizer,1,₱395.00,₱395.00
79054,Baletea Freeze,Cocktail,1,₱365.00,₱365.00
79054,Plain Rice,Add-ons,4,₱65.00,₱260.00
79054,Free Chicharon,Promos & Freebies,1,₱0.00,₱0.00
79054,Container,Packaging,1,₱10.00,₱10.00
79057,Chicken Parm,Entree,1,₱495.00,₱495.00
79057,Mac & Cheese,Pasta,1,₱445.00,₱445.00
79057,Baletea,Tea,1,₱205.00,₱205.00
79057,Spanish Latte,Coffee,1,₱195.00,₱195.00
79057,Plain Rice,Add-ons,1,₱65.00,₱65.00
79057,Free Chicharon,Promos & Freebies,1,₱0.00,₱0.00
79060,Tailgate Ribs,Entree,1,₱595.00,₱595.00
79060,Chicken Parm,Entree,1,₱495.00,₱495.00
79060,Truffle Parmesan Fries,Appetizer,1,₱325.00,₱325.00
79060,Baletea,Tea,2,₱205.00,₱410.00
79060,Plain Rice,Add-ons,3,₱65.00,₱195.00
79060,Free Chicharon,Promos & Freebies,1,₱0.00,₱0.00
79063,Bucket Light,Beer,2,₱650.00,"₱1,300.00"
79063,Bucket Pilsen,Beer,1,₱600.00,₱600.00
79063,Tailgate Ribs,Entree,2,₱595.00,"₱1,190.00"
79063,Pinoy Charcuterie,Appetizer,1,₱495.00,₱495.00
79063,Truffle Parmesan Fries,Appetizer,1,₱325.00,₱325.00
79063,Baletea Freeze,Cocktail,1,₱365.00,₱365.00
79063,Free Chicharon,Promos & Freebies,1,₱0.00,₱0.00
79066,Salmon Rice,Entree,1,₱665.00,₱665.00
79066,Mac & Cheese,Pasta,1,₱445.00,₱445.00
79066,Caesar,Salad,1,₱365.00,₱365.00
79066,Spanish Latte,Coffee,1,₱195.00,₱195.00
79066,Plain Rice,Add-ons,4,₱65.00,₱260.00
79066,Free Chicharon,Promos & Freebies,1,₱0.00,₱0.00
79066,Container,Packaging,5,₱10.00,₱50.00
79069,Bucket Pilsen,Beer,2,₱600.00,"₱1,200.00"
79069,Chicken in a Basket,Appetizer,1,₱395.00,₱395.00
79069,Pinoy Charcuterie,Appetizer,1,₱495.00,₱495.00
79069,Batwan Beef Stew,Entree,1,₱725.00,₱725.00
79069,Baletea,Tea,1,₱205.00,₱205.00
79069,Plain Rice,Add-ons,1,₱65.00,₱65.00
79069,Free Chicharon,Promos & Freebies,1,₱0.00,₱0.00
79072,Chicken Parm,Entree,1,₱495.00,₱495.00
79072,Truffle Parmesan Fries,Appetizer,1,₱325.00,₱325.00
79072,Viet Coffee,Coffee,1,₱195.00,₱195.00
79072,Baletea,Tea,1,₱205.00,₱205.00
79072,Plain Rice,Add-ons,3,₱65.00,₱195.00
79072,Free Chicharon,Promos & Freebies,1,₱0.00,₱0.00
79072,Container,Packaging,1,₱10.00,₱10.00
79075,Bucket Light,Beer,2,₱650.00,"₱1,300.00"
79075,Pinoy Charcuterie,Appetizer,1,₱495.00,₱495.00
79075,Chicken Parm,Entree,1,₱495.00,₱495.00
79075,Truffle Parmesan Fries,Appetizer,1,₱325.00,₱325.00
79075,Baletea,Tea,1,₱205.00,₱205.00
79075,Free Chicharon,Promos & Freebies,1,₱0.00,₱0.00
79078,Batwan Beef Stew,Entree,1,₱725.00,₱725.00
79078,Caesar,Salad,1,₱365.00,₱365.00
79078,Spanish Latte,Coffee,1,₱195.00,₱195.00
79078,Plain Rice,Add-ons,2,₱65.00,₱130.00
79078,Free Chicharon,Promos & Freebies,1,₱0.00,₱0.00
79081,Bucket Pilsen,Beer,2,₱600.00,"₱1,200.00"
79081,Tailgate Ribs,Entree,2,₱595.00,"₱1,190.00"
79081,Pinoy Charcuterie,Appetizer,1,₱495.00,₱495.00
79081,Chicken in a Basket,Appetizer,1,₱395.00,₱395.00
79081,Baletea Freeze,Cocktail,1,₱365.00,₱365.00
79081,Plain Rice,Add-ons,5,₱65.00,₱325.00
79081,Free Chicharon,Promos & Freebies,1,₱0.00,₱0.00
79085,Salmon Rice,Entree,1,₱665.00,₱665.00
79085,Mac & Cheese,Pasta,1,₱445.00,₱445.00
79085,Viet Coffee,Coffee,1,₱195.00,₱195.00
79085,Truffle Parmesan Fries,Appetizer,1,₱325.00,₱325.00
79085,Plain Rice,Add-ons,5,₱65.00,₱325.00
79085,Free Chicharon,Promos & Freebies,1,₱0.00,₱0.00
79089,Bucket Light,Beer,2,₱650.00,"₱1,300.00"
79089,Bucket Pilsen,Beer,1,₱600.00,₱600.00
79089,Tailgate Ribs,Entree,2,₱595.00,"₱1,190.00"
79089,Pinoy Charcuterie,Appetizer,1,₱495.00,₱495.00
79089,Chicken Parm,Entree,1,₱495.00,₱495.00
79089,Baletea,Tea,2,₱205.00,₱410.00
79089,Plain Rice,Add-ons,8,₱65.00,₱520.00
79089,Free Chicharon,Promos & Freebies,1,₱0.00,₱0.00
79089,Container,Packaging,1,₱10.00,₱10.00
79093,Tailgate Ribs,Entree,1,₱595.00,₱595.00
79093,Mac & Cheese,Pasta,1,₱445.00,₱445.00
79093,Caesar,Salad,1,₱365.00,₱365.00
79093,Baletea,Tea,1,₱205.00,₱205.00
79093,Plain Rice,Add-ons,6,₱65.00,₱390.00
79093,Free Chicharon,Promos & Freebies,1,₱0.00,₱0.00
79093,Container,Packaging,1,₱10.00,₱10.00
79098,Bucket Light,Beer,2,₱650.00,"₱1,300.00"
79098,Tailgate Ribs,Entree,2,₱595.00,"₱1,190.00"
79098,Pinoy Charcuterie,Appetizer,1,₱495.00,₱495.00
79098,Chicken Parm,Entree,1,₱495.00,₱495.00
79098,Baletea Freeze,Cocktail,1,₱365.00,₱365.00
79098,Plain Rice,Add-ons,4,₱65.00,₱260.00
79098,Free Chicharon,Promos & Freebies,1,₱0.00,₱0.00
79103,Batwan Beef Stew,Entree,1,₱725.00,₱725.00
79103,Truffle Parmesan Fries,Appetizer,1,₱325.00,₱325.00
79103,Viet Coffee,Coffee,1,₱195.00,₱195.00
79103,Baletea,Tea,1,₱205.00,₱205.00
79103,Plain Rice,Add-ons,1,₱65.00,₱65.00
79103,Free Chicharon,Promos & Freebies,1,₱0.00,₱0.00
79103,Container,Packaging,1,₱10.00,₱10.00
79108,Bucket Pilsen,Beer,2,₱600.00,"₱1,200.00"
79108,Chicken in a Basket,Appetizer,1,₱395.00,₱395.00
79108,Pinoy Charcuterie,Appetizer,1,₱495.00,₱495.00
79108,Salmon Rice,Entree,1,₱665.00,₱665.00
79108,Baletea,Tea,1,₱205.00,₱205.00
79108,Plain Rice,Add-ons,2,₱65.00,₱130.00
79108,Free Chicharon,Promos & Freebies,1,₱0.00,₱0.00
79112,Bucket Light,Beer,2,₱650.00,"₱1,300.00"
79112,Bucket Pilsen,Beer,1,₱600.00,₱600.00
79112,Tailgate Ribs,Entree,2,₱595.00,"₱1,190.00"
79112,Pinoy Charcuterie,Appetizer,1,₱495.00,₱495.00
79112,Chicken Parm,Entree,1,₱495.00,₱495.00
79112,Baletea Freeze,Cocktail,1,₱365.00,₱365.00
79112,Plain Rice,Add-ons,5,₱65.00,₱325.00
79112,Free Chicharon,Promos & Freebies,1,₱0.00,₱0.00
79113,Coke Zero,Drinks,1,₱105.00,₱105.00
79113,Mountain Dew,Drinks,1,₱105.00,₱105.00
79113,Honey Lemon J,Drinks,2,₱135.00,₱270.00
79113,Chicken & Waffles,Entree,1,₱425.00,₱425.00
79113,Tailgate Ribs,Entree,1,₱595.00,₱595.00
79113,Chicken Parm,Entree,1,₱495.00,₱495.00
79113,Egg,Add-ons,1,₱40.00,₱40.00
79113,Plain Rice,Add-ons,1,₱65.00,₱65.00
79114,Tailgate Ribs,Entree,1,₱595.00,₱595.00
79114,Chicken Parm,Entree,1,₱495.00,₱495.00
79114,Cajun Pasta,Pasta,1,₱425.00,₱425.00
79114,Plain Rice,Add-ons,1,₱65.00,₱65.00
79114,Banana Peanut Butter,Frappe,1,₱275.00,₱275.00
79116,Baletea,Tea,1,₱205.00,₱205.00
79116,Pinoy Charcuterie,Appetizer,1,₱495.00,₱495.00
79116,K. Pork Bowl,Entree,1,₱595.00,₱595.00
79118,Surf & Turf,Entree,1,"₱1,195.00","₱1,195.00"
79118,Fish Be With U,Entree,1,₱795.00,₱795.00
79118,Tailgate Ribs,Entree,1,₱595.00,₱595.00
79118,Seafood Chowda,Soup,1,₱365.00,₱365.00
79118,Fish Taco,Appetizer,1,₱395.00,₱395.00
79118,Chicken & Waffles,Entree,1,₱425.00,₱425.00
79118,Warm Poke Bowl,Entree,1,₱625.00,₱625.00
79118,K. Beef Bowl,Entree,1,₱895.00,₱895.00
79118,Plain Rice,Add-ons,3,₱65.00,₱195.00
79118,Mango Tapioca,Dessert,1,₱245.00,₱245.00
79118,Trash Can,Dessert,1,₱395.00,₱395.00
79118,Latte,Coffee,1,₱185.00,₱185.00
79118,Murica,Coffee,1,₱150.00,₱150.00
79118,Spanish Latte,Coffee,2,₱195.00,₱390.00
79119,Seafood Chowda,Soup,1,₱365.00,₱365.00
79119,Tailgate Ribs,Entree,1,₱595.00,₱595.00
79119,Shrimp Po Boy,Burger/Wrap & More,1,₱455.00,₱455.00
79119,Tapsi & More,Entree,1,₱425.00,₱425.00
79119,Mango Tapioca,Dessert,1,₱245.00,₱245.00
79119,Plain Rice,Add-ons,1,₱65.00,₱65.00
79122,Mac & Cheese,Pasta,1,₱445.00,₱445.00
79122,Tailgate Ribs,Entree,1,₱595.00,₱595.00
79122,Batwan Beef Stew,Entree,1,₱725.00,₱725.00
79122,Chicken Rice,Entree,1,₱405.00,₱405.00
79122,Container,Packaging,2,₱10.00,₱20.00
79124,Kawali Bowl,Entree,1,₱199.00,₱199.00
79124,Seafood Pesto,Pasta,1,₱495.00,₱495.00
79124,Mac & Cheese,Pasta,1,₱445.00,₱445.00
79124,Honey-Sriracha Chicken,Entree,1,₱375.00,₱375.00
79124,Fries,Side Dish,1,₱95.00,₱95.00
79124,Coke Zero,Drinks,2,₱105.00,₱210.00
79126,Mango Tapioca,Dessert,2,₱245.00,₱490.00
79126,Spanish Latte,Coffee,1,₱195.00,₱195.00
79126,Dirty Matcha,Coffee,1,₱225.00,₱225.00
79126,Dark Choco Chip Frappe,Frappe,1,₱285.00,₱285.00
79128,Fish Taco,Appetizer,1,₱395.00,₱395.00
79128,Shrimp Po Boy,Burger/Wrap & More,1,₱455.00,₱455.00
79128,Bunwich Ala UTB,Burger/Wrap & More,1,₱375.00,₱375.00
79128,Mango Tapioca,Dessert,1,₱245.00,₱245.00
79130,Baletea,Tea,1,₱205.00,₱205.00
79130,Coke Zero,Drinks,1,₱105.00,₱105.00
79130,Beef Salpicao,Entree,1,₱545.00,₱545.00
79130,Pinoy Charcuterie,Appetizer,1,₱495.00,₱495.00
79130,Truffle Pasta,Pasta,1,₱435.00,₱435.00
79133,Chicken in a Basket,Appetizer,1,₱395.00,₱395.00
79133,Plain Rice,Add-ons,1,₱65.00,₱65.00
79133,Truffle Pasta,Pasta,1,₱435.00,₱435.00
79133,Mango Tapioca,Dessert,2,₱245.00,₱490.00
79133,Salted Caramel Frappe,Frappe,1,₱255.00,₱255.00
79139,Bread Pudding,Dessert,1,₱215.00,₱215.00
79139,Strawberry Frappe,Frappe,1,₱255.00,₱255.00
79139,Chicken in a Basket,Appetizer,1,₱395.00,₱395.00
79139,Truffle Pasta,Pasta,1,₱435.00,₱435.00
79139,Chicken & Waffles,Entree,1,₱425.00,₱425.00
79139,UTB Burger,Burger/Wrap & More,1,₱425.00,₱425.00
79139,Plain Rice,Add-ons,1,₱65.00,₱65.00
79142,San Mig Pilsen,Beer,2,₱120.00,₱240.00
79142,Thai Shrimp,Entree,1,₱425.00,₱425.00
79142,Grilled Tuna,Entree,1,₱395.00,₱395.00
79142,Surf & Turf,Entree,1,"₱1,195.00","₱1,195.00"
79142,Batwan Beef Stew,Entree,1,₱725.00,₱725.00
79142,Plain Rice,Add-ons,3,₱65.00,₱195.00
79142,Green Mango Shake,Shake,1,₱225.00,₱225.00
79142,Cocoa Wonka,Drinks,1,₱245.00,₱245.00
79144,SOP,Pizza,1,₱425.00,₱425.00
79144,C3,Drinks,1,₱245.00,₱245.00
79144,Mango Tapioca,Dessert,1,₱245.00,₱245.00
79144,Platter Garlic Rice,Side Dish,1,₱395.00,₱395.00
79144,Tailgate Ribs,Entree,1,₱595.00,₱595.00
79144,Chicken Parm,Entree,1,₱495.00,₱495.00
79144,Container,Packaging,1,₱10.00,₱10.00
79146,C3,Drinks,2,₱245.00,₱490.00
79146,Bone-In Porkchop,Entree,1,"₱1,095.00","₱1,095.00"
79146,Asian Chicken,Salad,1,₱365.00,₱365.00
79146,Sisig Rice Bowl,Entree,1,₱415.00,₱415.00
79146,Warm Poke Bowl,Entree,2,₱625.00,"₱1,250.00"
79146,Shrimp Po Boy,Burger/Wrap & More,1,₱455.00,₱455.00
79146,Bread Pudding,Dessert,1,₱215.00,₱215.00
79146,Creme Brulee,Dessert,1,₱245.00,₱245.00
79148,Mug Root Beer,Beer,1,₱105.00,₱105.00
79148,Under the Summer Sun,Cocktail,1,₱335.00,₱335.00
79148,Tailgate Ribs,Entree,1,₱595.00,₱595.00
79148,Bunwich Ala UTB,Burger/Wrap & More,1,₱375.00,₱375.00
79148,Cajun Pasta,Pasta,1,₱425.00,₱425.00
79148,Salmon Rice,Entree,1,₱665.00,₱665.00
79150,Baletea,Tea,1,₱205.00,₱205.00
79150,Strawberry Lychee Shake,Shake,2,₱255.00,₱510.00
79150,Mango Shake,Shake,1,₱225.00,₱225.00
79150,Honey Lemon J,Drinks,1,₱135.00,₱135.00
79150,Coke Zero,Drinks,1,₱105.00,₱105.00
79150,Pinoy Charcuterie,Appetizer,1,₱495.00,₱495.00
79150,Tailgate Ribs,Entree,2,₱595.00,"₱1,190.00"
79150,Sisig Rice Bowl,Entree,2,₱415.00,₱830.00
79150,Chicken Rice,Entree,1,₱405.00,₱405.00
79150,Creme Brulee,Dessert,1,₱245.00,₱245.00
79150,Plain Rice,Add-ons,2,₱65.00,₱130.00
79152,C3,Drinks,1,₱245.00,₱245.00
79152,Honey-Sriracha Chicken,Entree,1,₱375.00,₱375.00
79152,Mac & Cheese,Pasta,1,₱445.00,₱445.00
79152,Salis Curry Steak,Entree,1,₱425.00,₱425.00
79152,Creme Brulee,Dessert,1,₱245.00,₱245.00
79152,Trash Can,Dessert,1,₱395.00,₱395.00
79154,Bucket Light,Beer,5,₱650.00,"₱3,250.00"
79154,C3,Drinks,1,₱245.00,₱245.00
79154,Grilled Tuna,Entree,4,₱395.00,"₱1,580.00"
79156,C3,Drinks,1,₱245.00,₱245.00
79158,Grilled Tuna,Entree,1,₱395.00,₱395.00
79158,San Mig Light,Beer,2,₱130.00,₱260.00
79158,Red Sangria,Cocktail,1,₱345.00,₱345.00
79161,Truffle Pasta,Pasta,1,₱435.00,₱435.00
79161,Seafood Pesto,Pasta,1,₱495.00,₱495.00
79161,Tapsi & More,Entree,1,₱425.00,₱425.00
79161,Tapsi & More,Entree,1,₱425.00,₱425.00
79162,Spanish Latte,Coffee,1,₱195.00,₱195.00
79162,Latte,Coffee,1,₱185.00,₱185.00
79162,Sisig Rice Bowl,Entree,1,₱415.00,₱415.00
79166,Honey-Sriracha Chicken,Entree,1,₱375.00,₱375.00
79166,Grilled Tuna,Entree,1,₱395.00,₱395.00
79167,Honey-Sriracha Chicken,Entree,1,₱375.00,₱375.00
79170,Mac & Cheese,Pasta,1,₱445.00,₱445.00
79171,C3,Drinks,1,₱245.00,₱245.00
79171,Black Pepper Beef,Appetizer,1,₱525.00,₱525.00
79171,Plain Rice,Add-ons,1,₱65.00,₱65.00
79173,Surf & Turf,Entree,1,"₱1,195.00","₱1,195.00"
79173,Bucket Light,Beer,1,₱650.00,₱650.00
79173,Chicken Rice,Entree,1,₱405.00,₱405.00
79173,Tailgate Ribs,Entree,1,₱595.00,₱595.00
79173,Salmon Rice,Entree,1,₱665.00,₱665.00
79173,Banana Peanut Butter,Frappe,1,₱275.00,₱275.00
79173,Plain Rice,Add-ons,2,₱65.00,₱130.00
79175,Truffle Pasta,Pasta,1,₱435.00,₱435.00
79175,Chicken Rice,Entree,1,₱405.00,₱405.00
79175,Baletea,Tea,1,₱205.00,₱205.00
79183,Baletea,Tea,1,₱205.00,₱205.00
79183,Asian Chicken,Salad,1,₱365.00,₱365.00
79183,Egg,Add-ons,2,₱40.00,₱80.00
79186,Murica,Coffee,3,₱150.00,₱450.00
79187,Murica,Coffee,1,₱150.00,₱150.00
79191,Honey-Sriracha Chicken,Entree,1,₱375.00,₱375.00
79191,Garlic Rice,Add-ons,1,₱95.00,₱95.00
79191,Beef Salpicao,Entree,1,₱545.00,₱545.00
79191,Plain Rice,Add-ons,1,₱65.00,₱65.00
79191,Creme Brulee,Dessert,1,₱245.00,₱245.00
79191,Strawberry Lychee Shake,Shake,1,₱255.00,₱255.00
79195,Spanish Latte,Coffee,1,₱195.00,₱195.00
79195,Chicken in a Basket,Appetizer,1,₱395.00,₱395.00
79195,Shrimp Po Boy,Burger/Wrap & More,1,₱475.00,₱475.00
79195,Truffle Pasta,Pasta,1,₱435.00,₱435.00
79195,Container,Packaging,2,₱10.00,₱20.00
79199,Spanish Latte,Coffee,1,₱195.00,₱195.00
79199,Lychee Shake,Shake,1,₱225.00,₱225.00
79199,Beef Salpicao,Entree,1,₱545.00,₱545.00
79199,Shrimp & Chips,Appetizer,1,₱415.00,₱415.00
79207,Fish Be With U,Entree,1,₱795.00,₱795.00
79207,Beef and Shrimp Salpicao,Entree,1,₱895.00,₱895.00
79207,Caesar,Salad,1,₱365.00,₱365.00
79207,Trash Can,Dessert,1,₱395.00,₱395.00
79209,Seafood Chowda,Soup,2,₱365.00,₱730.00
79209,Squash Soup,Soup,1,₱315.00,₱315.00
79209,Honey-Sriracha Chicken,Entree,1,₱375.00,₱375.00
79209,Seafood Pesto,Pasta,1,₱495.00,₱495.00
79209,Sisig Rice Bowl,Entree,1,₱415.00,₱415.00
79209,Chicken Parm,Entree,1,₱495.00,₱495.00
79209,Plain Rice,Add-ons,2,₱65.00,₱130.00
79216,Murica,Coffee,1,₱150.00,₱150.00
79218,Shrimp Salpicao,Entree,1,₱415.00,₱415.00
79218,Plain Rice,Add-ons,1,₱65.00,₱65.00
79218,Chicken Rice,Entree,1,₱405.00,₱405.00
79220,Honey-Sriracha Chicken,Entree,1,₱375.00,₱375.00
79222,Salted Caramel Frappe,Frappe,1,₱255.00,₱255.00
79222,Viet Coffee,Coffee,1,₱195.00,₱195.00
79225,Lychee Shake,Shake,1,₱225.00,₱225.00
79225,UTB Burger,Burger/Wrap & More,1,₱425.00,₱425.00
79225,Spanish Latte,Coffee,1,₱195.00,₱195.00
79228,Murica,Coffee,2,₱150.00,₱300.00
79230,Fish Be With U,Entree,1,₱795.00,₱795.00
79230,Coke Zero,Drinks,1,₱105.00,₱105.00
79230,Bottled Water,Drinks,1,₱65.00,₱65.00
79230,Honey Lemon J,Drinks,1,₱135.00,₱135.00
79230,Truffle Parmesan Fries,Appetizer,1,₱325.00,₱325.00
79230,Grilled Tuna,Entree,1,₱395.00,₱395.00
79230,K. Pork Bowl,Entree,1,₱595.00,₱595.00
79230,Bone-In Porkchop,Entree,1,"₱1,095.00","₱1,095.00"
79230,Creme Brulee,Dessert,2,₱245.00,₱490.00
79230,Mango Tapioca,Dessert,1,₱245.00,₱245.00
79230,Container,Packaging,2,₱10.00,₱20.00
79236,Pinoy Charcuterie,Appetizer,1,₱495.00,₱495.00
79236,Beef Salpicao,Entree,2,₱545.00,"₱1,090.00"
79236,Thai Shrimp,Entree,2,₱425.00,₱850.00
79236,Bone-In Porkchop,Entree,1,"₱1,095.00","₱1,095.00"
79236,Batwan Beef Stew,Entree,2,₱725.00,"₱1,450.00"
79236,Platter Plain Rice,Side Dish,1,₱295.00,₱295.00
79236,Marrow Brulee,Dessert,2,₱365.00,₱730.00
79238,Green Mango Shake,Shake,1,₱225.00,₱225.00
79238,Salted Caramel Frappe,Frappe,1,₱255.00,₱255.00
79238,Dark Choco Chip Frappe,Frappe,1,₱285.00,₱285.00
79238,Pinoy Charcuterie,Appetizer,1,₱495.00,₱495.00
79238,Mac & Cheese,Pasta,1,₱445.00,₱445.00
79238,Cajun Pasta,Pasta,1,₱425.00,₱425.00
79240,Grilled Tuna,Entree,1,₱395.00,₱395.00
79240,Sausage Diablo,Appetizer,1,₱325.00,₱325.00
79240,Garlic Rice,Add-ons,2,₱95.00,₱190.00
79245,Bunwich Ala UTB,Burger/Wrap & More,3,₱375.00,"₱1,125.00"
79245,Mac & Cheese,Pasta,1,₱445.00,₱445.00
79245,Salis Curry Steak,Entree,1,₱425.00,₱425.00
79247,Spanish Latte,Coffee,1,₱195.00,₱195.00
79247,Honey Lemon J,Drinks,1,₱135.00,₱135.00
79247,Bread Pudding,Dessert,1,₱215.00,₱215.00
79250,Bucket Pilsen,Beer,1,₱600.00,₱600.00
79250,Mac & Cheese,Pasta,1,₱445.00,₱445.00
79251,Thai Shrimp,Entree,1,₱425.00,₱425.00
79251,Truffle Parmesan Fries,Appetizer,1,₱325.00,₱325.00
79251,Tailgate Ribs,Entree,1,₱595.00,₱595.00
79251,Bread Pudding,Dessert,1,₱215.00,₱215.00
79251,Tropical White Lady,Mocktails,1,₱355.00,₱355.00
79251,Lychee Mojito,Cocktail,1,₱355.00,₱355.00
79255,Bellagio Mochaccino,Coffee,1,₱225.00,₱225.00
79255,Strawberry Lychee Shake,Shake,1,₱255.00,₱255.00
79256,SOP,Pizza,1,₱425.00,₱425.00
79256,Pinoy Charcuterie,Appetizer,1,₱495.00,₱495.00
79256,Bucket Light,Beer,2,₱650.00,"₱1,300.00"
79256,Vegetable Arrabbiata,Pasta,1,₱415.00,₱415.00
79257,San Mig Pilsen,Beer,1,₱120.00,₱120.00
79259,Murica,Coffee,1,₱150.00,₱150.00
79259,Latte,Coffee,1,₱185.00,₱185.00
79259,SOP,Pizza,1,₱425.00,₱425.00
79259,Container,Packaging,1,₱10.00,₱10.00
79261,Johnnie Walker Black S,Hard Liquor,2,₱195.00,₱390.00
79261,Strawberry Lychee Shake,Shake,1,₱255.00,₱255.00
79264,Cerveza Negra,Beer,1,₱150.00,₱150.00
79264,Salmon Rice,Entree,1,₱665.00,₱665.00
79264,Boozy Affogato,Boozy Coffee,2,₱375.00,₱750.00
79265,Truffle Pasta,Pasta,1,₱435.00,₱435.00
79265,UTB Burger,Burger/Wrap & More,1,₱425.00,₱425.00
79265,Red Sangria,Cocktail,1,₱345.00,₱345.00
79265,Lychee Mojito,Cocktail,1,₱355.00,₱355.00
79267,Caramel Macchiato,Coffee,1,₱195.00,₱195.00
79267,Mango Shake,Shake,1,₱225.00,₱225.00
79267,Tailgate Ribs,Entree,1,₱595.00,₱595.00
79267,Plain Rice,Add-ons,1,₱65.00,₱65.00
79267,Salis Curry Steak,Entree,1,₱425.00,₱425.00
79267,Mango Tapioca,Dessert,1,₱245.00,₱245.00
79267,Creme Brulee,Dessert,1,₱245.00,₱245.00
79267,Mac & Cheese,Pasta,1,₱445.00,₱445.00
79267,Container,Packaging,1,₱10.00,₱10.00
79268,San Mig Pilsen,Beer,2,₱120.00,₱240.00
79272,Hazelnut Macchiato,Coffee,1,₱205.00,₱205.00
79272,Bellagio Mochaccino,Coffee,1,₱225.00,₱225.00
79272,UTB Burger,Burger/Wrap & More,1,₱425.00,₱425.00
79272,Mac & Cheese,Pasta,1,₱445.00,₱445.00
79280,Coke Regular,Drinks,1,₱125.00,₱125.00
79282,Salis Curry Steak,Entree,1,₱425.00,₱425.00
79282,Sisig Rice Bowl,Entree,1,₱415.00,₱415.00
79284,Grilled Tuna,Entree,1,₱395.00,₱395.00
79284,Salmon Rice,Entree,1,₱665.00,₱665.00
79284,Oxtail Soup,Soup,1,₱795.00,₱795.00
79284,Lychee Shake,Shake,1,₱225.00,₱225.00
79286,Tokwat Porky Pig,Entree,1,₱395.00,₱395.00
79286,Garlic Rice,Add-ons,1,₱95.00,₱95.00
79286,Cappuccino,Coffee,1,₱185.00,₱185.00
79288,Oxtail Soup,Soup,1,₱795.00,₱795.00
79288,Tailgate Ribs,Entree,1,₱595.00,₱595.00
79288,Plain Rice,Add-ons,1,₱65.00,₱65.00
79288,Viet Coffee,Coffee,1,₱195.00,₱195.00
79290,Viet Coffee,Coffee,1,₱195.00,₱195.00
79290,Spanish Latte,Coffee,2,₱195.00,₱390.00
79293,Baletea,Tea,1,₱205.00,₱205.00
79293,Yolo,Shake,1,₱255.00,₱255.00
79293,Truffle Parmesan Fries,Appetizer,1,₱325.00,₱325.00
79293,Batwan Beef Stew,Entree,1,₱725.00,₱725.00
79293,Surf & Turf,Entree,1,"₱1,195.00","₱1,195.00"
79293,Tailgate Ribs,Entree,1,₱595.00,₱595.00
79293,Container,Packaging,1,₱10.00,₱10.00
79295,Asian Chicken,Salad,1,₱365.00,₱365.00
79295,Egg,Add-ons,2,₱40.00,₱80.00
79298,Chicken Parm,Entree,1,₱495.00,₱495.00
79298,Tapsi & More,Entree,2,₱425.00,₱850.00
79298,Bunwich Ala UTB,Entree,1,₱375.00,₱375.00
79298,Salis Curry Steak,Entree,1,₱425.00,₱425.00
79298,Sop,Pizza,1,₱425.00,₱425.00
79298,Baletea,Tea,1,₱615.00,₱615.00
79298,Cappuccino,Coffee,1,₱185.00,₱185.00
79298,Chicken Rice,Entree,1,₱405.00,₱405.00
79298,Asian Chicken,Salad,1,₱365.00,₱365.00
79298,Plain Rice,Add-ons,1,₱65.00,₱65.00
79298,Mango Shake,Shake,1,₱225.00,₱225.00
79298,Honey Lemon J,Drinks,1,₱135.00,₱135.00
79298,Lychee Shake,Shake,2,₱225.00,₱450.00
79298,Strawberry Frappe,Frappe,1,₱255.00,₱255.00
79298,San Mig Light,Beer,2,₱130.00,₱260.00
79298,Yogi Tea,Tea,1,₱125.00,₱125.00
79300,Caramel Macchiato,Coffee,1,₱195.00,₱195.00
79300,Hazelnut Macchiato,Coffee,1,₱205.00,₱205.00
79300,Truffle Pasta,Pasta,1,₱435.00,₱435.00
79302,Truffle Pasta,Pasta,1,₱435.00,₱435.00
79302,Thai Shrimp,Entree,1,₱425.00,₱425.00
79302,Black Pepper Beef,Appetizer,1,₱525.00,₱525.00
79302,Sausage Angel,Appetizer,1,₱325.00,₱325.00
79302,Seafood Pesto,Pasta,1,₱495.00,₱495.00
79302,Salis Curry Steak,Entree,1,₱425.00,₱425.00
79302,C3,Drinks,1,₱245.00,₱245.00
79302,Chicken Parm,Entree,1,₱495.00,₱495.00
79304,Tokwat Porky Pig,Entree,4,₱395.00,"₱1,580.00"
79304,Bucket Pilsen,Beer,2,₱600.00,"₱1,200.00"
79304,Bucket Light,Beer,2,₱650.00,"₱1,300.00"
79304,Bucket Assorted,Beer,1,₱750.00,₱750.00
79304,San Mig Pilsen,Beer,3,₱0.00,₱0.00
79304,San Mig Light,Beer,3,₱0.00,₱0.00
79306,Sisig Rice Bowl,Entree,1,₱415.00,₱415.00
79306,Mac & Cheese,Pasta,1,₱445.00,₱445.00
79309,Warm Poke Bowl,Entree,1,₱625.00,₱625.00
79309,Vegetable Arrabbiata,Pasta,1,₱415.00,₱415.00
79309,Baletea Freeze,Cocktail,1,₱365.00,₱365.00
79310,Creme Brulee,Dessert,1,₱245.00,₱245.00
79310,Mango Tapioca,Dessert,1,₱245.00,₱245.00
79312,Tailgate Ribs,Entree,1,₱595.00,₱595.00
79312,Plain Rice,Add-ons,1,₱65.00,₱65.00
79312,Salmon Rice,Entree,1,₱665.00,₱665.00
79312,C3,Drinks,1,₱245.00,₱245.00
79312,Strawberry Matcha Frappe,Frappe,1,₱285.00,₱285.00
79314,Bucket Assorted,Beer,1,₱750.00,₱750.00
79314,San Mig Light,Beer,3,₱0.00,₱0.00
79314,San Mig Pilsen,Beer,3,₱0.00,₱0.00
79315,Bucket Assorted,Beer,3,₱750.00,"₱2,250.00"
79315,Pork Sisig,Entree,1,₱345.00,₱345.00
79315,Chicken in a Basket,Appetizer,1,₱395.00,₱395.00
79315,San Mig Light,Beer,6,₱0.00,₱0.00
79315,San Mig Pilsen,Beer,12,₱0.00,₱0.00
79315,Container,Packaging,1,₱10.00,₱10.00
79325,Coke Regular,Drinks,1,₱105.00,₱105.00
79325,Coke Zero,Drinks,1,₱105.00,₱105.00
79325,Tailgate Ribs,Entree,1,₱595.00,₱595.00
79325,UTB Burger,Burger/Wrap & More,1,₱425.00,₱425.00
79327,Simple Affogato,Coffee,1,₱245.00,₱245.00
79327,Chixsig Nachos,Appetizer,1,₱395.00,₱395.00
79327,UTB Burger,Burger/Wrap & More,2,₱425.00,₱850.00
79329,Asian Chicken,Salad,1,₱365.00,₱365.00
79333,Matcha Frappe,Frappe,1,₱255.00,₱255.00
79333,Black Pepper Beef,Appetizer,1,₱525.00,₱525.00
79333,Fish Taco,Appetizer,1,₱395.00,₱395.00
79333,Container,Packaging,1,₱10.00,₱10.00
79341,Mac & Cheese,Pasta,1,₱445.00,₱445.00
79341,Murica,Burger/Wrap & More,1,₱150.00,₱150.00
79342,Baletea,Tea,1,₱205.00,₱205.00
79342,Chixsig Nachos,Appetizer,1,₱395.00,₱395.00
79342,Truffle Pasta,Pasta,1,₱435.00,₱435.00
79346,Caesar,Salad,1,₱365.00,₱365.00
79346,Mango Tapioca,Dessert,1,₱245.00,₱245.00
79352,Coke Regular,Drinks,1,₱105.00,₱105.00
79352,Happy Hour 595+,Promos & Freebies,1,₱665.00,₱665.00
79352,San Mig Pilsen,Beer,1,₱120.00,₱120.00
79352,Coke Zero,Drinks,1,₱105.00,₱105.00
79352,San Mig Pilsen,Beer,2,₱0.00,₱0.00
79352,Matchaholic,Matcha,1,₱0.00,₱0.00
79354,Pinoy Charcuterie,Appetizer,1,₱495.00,₱495.00
79354,Viet Coffee,Coffee,1,₱195.00,₱195.00
79354,Eves Apple,Mocktails,1,₱295.00,₱295.00
79354,Mac & Cheese,Pasta,1,₱445.00,₱445.00
79356,Root Beer Float R18,Beer,1,₱325.00,₱325.00
79356,Strawberry Lychee Shake,Shake,1,₱255.00,₱255.00
79356,Seafood Chowda,Soup,1,₱365.00,₱365.00
79356,Sisig Rice Bowl,Entree,2,₱415.00,₱830.00
79356,Tapsi & More,Entree,1,₱425.00,₱425.00
79356,Tailgate Ribs,Entree,1,₱595.00,₱595.00
79356,Cajun Pasta,Pasta,1,₱425.00,₱425.00
79358,San Mig Pilsen,Beer,3,₱120.00,₱360.00
79358,Grilled Tuna,Entree,1,₱395.00,₱395.00
79358,Black Pepper Beef,Appetizer,1,₱525.00,₱525.00
79358,Chicken in a Basket,Appetizer,1,₱395.00,₱395.00
79366,Strawberry Latte,Coffee,1,₱215.00,₱215.00
79366,Latte,Coffee,1,₱185.00,₱185.00
79366,Taco,Appetizer,1,₱345.00,₱345.00
79366,Salis Curry Steak,Entree,1,₱425.00,₱425.00
79368,Chicken in a Basket,Appetizer,1,₱395.00,₱395.00
79368,Murica,Burger/Wrap & More,1,₱150.00,₱150.00
79368,War Heads,Cocktail,1,₱355.00,₱355.00
79368,Pink Margarita,Cocktail,1,₱325.00,₱325.00
79372,Bucket Pilsen,Beer,1,₱600.00,₱600.00
79372,Grilled Tuna,Entree,1,₱395.00,₱395.00
79372,Bucket Light,Beer,1,₱650.00,₱650.00
79372,Dynamite Ala Carte,Appetizer,2,₱155.00,₱310.00
79372,Batwan Beef Stew,Entree,1,₱725.00,₱725.00
79372,Coke Regular,Drinks,2,₱105.00,₱210.00
79372,Garlic Rice,Add-ons,1,₱95.00,₱95.00
79372,Bucket Assorted,Beer,1,₱750.00,₱750.00
79372,San Mig Pilsen,Beer,3,₱0.00,₱0.00
79372,San Mig Light,Beer,3,₱0.00,₱0.00
79382,Seafood Chowda,Soup,1,₱365.00,₱365.00
79382,Caesar,Salad,1,₱365.00,₱365.00
79382,Surf & Turf,Entree,1,"₱1,195.00","₱1,195.00"
79382,C3,Drinks,1,₱245.00,₱245.00
79382,Coke Regular,Drinks,1,₱105.00,₱105.00
79382,UTB Burger,Burger/Wrap & More,1,₱425.00,₱425.00
79382,Chicken & Waffles,Entree,1,₱425.00,₱425.00
79382,Batwan Beef Stew,Entree,1,₱725.00,₱725.00
79382,Tailgate Ribs,Entree,1,₱595.00,₱595.00
79382,Plain Rice,Add-ons,1,₱65.00,₱65.00
79382,Caramel Macchiato,Coffee,1,₱0.00,₱0.00
79382,Free Pudding,Promos & Freebies,1,₱0.00,₱0.00
79394,Coke Regular,Drinks,3,₱105.00,₱315.00
79394,Truffle Parmesan Fries,Appetizer,1,₱325.00,₱325.00
79394,Chicken & Waffles,Entree,1,₱425.00,₱425.00
79394,Sisig Rice Bowl,Entree,1,₱415.00,₱415.00
79394,Salmon Rice,Entree,1,₱665.00,₱665.00
79412,Coke Zero,Drinks,1,₱105.00,₱105.00
79412,Tokwat Porky Pig,Entree,1,₱395.00,₱395.00
79412,Garlic Rice,Add-ons,1,₱95.00,₱95.00
79412,Salmon Rice,Entree,1,₱665.00,₱665.00
79414,Bucket Light,Beer,3,₱650.00,"₱1,950.00"
79414,Pinoy Charcuterie,Appetizer,1,₱495.00,₱495.00
79414,San Mig Light,Beer,3,₱130.00,₱390.00
79415,Lychee Berry Margarita,Cocktail,1,₱355.00,₱355.00
79417,Caesar,Salad,1,₱365.00,₱365.00
79417,Sop,Pizza,1,₱425.00,₱425.00
79417,Tailgate Ribs,Entree,1,₱595.00,₱595.00
79417,Mac & Cheese,Pasta,1,₱445.00,₱445.00
79417,Mango Shake,Shake,1,₱225.00,₱225.00
79419,San Mig Light,Beer,2,₱130.00,₱260.00
79427,Chicken Parm,Entree,1,₱495.00,₱495.00
79427,Plain Rice,Add-ons,1,₱65.00,₱65.00
79427,Bucket Light,Beer,1,₱650.00,₱650.00
79427,Coke Zero,Drinks,2,₱105.00,₱210.00
79427,Shrimp & Chips,Appetizer,1,₱415.00,₱415.00
79427,Tokwat Porky Pig,Entree,1,₱395.00,₱395.00
79427,Beef Salpicao,Entree,1,₱545.00,₱545.00
79427,Seafood Pesto,Pasta,1,₱495.00,₱495.00
79427,Creme Brulee,Dessert,1,₱245.00,₱245.00
79437,Chicken Rice,Entree,1,₱405.00,₱405.00
79437,Shrimp & Chips,Appetizer,1,₱415.00,₱415.00
79443,Murica,Burger/Wrap & More,1,₱150.00,₱150.00
79443,Cappuccino,Coffee,2,₱185.00,₱370.00
79445,Cappuccino,Coffee,1,₱185.00,₱185.00
79445,Murica,Burger/Wrap & More,2,₱150.00,₱300.00
79445,Hazelnut Macchiato,Coffee,1,₱205.00,₱205.00
79445,Strawberry Matcha Frappe,Frappe,1,₱285.00,₱285.00
79445,Dark Choco Chip Frappe,Frappe,2,₱285.00,₱570.00
79445,Salted Caramel Frappe,Frappe,2,₱255.00,₱510.00
79445,Lychee Shake,Shake,1,₱225.00,₱225.00
79445,Strawberry Lychee Shake,Shake,1,₱255.00,₱255.00
79455,San Mig Pilsen,Beer,1,₱120.00,₱120.00
79455,Bucket Light,Beer,4,₱650.00,"₱2,600.00"
79455,Bucket Pilsen,Beer,2,₱600.00,"₱1,200.00"
79455,Pitcher Red Sangria,Cocktail,3,₱650.00,"₱1,950.00"
79455,Eves Apple,Mocktails,3,₱295.00,₱885.00
79455,Bucket Assorted,Beer,2,₱750.00,"₱1,500.00"
79455,San Mig Light,Beer,7,₱0.00,₱0.00
79455,San Mig Pilsen,Beer,5,₱0.00,₱0.00
79457,Pinoy Charcuterie,Appetizer,4,₱495.00,"₱1,980.00"
79457,Salmon Rice,Entree,9,₱665.00,"₱5,985.00"
79457,Grilled Tuna,Entree,2,₱395.00,₱790.00
79457,Chixsig Nachos,Appetizer,1,₱395.00,₱395.00
79457,Warm Poke Bowl,Entree,6,₱625.00,"₱3,750.00"
79457,K. Beef Bowl,Entree,2,₱895.00,"₱1,790.00"
79457,Pork Bowl,Entree,1,₱595.00,₱595.00
79457,Oxtail Soup,Soup,1,₱795.00,₱795.00
79457,Mac & Cheese,Pasta,1,₱445.00,₱445.00
79457,Latte,Coffee,1,₱185.00,₱185.00
79457,UTB Burger,Burger/Wrap & More,1,₱425.00,₱425.00
79457,Chicken Parm,Entree,1,₱495.00,₱495.00
79457,Coke Zero,Drinks,1,₱105.00,₱105.00
79458,Chicken Parm,Entree,1,₱495.00,₱495.00
79458,Truffle Parmesan Fries,Appetizer,1,₱325.00,₱325.00
79458,Baletea,Tea,1,₱205.00,₱205.00
79458,Spanish Latte,Coffee,1,₱195.00,₱195.00
79458,Plain Rice,Add-ons,1,₱65.00,₱65.00
79458,Free Chicharon,Promos & Freebies,1,₱0.00,₱0.00
79458,Container,Packaging,5,₱10.00,₱50.00
79461,Bucket Light,Beer,2,₱650.00,"₱1,300.00"
79461,Tailgate Ribs,Entree,1,₱595.00,₱595.00
79461,Pinoy Charcuterie,Appetizer,1,₱495.00,₱495.00
79461,Baletea,Tea,1,₱205.00,₱205.00
79461,Plain Rice,Add-ons,1,₱65.00,₱65.00
79461,Free Chicharon,Promos & Freebies,1,₱0.00,₱0.00
79461,Container,Packaging,2,₱10.00,₱20.00
79464,Salmon Rice,Entree,1,₱665.00,₱665.00
79464,Caesar,Salad,1,₱365.00,₱365.00
79464,Viet Coffee,Coffee,1,₱195.00,₱195.00
79464,Truffle Parmesan Fries,Appetizer,1,₱325.00,₱325.00
79464,Plain Rice,Add-ons,5,₱65.00,₱325.00
79464,Free Chicharon,Promos & Freebies,1,₱0.00,₱0.00
79464,Container,Packaging,5,₱10.00,₱50.00
79467,Bucket Pilsen,Beer,2,₱600.00,"₱1,200.00"
79467,Tailgate Ribs,Entree,2,₱595.00,"₱1,190.00"
79467,Pinoy Charcuterie,Appetizer,1,₱495.00,₱495.00
79467,Chicken in a Basket,Appetizer,1,₱395.00,₱395.00
79467,Baletea Freeze,Cocktail,1,₱365.00,₱365.00
79467,Plain Rice,Add-ons,6,₱65.00,₱390.00
79467,Free Chicharon,Promos & Freebies,1,₱0.00,₱0.00
79470,Batwan Beef Stew,Entree,1,₱725.00,₱725.00
79470,Mac & Cheese,Pasta,1,₱445.00,₱445.00
79470,Spanish Latte,Coffee,1,₱195.00,₱195.00
79470,Plain Rice,Add-ons,1,₱65.00,₱65.00
79470,Baletea,Tea,1,₱205.00,₱205.00
79470,Free Chicharon,Promos & Freebies,1,₱0.00,₱0.00
79473,Tailgate Ribs,Entree,1,₱595.00,₱595.00
79473,Chicken Parm,Entree,1,₱495.00,₱495.00
79473,Truffle Parmesan Fries,Appetizer,1,₱325.00,₱325.00
79473,Baletea,Tea,1,₱205.00,₱205.00
79473,Plain Rice,Add-ons,5,₱65.00,₱325.00
79473,Free Chicharon,Promos & Freebies,1,₱0.00,₱0.00
79473,Container,Packaging,1,₱10.00,₱10.00
79476,Bucket Light,Beer,2,₱650.00,"₱1,300.00"
79476,Bucket Pilsen,Beer,1,₱600.00,₱600.00
79476,Tailgate Ribs,Entree,2,₱595.00,"₱1,190.00"
79476,Pinoy Charcuterie,Appetizer,1,₱495.00,₱495.00
79476,Chicken in a Basket,Appetizer,1,₱395.00,₱395.00
79476,Baletea Freeze,Cocktail,1,₱365.00,₱365.00
79476,Plain Rice,Add-ons,4,₱65.00,₱260.00
79476,Free Chicharon,Promos & Freebies,1,₱0.00,₱0.00
79479,Salmon Rice,Entree,1,₱665.00,₱665.00
79479,Caesar,Salad,1,₱365.00,₱365.00
79479,Spanish Latte,Coffee,1,₱195.00,₱195.00
79479,Truffle Parmesan Fries,Appetizer,1,₱325.00,₱325.00
79479,Plain Rice,Add-ons,5,₱65.00,₱325.00
79479,Free Chicharon,Promos & Freebies,1,₱0.00,₱0.00
79479,Container,Packaging,5,₱10.00,₱50.00
79482,Bucket Pilsen,Beer,2,₱600.00,"₱1,200.00"
79482,Tailgate Ribs,Entree,2,₱595.00,"₱1,190.00"
79482,Pinoy Charcuterie,Appetizer,1,₱495.00,₱495.00
79482,Chicken Parm,Entree,1,₱495.00,₱495.00
79482,Baletea,Tea,2,₱205.00,₱410.00
79482,Plain Rice,Add-ons,6,₱65.00,₱390.00
79482,Free Chicharon,Promos & Freebies,1,₱0.00,₱0.00
79485,Batwan Beef Stew,Entree,1,₱725.00,₱725.00
79485,Mac & Cheese,Pasta,1,₱445.00,₱445.00
79485,Viet Coffee,Coffee,1,₱195.00,₱195.00
79485,Baletea,Tea,1,₱205.00,₱205.00
79485,Plain Rice,Add-ons,1,₱65.00,₱65.00
79485,Free Chicharon,Promos & Freebies,1,₱0.00,₱0.00
79488,Bucket Light,Beer,2,₱650.00,"₱1,300.00"
79488,Chicken Parm,Entree,1,₱495.00,₱495.00
79488,Pinoy Charcuterie,Appetizer,1,₱495.00,₱495.00
79488,Baletea,Tea,1,₱205.00,₱205.00
79488,Truffle Parmesan Fries,Appetizer,1,₱325.00,₱325.00
79488,Plain Rice,Add-ons,2,₱65.00,₱130.00
79488,Free Chicharon,Promos & Freebies,1,₱0.00,₱0.00
79491,Salmon Rice,Entree,1,₱665.00,₱665.00
79491,Mac & Cheese,Pasta,1,₱445.00,₱445.00
79491,Viet Coffee,Coffee,1,₱195.00,₱195.00
79491,Plain Rice,Add-ons,3,₱65.00,₱195.00
79491,Free Chicharon,Promos & Freebies,1,₱0.00,₱0.00
79491,Container,Packaging,2,₱10.00,₱20.00
79494,Bucket Light,Beer,2,₱650.00,"₱1,300.00"
79494,Bucket Pilsen,Beer,1,₱600.00,₱600.00
79494,Tailgate Ribs,Entree,2,₱595.00,"₱1,190.00"
79494,Pinoy Charcuterie,Appetizer,1,₱495.00,₱495.00
79494,Chicken in a Basket,Appetizer,1,₱395.00,₱395.00
79494,Baletea Freeze,Cocktail,1,₱365.00,₱365.00
79494,Plain Rice,Add-ons,6,₱65.00,₱390.00
79494,Free Chicharon,Promos & Freebies,1,₱0.00,₱0.00
79497,Batwan Beef Stew,Entree,1,₱725.00,₱725.00
79497,Caesar,Salad,1,₱365.00,₱365.00
79497,Truffle Parmesan Fries,Appetizer,1,₱325.00,₱325.00
79497,Baletea,Tea,1,₱205.00,₱205.00
79497,Plain Rice,Add-ons,7,₱65.00,₱455.00
79497,Free Chicharon,Promos & Freebies,1,₱0.00,₱0.00
79497,Container,Packaging,1,₱10.00,₱10.00
79500,Bucket Light,Beer,2,₱650.00,"₱1,300.00"
79500,Bucket Pilsen,Beer,2,₱600.00,"₱1,200.00"
79500,Tailgate Ribs,Entree,2,₱595.00,"₱1,190.00"
79500,Chicken Parm,Entree,1,₱495.00,₱495.00
79500,Pinoy Charcuterie,Appetizer,1,₱495.00,₱495.00
79500,Baletea,Tea,2,₱205.00,₱410.00
79500,Plain Rice,Add-ons,4,₱65.00,₱260.00
79500,Free Chicharon,Promos & Freebies,1,₱0.00,₱0.00
79500,Container,Packaging,2,₱10.00,₱20.00
79503,Bucket Light,Beer,2,₱650.00,"₱1,300.00"
79503,Chicken Parm,Entree,1,₱495.00,₱495.00
79503,Pinoy Charcuterie,Appetizer,1,₱495.00,₱495.00
79503,Truffle Parmesan Fries,Appetizer,1,₱325.00,₱325.00
79503,Plain Rice,Add-ons,4,₱65.00,₱260.00
79503,Free Chicharon,Promos & Freebies,1,₱0.00,₱0.00
79503,Baletea,Tea,1,₱205.00,₱205.00
79504,Salmon Rice,Entree,1,₱665.00,₱665.00
79504,Caesar,Salad,1,₱365.00,₱365.00
79504,Spanish Latte,Coffee,1,₱195.00,₱195.00
79504,Plain Rice,Add-ons,2,₱65.00,₱130.00
79504,Free Chicharon,Promos & Freebies,1,₱0.00,₱0.00
79504,Container,Packaging,4,₱10.00,₱40.00
79507,Bucket Light,Beer,2,₱650.00,"₱1,300.00"
79507,Bucket Pilsen,Beer,1,₱600.00,₱600.00
79507,Tailgate Ribs,Entree,2,₱595.00,"₱1,190.00"
79507,Chicken in a Basket,Appetizer,1,₱395.00,₱395.00
79507,Pinoy Charcuterie,Appetizer,1,₱495.00,₱495.00
79507,Baletea Freeze,Cocktail,1,₱365.00,₱365.00
79507,Plain Rice,Add-ons,7,₱65.00,₱455.00
79507,Free Chicharon,Promos & Freebies,1,₱0.00,₱0.00
79509,Batwan Beef Stew,Entree,1,₱725.00,₱725.00
79509,Mac & Cheese,Pasta,1,₱445.00,₱445.00
79509,Truffle Parmesan Fries,Appetizer,1,₱325.00,₱325.00
79509,Baletea,Tea,1,₱205.00,₱205.00
79509,Plain Rice,Add-ons,6,₱65.00,₱390.00
79509,Free Chicharon,Promos & Freebies,1,₱0.00,₱0.00
79509,Container,Packaging,1,₱10.00,₱10.00
79512,Bucket Light,Beer,2,₱650.00,"₱1,300.00"
79512,Bucket Pilsen,Beer,2,₱600.00,"₱1,200.00"
79512,Tailgate Ribs,Entree,2,₱595.00,"₱1,190.00"
79512,Chicken Parm,Entree,1,₱495.00,₱495.00
79512,Pinoy Charcuterie,Appetizer,1,₱495.00,₱495.00
79512,Baletea Freeze,Cocktail,2,₱365.00,₱730.00
79512,Plain Rice,Add-ons,4,₱65.00,₱260.00
79512,Free Chicharon,Promos & Freebies,1,₱0.00,₱0.00
79513,Chicken Parm,Entree,1,₱495.00,₱495.00
79513,Caesar,Salad,1,₱365.00,₱365.00
79513,Spanish Latte,Coffee,1,₱195.00,₱195.00
79513,Plain Rice,Add-ons,2,₱65.00,₱130.00
79513,Free Chicharon,Promos & Freebies,1,₱0.00,₱0.00
79514,Bucket Light,Beer,1,₱650.00,₱650.00
79514,Pinoy Charcuterie,Appetizer,1,₱495.00,₱495.00
79514,Chicken in a Basket,Appetizer,1,₱395.00,₱395.00
79514,Truffle Parmesan Fries,Appetizer,1,₱325.00,₱325.00
79514,Baletea,Tea,1,₱205.00,₱205.00
79514,Plain Rice,Add-ons,6,₱65.00,₱390.00
79514,Free Chicharon,Promos & Freebies,1,₱0.00,₱0.00
79514,Container,Packaging,3,₱10.00,₱30.00
79516,Salmon Rice,Entree,1,₱665.00,₱665.00
79516,Mac & Cheese,Pasta,1,₱445.00,₱445.00
79516,Viet Coffee,Coffee,1,₱195.00,₱195.00
79516,Baletea,Tea,1,₱205.00,₱205.00
79516,Plain Rice,Add-ons,5,₱65.00,₱325.00
79516,Free Chicharon,Promos & Freebies,1,₱0.00,₱0.00
79516,Container,Packaging,3,₱10.00,₱30.00
79519,Bucket Pilsen,Beer,2,₱600.00,"₱1,200.00"
79519,Tailgate Ribs,Entree,2,₱595.00,"₱1,190.00"
79519,Chicken Parm,Entree,1,₱495.00,₱495.00
79519,Baletea Freeze,Cocktail,1,₱365.00,₱365.00
79519,Plain Rice,Add-ons,6,₱65.00,₱390.00
79519,Free Chicharon,Promos & Freebies,1,₱0.00,₱0.00
79520,Batwan Beef Stew,Entree,1,₱725.00,₱725.00
79520,Truffle Parmesan Fries,Appetizer,1,₱325.00,₱325.00
79520,Baletea,Tea,1,₱205.00,₱205.00
79520,Plain Rice,Add-ons,3,₱65.00,₱195.00
79520,Free Chicharon,Promos & Freebies,1,₱0.00,₱0.00
79520,Container,Packaging,1,₱10.00,₱10.00
79522,Bucket Light,Beer,2,₱650.00,"₱1,300.00"
79522,Bucket Pilsen,Beer,1,₱600.00,₱600.00
79522,Pinoy Charcuterie,Appetizer,1,₱495.00,₱495.00
79522,Tailgate Ribs,Entree,2,₱595.00,"₱1,190.00"
79522,Chicken in a Basket,Appetizer,1,₱395.00,₱395.00
79522,Plain Rice,Add-ons,6,₱65.00,₱390.00
79522,Baletea,Tea,1,₱205.00,₱205.00
79522,Free Chicharon,Promos & Freebies,1,₱0.00,₱0.00
79525,Chicken Parm,Entree,1,₱495.00,₱495.00
79525,Pinoy Charcuterie,Appetizer,1,₱495.00,₱495.00
79525,Truffle Parmesan Fries,Appetizer,1,₱325.00,₱325.00
79525,Baletea,Tea,1,₱205.00,₱205.00
79525,Plain Rice,Add-ons,5,₱65.00,₱325.00
79525,Bucket Light,Beer,1,₱650.00,₱650.00
79525,Free Chicharon,Promos & Freebies,1,₱0.00,₱0.00
79527,Salmon Rice,Entree,1,₱665.00,₱665.00
79527,Caesar,Salad,1,₱365.00,₱365.00
79527,Spanish Latte,Coffee,1,₱195.00,₱195.00
79527,Plain Rice,Add-ons,1,₱65.00,₱65.00
79527,Free Chicharon,Promos & Freebies,1,₱0.00,₱0.00
79528,Batwan Beef Stew,Entree,1,₱725.00,₱725.00
79528,Mac & Cheese,Pasta,1,₱445.00,₱445.00
79528,Baletea,Tea,1,₱205.00,₱205.00
79528,Truffle Parmesan Fries,Appetizer,1,₱325.00,₱325.00
79528,Plain Rice,Add-ons,3,₱65.00,₱195.00
79528,Free Chicharon,Promos & Freebies,1,₱0.00,₱0.00
79528,Container,Packaging,4,₱10.00,₱40.00
79531,Bucket Pilsen,Beer,2,₱600.00,"₱1,200.00"
79531,Tailgate Ribs,Entree,2,₱595.00,"₱1,190.00"
79531,Chicken in a Basket,Appetizer,1,₱395.00,₱395.00
79531,Pinoy Charcuterie,Appetizer,1,₱495.00,₱495.00
79531,Baletea Freeze,Cocktail,1,₱365.00,₱365.00
79531,Plain Rice,Add-ons,5,₱65.00,₱325.00
79531,Free Chicharon,Promos & Freebies,1,₱0.00,₱0.00
79533,Bucket Light,Beer,2,₱650.00,"₱1,300.00"
79533,Bucket Pilsen,Beer,1,₱600.00,₱600.00
79533,Tailgate Ribs,Entree,2,₱595.00,"₱1,190.00"
79533,Chicken Parm,Entree,1,₱495.00,₱495.00
79533,Pinoy Charcuterie,Appetizer,1,₱495.00,₱495.00
79533,Baletea Freeze,Cocktail,1,₱365.00,₱365.00
79533,Plain Rice,Add-ons,5,₱65.00,₱325.00
79533,Free Chicharon,Promos & Freebies,1,₱0.00,₱0.00
79536,Tailgate Ribs,Entree,1,₱595.00,₱595.00
79536,Caesar,Salad,1,₱365.00,₱365.00
79536,Viet Coffee,Coffee,1,₱195.00,₱195.00
79536,Plain Rice,Add-ons,3,₱65.00,₱195.00
79536,Free Chicharon,Promos & Freebies,1,₱0.00,₱0.00
79536,Container,Packaging,2,₱10.00,₱20.00
79538,Bucket Light,Beer,1,₱650.00,₱650.00
79538,Tailgate Ribs,Entree,1,₱595.00,₱595.00
79538,Chicken Parm,Entree,1,₱495.00,₱495.00
79538,Truffle Parmesan Fries,Appetizer,1,₱325.00,₱325.00
79538,Baletea,Tea,1,₱205.00,₱205.00
79538,Plain Rice,Add-ons,8,₱65.00,₱520.00
79538,Free Chicharon,Promos & Freebies,1,₱0.00,₱0.00
79539,Salmon Rice,Entree,1,₱665.00,₱665.00
79539,Caesar,Salad,1,₱365.00,₱365.00
79539,Spanish Latte,Coffee,1,₱195.00,₱195.00
79539,Plain Rice,Add-ons,2,₱65.00,₱130.00
79539,Free Chicharon,Promos & Freebies,1,₱0.00,₱0.00
79539,Container,Packaging,1,₱10.00,₱10.00
79542,Bucket Light,Beer,2,₱650.00,"₱1,300.00"
79542,Bucket Pilsen,Beer,1,₱600.00,₱600.00
79542,Tailgate Ribs,Entree,2,₱595.00,"₱1,190.00"
79542,Pinoy Charcuterie,Appetizer,1,₱495.00,₱495.00
79542,Chicken in a Basket,Appetizer,1,₱395.00,₱395.00
79542,Baletea Freeze,Cocktail,1,₱365.00,₱365.00
79542,Plain Rice,Add-ons,6,₱65.00,₱390.00
79542,Free Chicharon,Promos & Freebies,1,₱0.00,₱0.00
79545,Batwan Beef Stew,Entree,1,₱725.00,₱725.00
79545,Mac & Cheese,Pasta,1,₱445.00,₱445.00
79545,Viet Coffee,Coffee,1,₱195.00,₱195.00
79545,Baletea,Tea,1,₱205.00,₱205.00
79545,Plain Rice,Add-ons,7,₱65.00,₱455.00
79545,Free Chicharon,Promos & Freebies,1,₱0.00,₱0.00
79545,Container,Packaging,1,₱10.00,₱10.00
79547,Bucket Pilsen,Beer,2,₱600.00,"₱1,200.00"
79547,Tailgate Ribs,Entree,2,₱595.00,"₱1,190.00"
79547,Pinoy Charcuterie,Appetizer,1,₱495.00,₱495.00
79547,Chicken Parm,Entree,1,₱495.00,₱495.00
79547,Baletea Freeze,Cocktail,1,₱365.00,₱365.00
79547,Plain Rice,Add-ons,6,₱65.00,₱390.00
79547,Free Chicharon,Promos & Freebies,1,₱0.00,₱0.00
79550,Tailgate Ribs,Entree,1,₱595.00,₱595.00
79550,Caesar,Salad,1,₱365.00,₱365.00
79550,Spanish Latte,Coffee,1,₱195.00,₱195.00
79550,Truffle Parmesan Fries,Appetizer,1,₱325.00,₱325.00
79550,Plain Rice,Add-ons,6,₱65.00,₱390.00
79550,Free Chicharon,Promos & Freebies,1,₱0.00,₱0.00
79551,Bucket Light,Beer,1,₱650.00,₱650.00
79551,Pinoy Charcuterie,Appetizer,1,₱495.00,₱495.00
79551,Chicken in a Basket,Appetizer,1,₱395.00,₱395.00
79551,Truffle Parmesan Fries,Appetizer,1,₱325.00,₱325.00
79551,Baletea,Tea,1,₱205.00,₱205.00
79551,Plain Rice,Add-ons,10,₱65.00,₱650.00
79551,Free Chicharon,Promos & Freebies,1,₱0.00,₱0.00
79554,Salmon Rice,Entree,1,₱665.00,₱665.00
79554,Caesar,Salad,1,₱365.00,₱365.00
79554,Viet Coffee,Coffee,1,₱195.00,₱195.00
79554,Plain Rice,Add-ons,3,₱65.00,₱195.00
79554,Free Chicharon,Promos & Freebies,1,₱0.00,₱0.00
79554,Container,Packaging,1,₱10.00,₱10.00
79557,Bucket Light,Beer,2,₱650.00,"₱1,300.00"
79557,Bucket Pilsen,Beer,1,₱600.00,₱600.00
79557,Tailgate Ribs,Entree,2,₱595.00,"₱1,190.00"
79557,Pinoy Charcuterie,Appetizer,1,₱495.00,₱495.00
79557,Chicken Parm,Entree,1,₱495.00,₱495.00
79557,Baletea Freeze,Cocktail,1,₱365.00,₱365.00
79557,Plain Rice,Add-ons,4,₱65.00,₱260.00
79557,Free Chicharon,Promos & Freebies,1,₱0.00,₱0.00
79557,Container,Packaging,2,₱10.00,₱20.00
79560,Bucket Light,Beer,2,₱650.00,"₱1,300.00"
79560,Bucket Pilsen,Beer,2,₱600.00,"₱1,200.00"
79560,Tailgate Ribs,Entree,2,₱595.00,"₱1,190.00"
79560,Pinoy Charcuterie,Appetizer,1,₱495.00,₱495.00
79560,Chicken in a Basket,Appetizer,1,₱395.00,₱395.00
79560,Baletea Freeze,Cocktail,1,₱365.00,₱365.00
79560,Plain Rice,Add-ons,8,₱65.00,₱520.00
79560,Free Chicharon,Promos & Freebies,1,₱0.00,₱0.00
79561,Chicken Parm,Entree,1,₱495.00,₱495.00
79561,Caesar,Salad,1,₱365.00,₱365.00
79561,Spanish Latte,Coffee,1,₱195.00,₱195.00
79561,Plain Rice,Add-ons,2,₱65.00,₱130.00
79561,Free Chicharon,Promos & Freebies,1,₱0.00,₱0.00
79563,Salmon Rice,Entree,1,₱665.00,₱665.00
79563,Viet Coffee,Coffee,1,₱195.00,₱195.00
79563,Free Chicharon,Promos & Freebies,1,₱0.00,₱0.00
79564,Batwan Beef Stew,Entree,1,₱725.00,₱725.00
79564,Truffle Parmesan Fries,Appetizer,1,₱325.00,₱325.00
79564,Baletea,Tea,1,₱205.00,₱205.00
79564,Plain Rice,Add-ons,5,₱65.00,₱325.00
79564,Free Chicharon,Promos & Freebies,1,₱0.00,₱0.00
79564,Container,Packaging,1,₱10.00,₱10.00
79567,Tailgate Ribs,Entree,1,₱595.00,₱595.00
79567,Chicken in a Basket,Appetizer,1,₱395.00,₱395.00
79567,Pinoy Charcuterie,Appetizer,1,₱495.00,₱495.00
79567,Baletea,Tea,1,₱205.00,₱205.00
79567,Plain Rice,Add-ons,6,₱65.00,₱390.00
79567,Free Chicharon,Promos & Freebies,1,₱0.00,₱0.00
79567,Container,Packaging,2,₱10.00,₱20.00
79569,Mac & Cheese,Pasta,1,₱445.00,₱445.00
79569,Caesar,Salad,1,₱365.00,₱365.00
79569,Spanish Latte,Coffee,1,₱195.00,₱195.00
79569,Plain Rice,Add-ons,5,₱65.00,₱325.00
79569,Free Chicharon,Promos & Freebies,1,₱0.00,₱0.00
79572,Chicken Parm,Entree,1,₱495.00,₱495.00
79572,Truffle Parmesan Fries,Appetizer,1,₱325.00,₱325.00
79572,Baletea,Tea,1,₱205.00,₱205.00
79572,Plain Rice,Add-ons,4,₱65.00,₱260.00
79572,Free Chicharon,Promos & Freebies,1,₱0.00,₱0.00
79573,Salmon Rice,Entree,1,₱665.00,₱665.00
79573,Spanish Latte,Coffee,1,₱195.00,₱195.00
79573,Caesar,Salad,1,₱365.00,₱365.00
79573,Free Chicharon,Promos & Freebies,1,₱0.00,₱0.00
79576,Tailgate Ribs,Entree,1,₱595.00,₱595.00
79576,Pinoy Charcuterie,Appetizer,1,₱495.00,₱495.00
79576,Baletea Freeze,Cocktail,1,₱365.00,₱365.00
79576,Plain Rice,Add-ons,5,₱65.00,₱325.00
79576,Mango Shake,Shake,1,₱280.00,₱280.00
79576,Free Chicharon,Promos & Freebies,1,₱0.00,₱0.00
79578,Bucket Light,Beer,1,₱650.00,₱650.00
79578,Chicken in a Basket,Appetizer,1,₱395.00,₱395.00
79578,Batwan Beef Stew,Entree,1,₱725.00,₱725.00
79578,Truffle Parmesan Fries,Appetizer,1,₱325.00,₱325.00
79578,Baletea,Tea,1,₱205.00,₱205.00
79578,Plain Rice,Add-ons,7,₱65.00,₱455.00
79578,Free Chicharon,Promos & Freebies,1,₱0.00,₱0.00
79578,Container,Packaging,3,₱10.00,₱30.00
79581,Mac & Cheese,Pasta,1,₱445.00,₱445.00
79581,Caesar,Salad,1,₱365.00,₱365.00
79581,Viet Coffee,Coffee,1,₱195.00,₱195.00
79581,Plain Rice,Add-ons,5,₱65.00,₱325.00
79581,Free Chicharon,Promos & Freebies,1,₱0.00,₱0.00
79581,Container,Packaging,1,₱10.00,₱10.00
79583,Batwan Beef Stew,Entree,1,₱725.00,₱725.00
79583,Truffle Parmesan Fries,Appetizer,1,₱325.00,₱325.00
79583,Baletea,Tea,1,₱205.00,₱205.00
79583,Plain Rice,Add-ons,6,₱65.00,₱390.00
79583,Mango Shake,Shake,1,₱280.00,₱280.00
79583,Free Chicharon,Promos & Freebies,1,₱0.00,₱0.00
79583,Container,Packaging,1,₱10.00,₱10.00
79585,Salmon Rice,Entree,1,₱665.00,₱665.00
79585,Caesar,Salad,1,₱365.00,₱365.00
79585,Spanish Latte,Coffee,1,₱195.00,₱195.00
79585,Plain Rice,Add-ons,2,₱65.00,₱130.00
79585,Free Chicharon,Promos & Freebies,1,₱0.00,₱0.00
79588,Tailgate Ribs,Entree,1,₱595.00,₱595.00
79588,Pinoy Charcuterie,Appetizer,1,₱495.00,₱495.00
79588,Chicken Parm,Entree,1,₱495.00,₱495.00
79588,Baletea Freeze,Cocktail,1,₱365.00,₱365.00
79588,Plain Rice,Add-ons,5,₱65.00,₱325.00
79588,Mango Shake,Shake,1,₱280.00,₱280.00
79588,Free Chicharon,Promos & Freebies,1,₱0.00,₱0.00
79590,Bucket Light,Beer,1,₱650.00,₱650.00
79590,Tailgate Ribs,Entree,2,₱595.00,"₱1,190.00"
79590,Chicken in a Basket,Appetizer,1,₱395.00,₱395.00
79590,Pinoy Charcuterie,Appetizer,1,₱495.00,₱495.00
79590,Baletea,Tea,1,₱205.00,₱205.00
79590,Plain Rice,Add-ons,5,₱65.00,₱325.00
79590,Free Chicharon,Promos & Freebies,1,₱0.00,₱0.00
79593,Chicken Parm,Entree,1,₱495.00,₱495.00
79593,Mac & Cheese,Pasta,1,₱445.00,₱445.00
79593,Viet Coffee,Coffee,1,₱195.00,₱195.00
79593,Plain Rice,Add-ons,2,₱65.00,₱130.00
79593,Free Chicharon,Promos & Freebies,1,₱0.00,₱0.00
79595,Batwan Beef Stew,Entree,1,₱725.00,₱725.00
79595,Pinoy Charcuterie,Appetizer,1,₱495.00,₱495.00
79595,Truffle Parmesan Fries,Appetizer,1,₱325.00,₱325.00
79595,Baletea,Tea,1,₱205.00,₱205.00
79595,Plain Rice,Add-ons,5,₱65.00,₱325.00
79595,Free Chicharon,Promos & Freebies,1,₱0.00,₱0.00
79595,Container,Packaging,5,₱10.00,₱50.00
79597,Chicken Parm,Entree,1,₱495.00,₱495.00
79597,Caesar,Salad,1,₱365.00,₱365.00
79597,Spanish Latte,Coffee,1,₱195.00,₱195.00
79597,Plain Rice,Add-ons,3,₱65.00,₱195.00
79597,Free Chicharon,Promos & Freebies,1,₱0.00,₱0.00
79598,Salmon Rice,Entree,1,₱665.00,₱665.00
79598,Viet Coffee,Coffee,1,₱195.00,₱195.00
79598,Free Chicharon,Promos & Freebies,1,₱0.00,₱0.00
79601,Batwan Beef Stew,Entree,1,₱725.00,₱725.00
79601,Truffle Parmesan Fries,Appetizer,1,₱325.00,₱325.00
79601,Baletea,Tea,1,₱205.00,₱205.00
79601,Plain Rice,Add-ons,5,₱65.00,₱325.00
79601,Free Chicharon,Promos & Freebies,1,₱0.00,₱0.00
79601,Container,Packaging,1,₱10.00,₱10.00
79603,Tailgate Ribs,Entree,1,₱595.00,₱595.00
79603,Chicken in a Basket,Appetizer,1,₱395.00,₱395.00
79603,Pinoy Charcuterie,Appetizer,1,₱495.00,₱495.00
79603,Baletea Freeze,Cocktail,1,₱365.00,₱365.00
79603,Plain Rice,Add-ons,8,₱65.00,₱520.00
79603,Free Chicharon,Promos & Freebies,1,₱0.00,₱0.00
79603,Container,Packaging,2,₱10.00,₱20.00
79606,Mac & Cheese,Pasta,1,₱445.00,₱445.00
79606,Caesar,Salad,1,₱365.00,₱365.00
79606,Viet Coffee,Coffee,1,₱195.00,₱195.00
79606,Plain Rice,Add-ons,5,₱65.00,₱325.00
79606,Free Chicharon,Promos & Freebies,1,₱0.00,₱0.00
79606,Container,Packaging,1,₱10.00,₱10.00
79608,Chicken Parm,Entree,1,₱495.00,₱495.00
79608,Truffle Parmesan Fries,Appetizer,1,₱325.00,₱325.00
79608,Baletea,Tea,1,₱205.00,₱205.00
79608,Plain Rice,Add-ons,4,₱65.00,₱260.00
79608,Free Chicharon,Promos & Freebies,1,₱0.00,₱0.00
79608,Container,Packaging,1,₱10.00,₱10.00
79610,Salmon Rice,Entree,1,₱665.00,₱665.00
79610,Caesar,Salad,1,₱365.00,₱365.00
79610,Spanish Latte,Coffee,1,₱195.00,₱195.00
79610,Plain Rice,Add-ons,1,₱65.00,₱65.00
79610,Free Chicharon,Promos & Freebies,1,₱0.00,₱0.00
79613,Tailgate Ribs,Entree,1,₱595.00,₱595.00
79613,Pinoy Charcuterie,Appetizer,1,₱495.00,₱495.00
79613,Baletea Freeze,Cocktail,1,₱365.00,₱365.00
79613,Plain Rice,Add-ons,5,₱65.00,₱325.00
79613,Chicken Parm,Entree,1,₱495.00,₱495.00
79613,Free Chicharon,Promos & Freebies,1,₱0.00,₱0.00
79613,Container,Packaging,1,₱10.00,₱10.00
79614,Bucket Light,Beer,1,₱650.00,₱650.00
79614,Chicken in a Basket,Appetizer,1,₱395.00,₱395.00
79614,Batwan Beef Stew,Entree,1,₱725.00,₱725.00
79614,Truffle Parmesan Fries,Appetizer,1,₱325.00,₱325.00
79614,Baletea,Tea,1,₱205.00,₱205.00
79614,Plain Rice,Add-ons,8,₱65.00,₱520.00
79614,Free Chicharon,Promos & Freebies,1,₱0.00,₱0.00
79617,Mac & Cheese,Pasta,1,₱445.00,₱445.00
79617,Caesar,Salad,1,₱365.00,₱365.00
79617,Viet Coffee,Coffee,1,₱195.00,₱195.00
79617,Plain Rice,Add-ons,6,₱65.00,₱390.00
79617,Free Chicharon,Promos & Freebies,1,₱0.00,₱0.00
79617,Container,Packaging,1,₱10.00,₱10.00
79620,Batwan Beef Stew,Entree,1,₱725.00,₱725.00
79620,Caesar,Salad,1,₱365.00,₱365.00
79620,Baletea,Tea,1,₱205.00,₱205.00
79620,Plain Rice,Add-ons,5,₱65.00,₱325.00
79620,Truffle Parmesan Fries,Appetizer,1,₱325.00,₱325.00
79620,Free Chicharon,Promos & Freebies,1,₱0.00,₱0.00
79620,Container,Packaging,1,₱10.00,₱10.00
79622,Salmon Rice,Entree,1,₱665.00,₱665.00
79622,Caesar,Salad,1,₱365.00,₱365.00
79622,Spanish Latte,Coffee,1,₱195.00,₱195.00
79622,Plain Rice,Add-ons,2,₱65.00,₱130.00
79622,Free Chicharon,Promos & Freebies,1,₱0.00,₱0.00
79624,Tailgate Ribs,Entree,1,₱595.00,₱595.00
79624,Chicken Parm,Entree,1,₱495.00,₱495.00
79624,Pinoy Charcuterie,Appetizer,1,₱495.00,₱495.00
79624,Baletea Freeze,Cocktail,1,₱365.00,₱365.00
79624,Plain Rice,Add-ons,5,₱65.00,₱325.00
79624,Truffle Parmesan Fries,Appetizer,1,₱325.00,₱325.00
79624,Free Chicharon,Promos & Freebies,1,₱0.00,₱0.00
79624,Container,Packaging,1,₱10.00,₱10.00
79627,Bucket Pilsen,Beer,1,₱600.00,₱600.00
79627,Tailgate Ribs,Entree,2,₱595.00,"₱1,190.00"
79627,Chicken in a Basket,Appetizer,1,₱395.00,₱395.00
79627,Pinoy Charcuterie,Appetizer,1,₱495.00,₱495.00
79627,Baletea,Tea,1,₱205.00,₱205.00
79627,Plain Rice,Add-ons,8,₱65.00,₱520.00
79627,Free Chicharon,Promos & Freebies,1,₱0.00,₱0.00
79627,Container,Packaging,1,₱10.00,₱10.00
79628,Mac & Cheese,Pasta,1,₱445.00,₱445.00
79628,Caesar,Salad,1,₱365.00,₱365.00
79628,Viet Coffee,Coffee,1,₱195.00,₱195.00
79628,Plain Rice,Add-ons,7,₱65.00,₱455.00
79628,Free Chicharon,Promos & Freebies,1,₱0.00,₱0.00
79628,Container,Packaging,1,₱10.00,₱10.00
79631,Chicken Parm,Entree,1,₱495.00,₱495.00
79631,Truffle Parmesan Fries,Appetizer,1,₱325.00,₱325.00
79631,Baletea Freeze,Cocktail,1,₱365.00,₱365.00
79631,Plain Rice,Add-ons,6,₱65.00,₱390.00
79631,Pinoy Charcuterie,Appetizer,1,₱495.00,₱495.00
79631,Free Chicharon,Promos & Freebies,1,₱0.00,₱0.00
79631,Container,Packaging,4,₱10.00,₱40.00
79606,Caesar,Salad,1,₱365.00,₱365.00
79606,Viet Coffee,Coffee,1,₱195.00,₱195.00
79606,Plain Rice,Add-ons,5,₱65.00,₱325.00
79606,Free Chicharon,Promos & Freebies,1,₱0.00,₱0.00
79606,Container,Packaging,1,₱10.00,₱10.00
79608,Chicken Parm,Entree,1,₱495.00,₱495.00
79608,Truffle Parmesan Fries,Appetizer,1,₱325.00,₱325.00
79608,Baletea,Tea,1,₱205.00,₱205.00
79608,Plain Rice,Add-ons,4,₱65.00,₱260.00
79608,Free Chicharon,Promos & Freebies,1,₱0.00,₱0.00
79608,Container,Packaging,1,₱10.00,₱10.00
79610,Salmon Rice,Entree,1,₱665.00,₱665.00
79610,Caesar,Salad,1,₱365.00,₱365.00
79610,Spanish Latte,Coffee,1,₱195.00,₱195.00
79610,Plain Rice,Add-ons,1,₱65.00,₱65.00
79610,Free Chicharon,Promos & Freebies,1,₱0.00,₱0.00
79613,Tailgate Ribs,Entree,1,₱595.00,₱595.00
79613,Pinoy Charcuterie,Appetizer,1,₱495.00,₱495.00
79613,Baletea Freeze,Cocktail,1,₱365.00,₱365.00
79613,Plain Rice,Add-ons,5,₱65.00,₱325.00
79613,Chicken Parm,Entree,1,₱495.00,₱495.00
79613,Free Chicharon,Promos & Freebies,1,₱0.00,₱0.00
79613,Container,Packaging,1,₱10.00,₱10.00
79614,Bucket Light,Beer,1,₱650.00,₱650.00
79614,Chicken in a Basket,Appetizer,1,₱395.00,₱395.00
79614,Batwan Beef Stew,Entree,1,₱725.00,₱725.00
79614,Truffle Parmesan Fries,Appetizer,1,₱325.00,₱325.00
79614,Baletea,Tea,1,₱205.00,₱205.00
79614,Plain Rice,Add-ons,8,₱65.00,₱520.00
79614,Free Chicharon,Promos & Freebies,1,₱0.00,₱0.00
79617,Mac & Cheese,Pasta,1,₱445.00,₱445.00
79617,Caesar,Salad,1,₱365.00,₱365.00
79617,Viet Coffee,Coffee,1,₱195.00,₱195.00
79617,Plain Rice,Add-ons,6,₱65.00,₱390.00
79617,Free Chicharon,Promos & Freebies,1,₱0.00,₱0.00
79617,Container,Packaging,1,₱10.00,₱10.00
79620,Batwan Beef Stew,Entree,1,₱725.00,₱725.00
79620,Caesar,Salad,1,₱365.00,₱365.00
79620,Baletea,Tea,1,₱205.00,₱205.00
79620,Plain Rice,Add-ons,5,₱65.00,₱325.00
79620,Truffle Parmesan Fries,Appetizer,1,₱325.00,₱325.00
79620,Free Chicharon,Promos & Freebies,1,₱0.00,₱0.00
79620,Container,Packaging,1,₱10.00,₱10.00
79622,Salmon Rice,Entree,1,₱665.00,₱665.00
79622,Caesar,Salad,1,₱365.00,₱365.00
79622,Spanish Latte,Coffee,1,₱195.00,₱195.00
79622,Plain Rice,Add-ons,2,₱65.00,₱130.00
79622,Free Chicharon,Promos & Freebies,1,₱0.00,₱0.00
79624,Tailgate Ribs,Entree,1,₱595.00,₱595.00
79624,Chicken Parm,Entree,1,₱495.00,₱495.00
79624,Pinoy Charcuterie,Appetizer,1,₱495.00,₱495.00
79624,Baletea Freeze,Cocktail,1,₱365.00,₱365.00
79624,Plain Rice,Add-ons,5,₱65.00,₱325.00
79624,Truffle Parmesan Fries,Appetizer,1,₱325.00,₱325.00
79624,Free Chicharon,Promos & Freebies,1,₱0.00,₱0.00
79624,Container,Packaging,1,₱10.00,₱10.00
79627,Bucket Pilsen,Beer,1,₱600.00,₱600.00
79627,Tailgate Ribs,Entree,2,₱595.00,"₱1,190.00"
79627,Chicken in a Basket,Appetizer,1,₱395.00,₱395.00
79627,Pinoy Charcuterie,Appetizer,1,₱495.00,₱495.00
79627,Baletea,Tea,1,₱205.00,₱205.00
79627,Plain Rice,Add-ons,8,₱65.00,₱520.00
79627,Free Chicharon,Promos & Freebies,1,₱0.00,₱0.00
79627,Container,Packaging,1,₱10.00,₱10.00
79628,Mac & Cheese,Pasta,1,₱445.00,₱445.00
79628,Caesar,Salad,1,₱365.00,₱365.00
79628,Viet Coffee,Coffee,1,₱195.00,₱195.00
79628,Plain Rice,Add-ons,7,₱65.00,₱455.00
79628,Free Chicharon,Promos & Freebies,1,₱0.00,₱0.00
79628,Container,Packaging,1,₱10.00,₱10.00
79631,Chicken Parm,Entree,1,₱495.00,₱495.00
79631,Truffle Parmesan Fries,Appetizer,1,₱325.00,₱325.00
79631,Baletea Freeze,Cocktail,1,₱365.00,₱365.00
79631,Plain Rice,Add-ons,6,₱65.00,₱390.00
79631,Pinoy Charcuterie,Appetizer,1,₱495.00,₱495.00
79631,Free Chicharon,Promos & Freebies,1,₱0.00,₱0.00
79631,Container,Packaging,4,₱10.00,₱40.00