TransactionID,InvoiceNo,Date,Time,GuestCount,OrderType,SalesChannel,GrossSales,ServiceCharge,DiscountType,DiscountAmount,AmountDue,NetSales
79631,002-000032617,30/06/2026,23:47:08,3,Dine In,Walk-in,"₱2,110.00",₱188.42,nan,₱0.00,"₱2,298.42","₱2,298.42"
79628,002-000032616,30/06/2026,23:05:56,2,Dine In,Walk-in,"₱1,470.00",₱131.25,nan,₱0.00,"₱1,601.25","₱1,601.25"
79627,002-000032615,30/06/2026,22:31:19,5,Dine In,Walk-in,"₱3,455.00",₱308.50,nan,₱0.00,"₱3,763.50","₱3,763.50"
79624,002-000032614,30/06/2026,21:56:43,4,Dine In,Walk-in,"₱2,780.00",₱248.22,nan,₱0.00,"₱3,028.22","₱3,028.22"
79622,002-000032613,30/06/2026,21:14:38,2,Dine In,Walk-in,"₱1,365.00",₱121.88,nan,₱0.00,"₱1,486.88","₱1,486.88"
79620,002-000032612,30/06/2026,20:42:11,3,Dine In,Walk-in,"₱2,045.00",₱182.61,nan,₱0.00,"₱2,227.61","₱2,227.61"
79617,002-000032611,30/06/2026,20:06:21,2,Dine In,Walk-in,"₱1,560.00",₱139.39,nan,₱0.00,"₱1,699.39","₱1,699.39"
79614,002-000032610,30/06/2026,18:28:55,4,Dine In,Walk-in,"₱2,870.00",₱256.29,nan,₱0.00,"₱3,126.29","₱3,126.29"
79613,002-000032609,30/06/2026,17:41:32,3,Dine In,Walk-in,"₱2,110.00",₱188.42,nan,₱0.00,"₱2,298.42","₱2,298.42"
79610,002-000032608,30/06/2026,16:19:47,1,Dine In,Walk-in,₱925.00,₱82.60,nan,₱0.00,"₱1,007.60","₱1,007.60"
79608,002-000032607,30/06/2026,15:02:14,2,Dine In,Walk-in,"₱1,300.00",₱116.09,nan,₱0.00,"₱1,416.09","₱1,416.09"
79606,002-000032606,30/06/2026,13:41:27,2,Dine In,Walk-in,"₱1,430.00",₱127.70,nan,₱0.00,"₱1,557.70","₱1,557.70"
79603,002-000032605,30/06/2026,12:54:48,4,Dine In,Walk-in,"₱2,540.00",₱226.82,nan,₱0.00,"₱2,766.82","₱2,766.82"
79601,002-000032604,30/06/2026,12:07:19,3,Dine In,Walk-in,"₱1,920.00",₱171.46,nan,₱0.00,"₱2,091.46","₱2,091.46"
79598,002-000032603,30/06/2026,11:18:35,1,Dine In,Walk-in,₱860.00,₱76.80,nan,₱0.00,₱936.80,₱936.80
79597,002-000032602,30/06/2026,10:36:42,2,Dine In,Walk-in,"₱1,255.00",₱112.05,nan,₱0.00,"₱1,367.05","₱1,367.05"
79595,002-000032601,29/06/2026,23:46:58,3,Dine In,Walk-in,"₱2,125.00",₱189.73,nan,₱0.00,"₱2,314.73","₱2,314.73"
79593,002-000032600,29/06/2026,23:07:35,2,Dine In,Walk-in,"₱1,275.00",₱113.84,nan,₱0.00,"₱1,388.84","₱1,388.84"
79590,002-000032599,29/06/2026,22:24:46,5,Dine In,Walk-in,"₱3,330.00",₱297.32,nan,₱0.00,"₱3,627.32","₱3,627.32"
79588,002-000032598,29/06/2026,21:42:09,4,Dine In,Walk-in,"₱2,760.00",₱246.43,nan,₱0.00,"₱3,006.43","₱3,006.43"
79585,002-000032597,29/06/2026,21:06:54,2,Dine In,Walk-in,"₱1,365.00",₱121.88,nan,₱0.00,"₱1,486.88","₱1,486.88"
79583,002-000032596,29/06/2026,20:38:17,3,Dine In,Walk-in,"₱2,015.00",₱179.91,nan,₱0.00,"₱2,194.91","₱2,194.91"
79581,002-000032595,29/06/2026,20:11:56,2,Dine In,Walk-in,"₱1,540.00",₱137.50,nan,₱0.00,"₱1,677.50","₱1,677.50"
79578,002-000032594,29/06/2026,18:36:41,4,Dine In,Walk-in,"₱2,835.00",₱253.13,nan,₱0.00,"₱3,088.13","₱3,088.13"
79576,002-000032593,29/06/2026,17:48:05,3,Dine In,Walk-in,"₱2,060.00",₱183.93,nan,₱0.00,"₱2,243.93","₱2,243.93"
79573,002-000032592,29/06/2026,16:21:47,1,Dine In,Walk-in,₱985.00,₱87.95,nan,₱0.00,"₱1,072.95","₱1,072.95"
79572,002-000032591,29/06/2026,15:06:18,2,Dine In,Walk-in,"₱1,280.00",₱114.29,nan,₱0.00,"₱1,394.29","₱1,394.29"
79569,002-000032590,29/06/2026,13:48:39,2,Dine In,Walk-in,"₱1,325.00",₱118.30,nan,₱0.00,"₱1,443.30","₱1,443.30"
79567,002-000032589,29/06/2026,12:52:14,4,Dine In,Walk-in,"₱2,475.00",₱220.98,nan,₱0.00,"₱2,695.98","₱2,695.98"
79564,002-000032588,29/06/2026,12:06:27,3,Dine In,Walk-in,"₱1,985.00",₱177.23,nan,₱0.00,"₱2,162.23","₱2,162.23"
79563,002-000032587,29/06/2026,11:24:53,1,Dine In,Walk-in,₱860.00,₱76.79,nan,₱0.00,₱936.79,₱936.79
79561,002-000032586,29/06/2026,10:41:18,2,Dine In,Walk-in,"₱1,195.00",₱106.70,nan,₱0.00,"₱1,301.70","₱1,301.70"
79560,002-000032585,28/06/2026,23:58:39,6,Dine In,Walk-in,"₱4,510.00",₱402.68,nan,₱0.00,"₱4,912.68","₱4,912.68"
79557,002-000032584,28/06/2026,23:34:15,5,Dine In,Walk-in,"₱3,725.00",₱332.59,nan,₱0.00,"₱4,057.59","₱4,057.59"
79554,002-000032583,28/06/2026,23:08:47,2,Dine In,Walk-in,"₱1,430.00",₱127.68,nan,₱0.00,"₱1,557.68","₱1,557.68"
79551,002-000032582,28/06/2026,22:41:26,4,Dine In,Walk-in,"₱2,865.00",₱255.80,nan,₱0.00,"₱3,120.80","₱3,120.80"
79550,002-000032581,28/06/2026,22:16:37,2,Dine In,Walk-in,"₱1,520.00",₱135.71,nan,₱0.00,"₱1,655.71","₱1,655.71"
79547,002-000032580,28/06/2026,21:28:12,5,Dine In,Walk-in,"₱3,455.00",₱308.48,nan,₱0.00,"₱3,763.48","₱3,763.48"
79545,002-000032579,28/06/2026,20:54:41,3,Dine In,Walk-in,"₱2,035.00",₱181.70,nan,₱0.00,"₱2,216.70","₱2,216.70"
79542,002-000032578,28/06/2026,20:03:18,6,Dine In,Walk-in,"₱4,085.00",₱364.73,nan,₱0.00,"₱4,449.73","₱4,449.73"
79539,002-000032577,28/06/2026,19:15:53,2,Dine In,Walk-in,"₱1,395.00",₱124.55,nan,₱0.00,"₱1,519.55","₱1,519.55"
79538,002-000032576,28/06/2026,19:08:44,4,Dine In,Walk-in,"₱2,785.00",₱248.66,nan,₱0.00,"₱3,033.66","₱3,033.66"
79536,002-000032575,28/06/2026,18:47:09,2,Dine In,Walk-in,"₱1,470.00",₱131.25,nan,₱0.00,"₱1,601.25","₱1,601.25"
79533,002-000032574,28/06/2026,18:14:26,6,Dine In,Walk-in,"₱4,230.00",₱377.68,nan,₱0.00,"₱4,607.68","₱4,607.68"
79531,002-000032573,28/06/2026,17:36:48,5,Dine In,Walk-in,"₱3,515.00",₱313.84,nan,₱0.00,"₱3,828.84","₱3,828.84"
79528,002-000032572,28/06/2026,15:17:43,3,Dine In,Walk-in,"₱1,940.00",₱173.21,nan,₱0.00,"₱2,113.21","₱2,113.21"
79527,002-000032571,28/06/2026,14:02:56,2,Dine In,Walk-in,"₱1,285.00",₱114.73,nan,₱0.00,"₱1,399.73","₱1,399.73"
79525,002-000032570,28/06/2026,13:24:11,4,Dine In,Walk-in,"₱2,640.00",₱235.71,nan,₱0.00,"₱2,875.71","₱2,875.71"
79522,002-000032569,28/06/2026,12:58:55,6,Dine In,Walk-in,"₱3,975.00",₱354.91,nan,₱0.00,"₱4,329.91","₱4,329.91"
79520,002-000032568,28/06/2026,12:29:47,2,Dine In,Walk-in,"₱1,460.00",₱130.36,nan,₱0.00,"₱1,590.36","₱1,590.36"
79519,002-000032567,28/06/2026,12:07:31,5,Dine In,Walk-in,"₱3,145.00",₱280.80,nan,₱0.00,"₱3,425.80","₱3,425.80"
79516,002-000032566,28/06/2026,11:46:18,3,Dine In,Walk-in,"₱1,865.00",₱166.52,nan,₱0.00,"₱2,031.52","₱2,031.52"
79514,002-000032565,28/06/2026,11:18:56,4,Dine In,Walk-in,"₱2,535.00",₱226.34,nan,₱0.00,"₱2,761.34","₱2,761.34"
79513,002-000032564,28/06/2026,10:57:42,2,Dine In,Walk-in,"₱1,215.00",₱108.48,nan,₱0.00,"₱1,323.48","₱1,323.48"
79512,002-000032563,27/06/2026,23:58:41,6,Dine In,Walk-in,"₱4,420.00",₱394.64,nan,₱0.00,"₱4,814.64","₱4,814.64"
79509,002-000032562,27/06/2026,23:49:53,3,Dine In,Walk-in,"₱2,145.00",₱191.52,nan,₱0.00,"₱2,336.52","₱2,336.52"
79507,002-000032561,27/06/2026,23:36:42,5,Dine In,Walk-in,"₱3,845.00",₱343.30,nan,₱0.00,"₱4,188.30","₱4,188.30"
79504,002-000032560,27/06/2026,23:21:17,2,Dine In,Walk-in,"₱1,395.00",₱124.55,nan,₱0.00,"₱1,519.55","₱1,519.55"
79503,002-000032559,27/06/2026,23:12:48,4,Dine In,Walk-in,"₱2,885.00",₱257.59,nan,₱0.00,"₱3,142.59","₱3,142.59"
79500,002-000032558,27/06/2026,23:48:36,6,Dine In,Walk-in,"₱4,365.00",₱389.73,nan,₱0.00,"₱4,754.73","₱4,754.73"
79497,002-000032557,27/06/2026,23:17:08,3,Dine In,Walk-in,"₱2,090.00",₱186.61,nan,₱0.00,"₱2,276.61","₱2,276.61"
79494,002-000032556,27/06/2026,22:43:47,5,Dine In,Walk-in,"₱3,780.00",₱337.50,nan,₱0.00,"₱4,117.50","₱4,117.50"
79491,002-000032555,27/06/2026,22:09:54,2,Dine In,Walk-in,"₱1,520.00",₱135.71,nan,₱0.00,"₱1,655.71","₱1,655.71"
79488,002-000032554,27/06/2026,21:36:21,4,Dine In,Walk-in,"₱2,945.00",₱262.95,nan,₱0.00,"₱3,207.95","₱3,207.95"
79485,002-000032553,27/06/2026,21:02:49,2,Dine In,Walk-in,"₱1,475.00",₱131.70,nan,₱0.00,"₱1,606.70","₱1,606.70"
79482,002-000032552,27/06/2026,20:16:35,5,Dine In,Walk-in,"₱3,340.00",₱298.21,nan,₱0.00,"₱3,638.21","₱3,638.21"
79479,002-000032551,27/06/2026,19:33:57,3,Dine In,Walk-in,"₱1,925.00",₱171.88,nan,₱0.00,"₱2,096.88","₱2,096.88"
79476,002-000032550,27/06/2026,18:56:12,6,Dine In,Walk-in,"₱4,145.00",₱370.09,nan,₱0.00,"₱4,515.09","₱4,515.09"
79473,002-000032549,27/06/2026,18:18:44,4,Dine In,Walk-in,"₱2,755.00",₱245.98,nan,₱0.00,"₱3,000.98","₱3,000.98"
79470,002-000032548,27/06/2026,17:41:52,2,Dine In,Walk-in,"₱1,485.00",₱132.59,nan,₱0.00,"₱1,617.59","₱1,617.59"
79467,002-000032547,27/06/2026,13:15:38,5,Dine In,Walk-in,"₱3,295.00",₱294.20,nan,₱0.00,"₱3,589.20","₱3,589.20"
79464,002-000032546,27/06/2026,12:26:55,3,Dine In,Walk-in,"₱1,925.00",₱171.88,nan,₱0.00,"₱2,096.88","₱2,096.88"
79461,002-000032545,27/06/2026,11:47:13,4,Dine In,Walk-in,"₱2,685.00",₱239.73,nan,₱0.00,"₱2,924.73","₱2,924.73"
79458,002-000032544,27/06/2026,11:09:26,2,Dine In,Walk-in,"₱1,335.00",₱119.20,nan,₱0.00,"₱1,454.20","₱1,454.20"
79457,002-000032735,26/06/2026,23:47:49,28,Dine In,Dine In,"₱17,735.00","₱1,447.76",Senior Citizen,"₱1,357.27","₱17,011.13","₱17,011.13"
79455,002-000032733,26/06/2026,23:43:26,28,Dine In,Dine In,"₱8,255.00",₱737.05,Family Discount,₱825.50,"₱8,166.55","₱8,166.55"
79445,002-000032731,26/06/2026,23:57:02,12,Dine In,Dine In,"₱2,535.00",₱222.57,Senior Citizen,₱37.72,"₱2,697.22","₱2,697.22"
79443,002-000032730,26/06/2026,23:47:24,4,Dine In,Dine In,₱520.00,₱41.79,Senior Citizen,₱46.43,₱487.50,₱487.50
79437,002-000032727,26/06/2026,22:47:38,2,Dine In,Dine In,₱820.00,₱73.21,Family Discount,₱82.00,₱811.21,₱811.21
79427,002-000032723,26/06/2026,21:23:12,4,Dine In,Dine In,"₱3,270.00",₱256.88,PWD,₱350.89,"₱2,965.45","₱2,965.45"
79419,002-000032719,26/06/2026,21:02:30,0,Dine In,Dine In,₱260.00,₱23.21,Family Discount,₱26.00,₱257.21,₱257.21
79417,002-000032718,26/06/2026,20:59:26,2,Dine In,Dine In,"₱2,055.00",₱183.48,nan,₱0.00,"₱2,238.48","₱2,238.48"
79415,002-000032717,26/06/2026,20:49:06,28,Dine In,Dine In,₱355.00,₱31.70,nan,₱0.00,₱386.70,₱386.70
79414,002-000032716,26/06/2026,20:26:09,4,Dine In,Dine In,"₱2,835.00",₱253.13,nan,₱0.00,"₱3,088.13","₱3,088.13"
79412,002-000032714,26/06/2026,20:23:38,2,Dine In,Dine In,"₱1,260.00",₱90.00,Senior Citizen,₱225.00,₱990.00,₱990.00
79394,002-000032707,26/06/2026,17:29:24,4,Dine In,Dine In,"₱2,145.00",₱181.94,Senior Citizen,₱95.76,"₱2,173.72","₱2,173.72"
79382,002-000032701,26/06/2026,13:39:47,2,Dine In,Dine In,"₱4,510.00",₱366.12,Senior Citizen,₱365.63,"₱4,291.11","₱4,291.11"
79372,002-000032699,25/06/2026,23:36:57,3,Dine In,Dine In,"₱3,735.00",₱333.48,Family Discount,₱373.50,"₱3,694.98","₱3,694.98"
79368,002-000032698,25/06/2026,23:28:50,0,Dine In,Dine In,"₱1,225.00",₱109.38,nan,₱0.00,"₱1,334.38","₱1,334.38"
79366,002-000032697,25/06/2026,23:22:53,2,Dine In,Dine In,"₱1,170.00",₱104.46,nan,₱0.00,"₱1,274.46","₱1,274.46"
79358,002-000032695,25/06/2026,21:24:47,2,Dine In,Dine In,"₱1,675.00",₱149.55,nan,₱0.00,"₱1,824.55","₱1,824.55"
79356,002-000032694,25/06/2026,21:20:29,4,Dine In,Dine In,"₱3,220.00",₱261.65,PWD,₱258.48,"₱3,068.08","₱3,068.08"
79354,002-000032693,25/06/2026,20:22:18,2,Dine In,Dine In,"₱1,430.00",₱127.68,nan,₱0.00,"₱1,557.68","₱1,557.68"
79352,002-000032692,25/06/2026,19:47:22,0,Dine In,Dine In,₱995.00,₱88.84,nan,₱0.00,"₱1,083.84","₱1,083.84"
79346,002-000032689,25/06/2026,17:24:59,1,Dine In,Dine In,₱610.00,₱43.57,Senior Citizen,₱108.93,₱479.28,₱479.28
79342,002-000032687,25/06/2026,16:17:23,2,Dine In,Dine In,"₱1,035.00",₱73.93,PWD,₱184.82,₱813.22,₱813.22
79341,002-000032686,25/06/2026,16:13:31,0,Take Out,Take Out,₱595.00,₱0.00,nan,₱0.00,₱595.00,₱595.00
79333,002-000032684,25/06/2026,15:27:13,2,Dine In,Dine In,"₱1,185.00",₱118.50,nan,₱0.00,"₱1,303.50","₱1,303.50"
79329,002-000032682,25/06/2026,13:21:31,0,Dine In,Dine In,₱365.00,₱32.59,nan,₱0.00,₱397.59,₱397.59
79327,002-000032681,25/06/2026,12:57:25,3,Dine In,Dine In,"₱1,490.00",₱133.04,nan,₱0.00,"₱1,623.04","₱1,623.04"
79325,002-000032680,25/06/2026,12:27:45,2,Dine In,Dine In,"₱1,230.00",₱109.82,Family Discount,₱123.00,"₱1,216.82","₱1,216.82"
79315,002-000032679,24/06/2026,22:01:09,3,Dine In,Dine In,"₱3,000.00",₱300.00,nan,₱0.00,"₱3,300.00","₱3,300.00"
79314,002-000032678,24/06/2026,22:00:42,5,Dine In,Dine In,₱750.00,₱66.96,nan,₱0.00,₱816.96,₱816.96
79312,002-000032677,24/06/2026,21:39:17,2,Dine In,Dine In,"₱1,855.00",₱165.63,nan,₱0.00,"₱2,020.63","₱2,020.63"
79310,002-000032676,24/06/2026,21:30:24,2,Dine In,Dine In,₱490.00,₱39.38,PWD,₱43.75,₱459.38,₱459.38
79309,002-000032675,24/06/2026,21:29:28,2,Dine In,Dine In,"₱1,405.00",₱125.45,Family Discount,₱140.50,"₱1,389.95","₱1,389.95"
79306,002-000032674,24/06/2026,20:39:54,2,Dine In,Dine In,₱860.00,₱76.79,nan,₱0.00,₱936.79,₱936.79
79304,002-000032673,24/06/2026,20:35:45,6,Dine In,Dine In,"₱4,830.00",₱431.25,nan,₱0.00,"₱5,261.25","₱5,261.25"
79302,002-000032672,24/06/2026,20:17:22,4,Dine In,Dine In,"₱3,370.00",₱270.80,PWD,₱300.89,"₱3,159.37","₱3,159.37"
79300,002-000032671,24/06/2026,19:59:04,0,Take Out,Take Out,₱835.00,₱0.00,nan,₱0.00,₱835.00,₱835.00
79298,002-000032670,24/06/2026,18:58:11,8,Dine In,Dine In,"₱5,700.00",₱480.47,PWD,₱284.60,"₱5,725.11","₱5,725.11"
79295,002-000032669,24/06/2026,17:21:18,1,Dine In,Dine In,₱445.00,₱39.73,nan,₱0.00,₱484.73,₱484.73
79293,002-000032668,24/06/2026,16:00:08,3,Dine In,Dine In,"₱3,310.00",₱331.00,nan,₱0.00,"₱3,641.00","₱3,641.00"
79290,002-000032667,24/06/2026,15:05:55,2,Dine In,Dine In,₱585.00,₱52.23,nan,₱0.00,₱637.23,₱637.23
79288,002-000032666,24/06/2026,14:37:02,2,Dine In,Dine In,"₱1,650.00",₱147.32,nan,₱0.00,"₱1,797.32","₱1,797.32"
79286,002-000032665,24/06/2026,12:49:35,2,Dine In,Dine In,₱675.00,₱60.27,nan,₱0.00,₱735.27,₱735.27
79284,002-000032664,24/06/2026,12:42:08,2,Dine In,Dine In,"₱2,080.00",₱185.71,nan,₱0.00,"₱2,265.71","₱2,265.71"
79282,002-000032663,24/06/2026,12:31:02,2,Dine In,Dine In,₱840.00,₱75.00,nan,₱0.00,₱915.00,₱915.00
79280,002-000032662,24/06/2026,11:56:41,0,Food Panda,Food Panda,₱125.00,₱0.00,nan,₱0.00,₱125.00,₱125.00
79272,002-000032661,23/06/2026,23:06:05,2,Dine In,Dine In,"₱1,300.00",₱116.07,nan,₱0.00,"₱1,416.07","₱1,416.07"
79268,002-000032659,23/06/2026,22:56:40,3,Dine In,Dine In,₱240.00,₱21.43,nan,₱0.00,₱261.43,₱261.43
79267,002-000032658,23/06/2026,22:54:58,2,Dine In,Dine In,"₱2,450.00",₱245.00,nan,₱0.00,"₱2,695.00","₱2,695.00"
79265,002-000032657,23/06/2026,22:37:31,2,Dine In,Dine In,"₱1,560.00",₱139.29,nan,₱0.00,"₱1,699.29","₱1,699.29"
79264,002-000032656,23/06/2026,22:36:18,2,Dine In,Dine In,"₱1,565.00",₱127.86,Senior Citizen,₱118.75,"₱1,502.86","₱1,502.86"
79261,002-000032655,23/06/2026,22:30:39,2,Dine In,Dine In,₱645.00,₱57.59,Family Discount,₱64.50,₱638.09,₱638.09
79259,002-000032654,23/06/2026,21:53:04,2,Dine In,Dine In,₱770.00,₱54.98,Senior Citizen,₱137.71,₱605.84,₱605.84
79257,002-000032653,23/06/2026,21:47:54,1,Dine In,Dine In,₱120.00,₱10.71,nan,₱0.00,₱130.71,₱130.71
79256,002-000032652,23/06/2026,21:47:23,4,Dine In,Dine In,"₱2,635.00",₱235.27,nan,₱0.00,"₱2,870.27","₱2,870.27"
79255,002-000032651,23/06/2026,21:45:50,2,Dine In,Dine In,₱480.00,₱38.57,PWD,₱42.86,₱450.00,₱450.00
79251,002-000032650,23/06/2026,21:25:54,2,Dine In,Dine In,"₱2,270.00",₱202.68,nan,₱0.00,"₱2,472.68","₱2,472.68"
79250,002-000032649,23/06/2026,21:25:13,2,Dine In,Dine In,"₱1,045.00",₱93.30,nan,₱0.00,"₱1,138.30","₱1,138.30"
79247,002-000032648,23/06/2026,20:59:26,2,Dine In,Dine In,₱545.00,₱48.66,nan,₱0.00,₱593.66,₱593.66
79245,002-000032647,23/06/2026,20:22:19,4,Dine In,Dine In,"₱1,995.00",₱178.13,nan,₱0.00,"₱2,173.13","₱2,173.13"
79240,002-000032645,23/06/2026,19:47:24,2,Dine In,Dine In,₱910.00,₱73.13,PWD,₱81.25,₱853.13,₱853.13
79238,002-000032644,23/06/2026,19:39:10,3,Dine In,Dine In,"₱2,130.00",₱190.18,nan,₱0.00,"₱2,320.18","₱2,320.18"
79236,002-000032643,23/06/2026,19:33:09,8,Dine In,Dine In,"₱6,005.00",₱536.16,nan,₱0.00,"₱6,541.16","₱6,541.16"
79230,002-000032640,23/06/2026,14:34:53,2,Dine In,Dine In,"₱4,265.00",₱426.50,nan,₱0.00,"₱4,691.50","₱4,691.50"
79228,002-000032639,23/06/2026,13:43:06,2,Take Out,Take Out,₱300.00,₱0.00,nan,₱0.00,₱300.00,₱300.00
79225,002-000032638,23/06/2026,13:31:05,2,Dine In,Dine In,₱845.00,₱75.45,nan,₱0.00,₱920.45,₱920.45
79222,002-000032637,23/06/2026,13:01:06,1,Take Out,Take Out,₱450.00,₱0.00,nan,₱0.00,₱450.00,₱450.00
79220,002-000032636,23/06/2026,12:45:31,2,Dine In,Dine In,₱375.00,₱33.48,nan,₱0.00,₱408.48,₱408.48
79218,002-000032635,23/06/2026,12:41:35,2,Dine In,Dine In,₱885.00,₱79.02,nan,₱0.00,₱964.02,₱964.02
79216,002-000032634,23/06/2026,11:27:41,1,Take Out,Take Out,₱150.00,₱0.00,nan,₱0.00,₱150.00,₱150.00
79209,002-000032633,22/06/2026,23:17:00,3,Dine In,Dine In,"₱2,955.00",₱263.84,nan,₱0.00,"₱3,218.84","₱3,218.84"
79207,002-000032632,22/06/2026,23:11:38,2,Dine In,Credit Card,"₱2,450.00",₱196.88,PWD,₱218.75,"₱2,296.88","₱1,093.75"
79199,002-000032629,22/06/2026,19:47:58,2,Dine In,Credit Card,"₱1,380.00",₱123.21,nan,₱0.00,"₱1,503.21","₱1,380.00"
79195,002-000032627,22/06/2026,18:00:18,2,Dine In,Dine In,"₱1,500.00",₱150.00,nan,₱0.00,"₱1,650.00","₱1,650.00"
79191,002-000032625,22/06/2026,14:14:50,2,Dine In,Dine In,"₱1,580.00",₱126.96,PWD,₱141.07,"₱1,481.25","₱1,481.25"
79187,002-000032623,22/06/2026,13:28:57,1,Take Out,Take Out,₱150.00,₱0.00,nan,₱0.00,₱150.00,₱150.00
79186,002-000032622,22/06/2026,13:25:11,3,Dine In,Credit Card,₱450.00,₱40.18,nan,₱0.00,₱490.18,₱450.00
79183,002-000032621,22/06/2026,12:35:46,2,Dine In,Dine In,₱650.00,₱58.04,nan,₱0.00,₱708.04,₱708.04
79175,002-000032620,21/06/2026,23:56:09,2,Dine In,Dine In,"₱1,045.00",₱93.30,nan,₱0.00,"₱1,138.30","₱1,138.30"
79173,002-000032619,21/06/2026,23:05:39,5,Dine In,Dine In,"₱3,915.00",₱349.55,nan,₱0.00,"₱4,264.55","₱4,264.55"
79171,002-000032618,21/06/2026,22:55:27,3,Dine In,Dine In,₱835.00,₱74.55,nan,₱0.00,₱909.55,₱909.55
79170,002-000032617,21/06/2026,22:54:54,3,Dine In,Debit Card,₱445.00,₱39.73,nan,₱0.00,₱484.73,₱445.00
79167,002-000032616,21/06/2026,22:47:10,1,Dine In,Dine In,₱375.00,₱33.48,nan,₱0.00,₱408.48,₱408.48
79166,002-000032615,21/06/2026,22:47:03,3,Dine In,Dine In,₱770.00,₱68.75,nan,₱0.00,₱838.75,₱838.75
79162,002-000032614,21/06/2026,22:30:06,2,Dine In,Dine In,₱795.00,₱70.98,nan,₱0.00,₱865.98,₱865.98
79161,002-000032613,21/06/2026,22:21:45,3,Dine In,Debit Card,"₱1,355.00",₱120.98,nan,₱0.00,"₱1,475.98","₱1,355.00"
79161,002-000032613,21/06/2026,22:21:45,3,Dine In,Dine In,"₱1,355.00",₱120.98,nan,₱0.00,"₱1,475.98","₱1,475.98"
79158,002-000032612,21/06/2026,22:00:01,2,Dine In,Dine In,"₱1,000.00",₱89.29,nan,₱0.00,"₱1,089.29","₱1,089.29"
79156,002-000032611,21/06/2026,21:21:01,1,Dine In,Dine In,₱245.00,₱21.88,nan,₱0.00,₱266.88,₱266.88
79154,002-000032610,21/06/2026,20:55:03,5,Dine In,Dine In,"₱5,075.00",₱453.13,Family Discount,₱507.50,"₱5,020.63","₱5,020.63"
79152,002-000032609,21/06/2026,20:48:21,3,Dine In,Dine In,"₱2,130.00",₱152.14,PWD,₱380.36,"₱1,673.57","₱1,673.57"
79150,002-000032608,21/06/2026,20:36:56,5,Dine In,Dine In,"₱4,475.00",₱399.55,nan,₱0.00,"₱4,874.55","₱4,874.55"
79148,002-000032607,21/06/2026,20:09:40,3,Dine In,Dine In,"₱2,500.00",₱210.33,Senior Citizen,₱128.87,"₱2,504.14","₱2,504.14"
79146,002-000032606,21/06/2026,20:05:09,5,Dine In,Dine In,"₱4,530.00",₱372.11,Senior Citizen,₱323.57,"₱4,384.40","₱4,384.40"
79144,002-000032605,21/06/2026,19:52:02,4,Dine In,Dine In,"₱2,410.00",₱241.00,nan,₱0.00,"₱2,651.00","₱2,651.00"
79142,002-000032604,21/06/2026,19:33:40,5,Dine In,Dine In,"₱3,645.00",₱312.43,PWD,₱130.18,"₱3,749.14","₱3,749.14"
79139,002-000032603,21/06/2026,19:24:34,4,Dine In,Dine In,"₱2,215.00",₱197.77,nan,₱0.00,"₱2,412.77","₱2,412.77"
79133,002-000032602,21/06/2026,18:32:34,2,Dine In,Dine In,"₱1,640.00",₱146.43,nan,₱0.00,"₱1,786.43","₱1,786.43"
79130,002-000032601,21/06/2026,18:19:04,2,Dine In,Dine In,"₱1,785.00",₱159.38,nan,₱0.00,"₱1,944.38","₱1,944.38"
79128,002-000032600,21/06/2026,18:07:39,2,Dine In,Dine In,"₱1,470.00",₱131.25,nan,₱0.00,"₱1,601.25","₱1,601.25"
79126,002-000032599,21/06/2026,17:16:50,5,Dine In,Dine In,"₱1,195.00",₱106.70,nan,₱0.00,"₱1,301.70","₱1,301.70"
79124,002-000032598,21/06/2026,14:40:14,5,Dine In,Dine In,"₱1,819.00",₱162.41,nan,₱0.00,"₱1,981.41","₱1,981.41"
79122,002-000032597,21/06/2026,13:57:11,4,Dine In,Dine In,"₱2,190.00",₱219.00,nan,₱0.00,"₱2,409.00","₱2,409.00"
79119,002-000032596,21/06/2026,13:48:45,3,Dine In,Dine In,"₱2,150.00",₱179.17,PWD,₱127.98,"₱2,124.40","₱2,124.40"
79118,002-000032595,21/06/2026,13:34:19,6,Dine In,Dine In,"₱6,850.00",₱611.61,nan,₱0.00,"₱7,461.61","₱7,461.61"
79116,002-000032594,21/06/2026,13:14:25,2,Dine In,Dine In,"₱1,295.00",₱115.63,nan,₱0.00,"₱1,410.63","₱1,410.63"
79114,002-000032593,21/06/2026,13:09:46,0,Take Out,Take Out,"₱1,855.00",₱0.00,nan,₱0.00,"₱1,855.00","₱1,855.00"
79113,002-000032592,21/06/2026,13:07:12,4,Dine In,Dine In,"₱2,100.00",₱178.13,PWD,₱93.75,"₱2,128.13","₱2,128.13"
79112,002-000032543,20/06/2026,23:59:59,6,Dine In,Walk-in,"₱4,255.00",₱379.91,nan,₱0.00,"₱4,634.91","₱4,634.91"
79108,002-000032542,20/06/2026,23:59:59,4,Dine In,Walk-in,"₱2,940.00",₱262.50,nan,₱0.00,"₱3,202.50","₱3,202.50"
79103,002-000032541,20/06/2026,23:59:58,2,Dine In,Walk-in,"₱1,515.00",₱135.27,nan,₱0.00,"₱1,650.27","₱1,650.27"
79098,002-000032540,20/06/2026,23:59:46,5,Dine In,Walk-in,"₱3,610.00",₱322.32,nan,₱0.00,"₱3,932.32","₱3,932.32"
79093,002-000032539,20/06/2026,23:57:18,3,Dine In,Walk-in,"₱2,015.00",₱179.91,nan,₱0.00,"₱2,194.91","₱2,194.91"
79089,002-000032538,20/06/2026,23:46:52,6,Dine In,Walk-in,"₱4,015.00",₱358.48,nan,₱0.00,"₱4,373.48","₱4,373.48"
79085,002-000032537,20/06/2026,23:18:36,3,Dine In,Walk-in,"₱1,955.00",₱174.55,nan,₱0.00,"₱2,129.55","₱2,129.55"
79081,002-000032536,20/06/2026,22:46:08,5,Dine In,Walk-in,"₱3,385.00",₱302.23,nan,₱0.00,"₱3,687.23","₱3,687.23"
79078,002-000032535,20/06/2026,22:13:40,2,Dine In,Walk-in,"₱1,410.00",₱125.89,nan,₱0.00,"₱1,535.89","₱1,535.89"
79075,002-000032534,20/06/2026,21:47:53,4,Dine In,Walk-in,"₱2,785.00",₱248.66,nan,₱0.00,"₱3,033.66","₱3,033.66"
79072,002-000032533,20/06/2026,21:16:37,2,Dine In,Walk-in,"₱1,420.00",₱126.79,nan,₱0.00,"₱1,546.79","₱1,546.79"
79069,002-000032532,20/06/2026,20:29:21,5,Dine In,Walk-in,"₱3,155.00",₱281.70,nan,₱0.00,"₱3,436.70","₱3,436.70"
79066,002-000032531,20/06/2026,19:47:58,3,Dine In,Walk-in,"₱1,980.00",₱176.79,nan,₱0.00,"₱2,156.79","₱2,156.79"
79063,002-000032530,20/06/2026,19:08:42,6,Dine In,Walk-in,"₱3,965.00",₱354.02,nan,₱0.00,"₱4,319.02","₱4,319.02"
79060,002-000032529,20/06/2026,18:34:15,4,Dine In,Walk-in,"₱2,615.00",₱233.48,nan,₱0.00,"₱2,848.48","₱2,848.48"
79057,002-000032528,20/06/2026,17:58:36,2,Dine In,Walk-in,"₱1,365.00",₱121.88,nan,₱0.00,"₱1,486.88","₱1,486.88"
79054,002-000032527,20/06/2026,13:11:08,5,Dine In,Walk-in,"₱3,320.00",₱296.43,nan,₱0.00,"₱3,616.43","₱3,616.43"
79051,002-000032526,20/06/2026,12:23:55,3,Dine In,Walk-in,"₱1,895.00",₱169.20,nan,₱0.00,"₱2,064.20","₱2,064.20"
79048,002-000032525,20/06/2026,11:46:19,4,Dine In,Walk-in,"₱2,760.00",₱246.43,nan,₱0.00,"₱3,006.43","₱3,006.43"
79045,002-000032524,20/06/2026,11:07:41,2,Dine In,Walk-in,"₱1,295.00",₱115.63,nan,₱0.00,"₱1,410.63","₱1,410.63"
79044,002-000032564,20/06/2026,0:05:41,4,Dine In,GCash,"₱1,320.00",₱117.86,nan,₱0.00,"₱1,437.86","₱1,320.00"
79041,002-000032563,19/06/2026,23:51:17,3,Dine In,Cash,"₱4,040.00",₱360.71,nan,₱0.00,"₱4,400.71","₱4,040.00"
79041,002-000032563,19/06/2026,23:51:17,3,Dine In,Dine In,"₱4,040.00",₱360.71,nan,₱0.00,"₱4,400.71","₱4,400.71"
79040,002-000032562,19/06/2026,23:40:23,2,Dine In,Debit Card,"₱1,655.00",₱147.77,nan,₱0.00,"₱1,802.77","₱1,655.00"
79038,002-000032561,19/06/2026,23:31:27,3,Dine In,Cash,"₱1,795.00",₱147.83,PWD,₱124.40,"₱1,743.79","₱1,670.60"
79038,002-000032561,19/06/2026,23:31:27,3,Dine In,Dine In,"₱1,795.00",₱147.83,PWD,₱124.40,"₱1,743.79","₱1,743.79"
79035,002-000032560,19/06/2026,23:21:41,3,Dine In,Dine In,₱185.00,₱16.52,nan,₱0.00,₱201.52,₱201.52
79034,002-000032559,19/06/2026,21:45:44,2,Dine In,Debit Card,"₱3,505.00",₱312.95,nan,₱0.00,"₱3,817.95","₱3,505.00"
79032,002-000032558,19/06/2026,21:25:55,2,Dine In,Credit Card,₱205.00,₱18.30,nan,₱0.00,₱223.30,₱205.00
79030,002-000032557,19/06/2026,21:00:47,4,Dine In,Credit Card,"₱3,060.00",₱273.21,nan,₱0.00,"₱3,333.21","₱3,060.00"
79030,002-000032557,19/06/2026,21:00:47,4,Dine In,Dine In,"₱3,060.00",₱273.21,nan,₱0.00,"₱3,333.21","₱3,333.21"
79028,002-000032556,19/06/2026,20:38:41,2,Dine In,Debit Card,"₱1,150.00",₱102.68,nan,₱0.00,"₱1,252.68","₱1,150.00"
79028,002-000032556,19/06/2026,20:38:41,2,Dine In,Dine In,"₱1,150.00",₱102.68,nan,₱0.00,"₱1,252.68","₱1,252.68"
79025,002-000032555,19/06/2026,20:16:59,2,Dine In,Cash,"₱1,440.00",₱128.57,nan,₱0.00,"₱1,568.57","₱1,440.00"
79025,002-000032555,19/06/2026,20:16:59,2,Dine In,Dine In,"₱1,440.00",₱128.57,nan,₱0.00,"₱1,568.57","₱1,568.57"
79024,002-000032554,19/06/2026,20:12:29,3,Dine In,Credit Card,"₱2,805.00",₱250.45,nan,₱0.00,"₱3,055.45","₱2,805.00"
79022,002-000032553,19/06/2026,20:07:53,2,Dine In,Credit Card,"₱2,155.00",₱192.41,nan,₱0.00,"₱2,347.41","₱2,155.00"
79021,002-000032552,19/06/2026,20:07:21,2,Dine In,Credit Card,"₱2,140.00",₱191.07,nan,₱0.00,"₱2,331.07","₱2,140.00"
79017,002-000032551,19/06/2026,19:46:28,2,Dine In,GCash,"₱1,055.00",₱94.20,nan,₱0.00,"₱1,149.20","₱1,055.00"
79015,002-000032550,19/06/2026,18:51:13,2,Dine In,Credit Card,"₱1,860.00",₱186.00,nan,₱0.00,"₱2,046.00","₱1,860.00"
79015,002-000032550,19/06/2026,18:51:13,2,Dine In,Dine In,"₱1,860.00",₱186.00,nan,₱0.00,"₱2,046.00","₱2,046.00"
79012,002-000032549,19/06/2026,17:28:31,0,Take Out,Take Out,₱730.00,₱0.00,nan,₱0.00,₱730.00,₱730.00
79011,002-000032548,19/06/2026,17:27:32,2,Take Out,Cash,₱750.00,₱0.00,Senior Citizen,₱66.96,₱642.86,₱683.04
79011,002-000032548,19/06/2026,17:27:32,2,Take Out,Take Out,₱750.00,₱0.00,Senior Citizen,₱66.96,₱642.86,₱642.86
79009,002-000032547,19/06/2026,17:11:00,1,Dine In,GCash,₱480.00,₱42.86,nan,₱0.00,₱522.86,₱480.00
79004,002-000032546,19/06/2026,13:27:33,4,Dine In,Cash,"₱2,769.00",₱276.90,nan,₱0.00,"₱3,045.90","₱2,769.00"
79004,002-000032546,19/06/2026,13:27:33,4,Dine In,Dine In,"₱2,769.00",₱276.90,nan,₱0.00,"₱3,045.90","₱3,045.90"
79003,002-000032545,19/06/2026,11:31:29,2,Take Out,GCash,"₱1,095.00",₱0.00,Senior Citizen,₱55.54,"₱1,018.14","₱1,039.46"
78977,002-000032523,18/06/2026,23:49:56,6,Dine In,Walk-in,"₱3,890.00",₱347.32,nan,₱0.00,"₱4,237.32","₱4,237.32"
78976,002-000032522,18/06/2026,23:21:48,2,Dine In,Walk-in,"₱1,295.00",₱115.63,nan,₱0.00,"₱1,410.63","₱1,410.63"
78976,002-000032506,16/06/2026,23:26:11,3,Dine In,Walk-in,"₱1,915.00",₱170.98,nan,₱0.00,"₱2,085.98","₱2,085.98"
78975,002-000032521,18/06/2026,22:56:39,5,Dine In,Walk-in,"₱3,215.00",₱287.05,nan,₱0.00,"₱3,502.05","₱3,502.05"
78974,002-000032505,16/06/2026,22:57:48,4,Dine In,Walk-in,"₱2,845.00",₱254.02,nan,₱0.00,"₱3,099.02","₱3,099.02"
78973,002-000032520,18/06/2026,22:28:17,3,Dine In,Walk-in,"₱1,845.00",₱164.73,nan,₱0.00,"₱2,009.73","₱2,009.73"
78972,002-000032504,16/06/2026,22:34:16,2,Dine In,Walk-in,"₱1,295.00",₱115.63,nan,₱0.00,"₱1,410.63","₱1,410.63"
78971,002-000032519,18/06/2026,22:06:41,6,Dine In,Walk-in,"₱3,640.00",₱325.00,nan,₱0.00,"₱3,965.00","₱3,965.00"
78970,002-000032518,18/06/2026,21:18:08,2,Dine In,Walk-in,"₱1,285.00",₱114.73,nan,₱0.00,"₱1,399.73","₱1,399.73"
78970,002-000032503,16/06/2026,22:16:08,6,Dine In,Walk-in,"₱3,785.00",₱337.95,nan,₱0.00,"₱4,122.95","₱4,122.95"
78969,002-000032517,18/06/2026,20:39:56,4,Dine In,Walk-in,"₱2,690.00",₱240.18,nan,₱0.00,"₱2,930.18","₱2,930.18"
78968,002-000032502,16/06/2026,21:38:51,2,Dine In,Walk-in,"₱1,295.00",₱115.63,PWD,₱194.25,"₱1,216.38","₱1,216.38"
78967,002-000032516,18/06/2026,20:01:33,3,Dine In,Walk-in,"₱1,735.00",₱154.91,nan,₱0.00,"₱1,889.91","₱1,889.91"
78966,002-000032515,18/06/2026,19:34:19,5,Dine In,Walk-in,"₱3,180.00",₱283.93,nan,₱0.00,"₱3,463.93","₱3,463.93"
78966,002-000032501,16/06/2026,21:04:27,3,Dine In,Walk-in,"₱1,625.00",₱145.09,nan,₱0.00,"₱1,770.09","₱1,770.09"
78965,002-000032514,18/06/2026,19:02:45,2,Dine In,Walk-in,"₱1,470.00",₱131.25,nan,₱0.00,"₱1,601.25","₱1,601.25"
78964,002-000032513,18/06/2026,18:31:08,3,Dine In,Walk-in,"₱1,885.00",₱168.30,nan,₱0.00,"₱2,053.30","₱2,053.30"
78964,002-000032500,16/06/2026,20:32:44,5,Dine In,Walk-in,"₱3,140.00",₱280.36,nan,₱0.00,"₱3,420.36","₱3,420.36"
78963,002-000032512,18/06/2026,17:42:16,4,Dine In,Walk-in,"₱2,460.00",₱219.64,nan,₱0.00,"₱2,679.64","₱2,679.64"
78962,002-000032511,18/06/2026,13:06:44,2,Dine In,Walk-in,"₱1,130.00",₱100.89,nan,₱0.00,"₱1,230.89","₱1,230.89"
78962,002-000032499,16/06/2026,20:05:39,2,Dine In,Walk-in,"₱1,455.00",₱129.91,nan,₱0.00,"₱1,584.91","₱1,584.91"
78961,002-000032510,18/06/2026,12:18:51,5,Dine In,Walk-in,"₱3,025.00",₱270.09,nan,₱0.00,"₱3,295.09","₱3,295.09"
78960,002-000032509,18/06/2026,11:49:27,3,Dine In,Walk-in,"₱1,790.00",₱159.82,nan,₱0.00,"₱1,949.82","₱1,949.82"
78960,002-000032498,16/06/2026,19:41:12,4,Dine In,Walk-in,"₱2,395.00",₱213.84,nan,₱0.00,"₱2,608.84","₱2,608.84"
78959,002-000032508,18/06/2026,11:14:33,2,Dine In,Walk-in,"₱1,255.00",₱112.05,nan,₱0.00,"₱1,367.05","₱1,367.05"
78958,002-000032485,17/06/2026,21:10:12,2,Dine In,Walk-in,"₱2,300.00",₱171.98,Senior Citizen,₱303.79,"₱1,990.12","₱1,996.21"
78958,002-000032497,16/06/2026,19:12:45,3,Dine In,Walk-in,"₱1,860.00",₱166.07,nan,₱0.00,"₱2,026.07","₱2,026.07"
78956,002-000032496,16/06/2026,17:37:18,5,Dine In,Walk-in,"₱3,070.00",₱274.11,nan,₱0.00,"₱3,344.11","₱3,344.11"
78954,002-000032495,16/06/2026,13:08:54,2,Dine In,Walk-in,"₱1,090.00",₱97.32,nan,₱0.00,"₱1,187.32","₱1,187.32"
78952,002-000032494,16/06/2026,12:21:11,4,Dine In,Walk-in,"₱2,480.00",₱221.43,Senior Citizen,₱372.00,"₱2,329.43","₱2,329.43"
78950,002-000032493,16/06/2026,11:46:27,3,Dine In,Walk-in,"₱1,555.00",₱138.84,nan,₱0.00,"₱1,693.84","₱1,693.84"
78948,002-000032492,16/06/2026,11:18:42,2,Dine In,Walk-in,"₱1,185.00",₱105.80,nan,₱0.00,"₱1,290.80","₱1,290.80"
78934,002-000032516,17/06/2026,23:45:40,2,Dine In,Walk-in,₱840.00,₱75.00,nan,₱0.00,₱915.00,₱840.00
78930,002-000032514,17/06/2026,21:39:59,5,Dine In,Walk-in,"₱4,110.00",₱366.96,nan,₱0.00,"₱4,476.96","₱4,110.00"
78928,002-000032513,17/06/2026,21:33:05,3,Dine In,Walk-in,"₱3,985.00",₱355.80,nan,₱0.00,"₱4,340.80","₱3,985.00"
78926,002-000032512,17/06/2026,20:52:35,2,Dine In,Walk-in,"₱1,035.00",₱103.50,Gift Voucher,₱500.00,₱638.50,₱535.00
78922,002-000032511,17/06/2026,20:35:58,2,Dine In,Walk-in,₱390.00,₱34.82,nan,₱0.00,₱424.82,₱390.00
78919,002-000032509,17/06/2026,18:52:42,2,Dine In,Walk-in,"₱1,410.00",₱125.89,nan,₱0.00,"₱1,535.89","₱1,410.00"
78917,002-000032508,17/06/2026,14:48:12,1,Dine In,Walk-in,₱425.00,₱30.36,PWD,₱75.89,₱333.93,₱349.11
78915,002-000032506,17/06/2026,13:02:15,2,Dine In,Walk-in,₱905.00,₱80.80,nan,₱0.00,₱985.80,₱905.00
78914,002-000032507,16/06/2026,23:51:43,5,Dine In,Walk-in,"₱3,455.00",₱308.48,nan,₱0.00,"₱3,763.48","₱3,763.48"
78913,002-000032488,15/06/2026,22:58:41,4,Dine In,Walk-in,"₱2,860.00",₱255.36,nan,₱0.00,"₱3,115.36","₱3,115.36"
78912,002-000032491,15/06/2026,23:58:38,5,Dine In,Walk-in,"₱3,375.00",₱301.34,nan,₱0.00,"₱3,676.34","₱3,676.34"
78911,002-000032519,18/06/2026,0:06:58,2,Dine In,Walk-in,₱805.00,₱71.88,Family Discount,₱80.50,₱796.38,₱724.50
78911,002-000032490,15/06/2026,23:41:06,2,Dine In,Walk-in,"₱1,040.00",₱92.86,PWD,₱156.00,₱976.86,₱976.86
78910,002-000032489,15/06/2026,23:18:57,3,Dine In,Walk-in,"₱1,940.00",₱173.21,nan,₱0.00,"₱2,113.21","₱2,113.21"
78909,002-000032487,15/06/2026,22:37:24,2,Dine In,Walk-in,"₱1,185.00",₱105.80,nan,₱0.00,"₱1,290.80","₱1,290.80"
78908,002-000032486,15/06/2026,22:18:51,3,Dine In,Walk-in,"₱1,815.00",₱162.05,nan,₱0.00,"₱1,977.05","₱1,977.05"
78901,002-000032485,15/06/2026,21:42:15,5,Dine In,Walk-in,"₱3,130.00",₱279.46,nan,₱0.00,"₱3,409.46","₱3,409.46"
78895,002-000032484,15/06/2026,21:05:37,2,Dine In,Walk-in,₱960.00,₱85.71,nan,₱0.00,"₱1,045.71","₱1,045.71"
78890,002-000032483,15/06/2026,20:36:08,3,Dine In,Walk-in,"₱1,700.00",₱151.79,PWD,₱255.00,"₱1,596.79","₱1,596.79"
78885,002-000032482,15/06/2026,20:11:43,4,Dine In,Walk-in,"₱2,515.00",₱224.55,nan,₱0.00,"₱2,739.55","₱2,739.55"
78881,002-000032481,15/06/2026,19:48:26,2,Dine In,Walk-in,"₱1,280.00",₱114.29,nan,₱0.00,"₱1,394.29","₱1,394.29"
78876,002-000032480,15/06/2026,19:26:05,3,Dine In,Walk-in,"₱1,785.00",₱159.38,nan,₱0.00,"₱1,944.38","₱1,944.38"
78871,002-000032479,15/06/2026,18:42:33,5,Dine In,Walk-in,"₱3,185.00",₱284.38,nan,₱0.00,"₱3,469.38","₱3,469.38"
78865,002-000032478,15/06/2026,17:48:21,2,Dine In,Walk-in,"₱1,260.00",₱112.50,nan,₱0.00,"₱1,372.50","₱1,372.50"
78858,002-000032477,15/06/2026,12:31:47,4,Dine In,Walk-in,"₱2,555.00",₱228.13,Senior Citizen,₱383.25,"₱2,399.88","₱2,399.88"
78854,002-000032476,15/06/2026,11:58:39,3,Dine In,Walk-in,"₱1,710.00",₱152.68,nan,₱0.00,"₱1,862.68","₱1,862.68"
78853,002-000032475,15/06/2026,11:24:16,2,Dine In,Walk-in,"₱1,075.00",₱96.00,nan,₱0.00,"₱1,171.00","₱1,171.00"
78848,002-000032474,14/06/2026,23:48:59,2,Dine In,Walk-in,"₱1,090.00",₱97.32,nan,₱0.00,"₱1,187.32","₱1,187.32"
78841,002-000032473,14/06/2026,23:17:36,3,Dine In,Walk-in,"₱1,685.00",₱150.45,nan,₱0.00,"₱1,835.45","₱1,835.45"
78834,002-000032472,14/06/2026,22:52:18,4,Dine In,Walk-in,"₱2,845.00",₱254.02,Senior Citizen,₱426.75,"₱2,672.27","₱2,672.27"
78827,002-000032471,14/06/2026,22:31:45,2,Dine In,Walk-in,"₱1,260.00",₱112.50,nan,₱0.00,"₱1,372.50","₱1,372.50"
78820,002-000032470,14/06/2026,22:09:17,3,Dine In,Restaurant,"₱1,845.00",₱164.73,nan,₱0.00,"₱2,009.73","₱2,009.73"
78814,002-000032469,14/06/2026,21:34:53,5,Dine In,Restaurant,"₱3,145.00",₱280.80,nan,₱0.00,"₱3,425.80","₱3,425.80"
78808,002-000032468,14/06/2026,21:02:26,2,Dine In,Restaurant,₱970.00,₱86.61,nan,₱0.00,"₱1,056.61","₱1,056.61"
78803,002-000032467,14/06/2026,20:39:41,3,Dine In,Restaurant,"₱1,715.00",₱153.13,PWD,₱257.25,"₱1,610.88","₱1,610.88"
78798,002-000032466,14/06/2026,20:07:52,4,Dine In,Restaurant,"₱2,585.00",₱230.80,nan,₱0.00,"₱2,815.80","₱2,815.80"
78794,002-000032465,14/06/2026,19:46:18,2,Dine In,Restaurant,"₱1,240.00",₱110.71,nan,₱0.00,"₱1,350.71","₱1,350.71"
78789,002-000032464,14/06/2026,19:18:55,3,Dine In,Restaurant,"₱1,850.00",₱165.18,nan,₱0.00,"₱2,015.18","₱2,015.18"
78785,002-000032463,14/06/2026,18:43:09,5,Dine In,Restaurant,"₱3,095.00",₱276.34,nan,₱0.00,"₱3,371.34","₱3,371.34"
78781,002-000032462,14/06/2026,17:49:36,2,Dine In,Restaurant,"₱1,190.00",₱106.25,nan,₱0.00,"₱1,296.25","₱1,296.25"
78778,002-000032461,14/06/2026,12:36:41,4,Dine In,Restaurant,"₱2,485.00",₱221.88,Senior Citizen,₱372.75,"₱2,334.13","₱2,334.13"
78774,002-000032460,14/06/2026,11:58:12,3,Dine In,Restaurant,"₱1,665.00",₱148.66,nan,₱0.00,"₱1,813.66","₱1,813.66"
78771,002-000032459,14/06/2026,11:27:43,2,Dine In,Restaurant,"₱1,290.00",₱115.18,nan,₱0.00,"₱1,405.18","₱1,405.18"
78763,002-000032446,13/06/2026,23:15:17,9,Dine In,Walk-in,"₱3,650.00",₱310.54,Senior Citizen,₱153.57,"₱3,714.83","₱3,496.43"
78761,002-000032445,13/06/2026,22:59:43,6,Dine In,Walk-in,"₱1,270.00",₱113.39,nan,₱0.00,"₱1,383.39","₱1,270.00"
78759,002-000032444,13/06/2026,20:56:12,2,Dine In,Walk-in,"₱1,830.00",₱153.13,PWD,₱102.68,"₱1,818.84","₱1,727.32"
78757,002-000032443,13/06/2026,20:39:42,4,Dine In,Walk-in,"₱4,420.00",₱327.35,Senior Citizen,₱672.96,"₱3,674.21","₱3,347.04"
78754,002-000032442,13/06/2026,20:20:37,2,Dine In,Walk-in,"₱2,520.00",₱225.00,nan,₱0.00,"₱2,745.00","₱2,520.00"
78749,002-000032440,13/06/2026,15:59:58,2,Dine In,Walk-in,₱895.00,₱79.91,nan,₱0.00,₱974.91,₱895.00
78747,002-000032439,13/06/2026,14:32:58,3,Dine In,Walk-in,"₱1,805.00",₱150.40,PWD,₱107.58,"₱1,784.07","₱1,697.42"
78745,002-000032438,13/06/2026,14:00:43,1,Dine In,Walk-in,₱425.00,₱37.95,nan,₱0.00,₱462.95,₱425.00
78743,002-000032437,13/06/2026,13:35:06,2,Dine In,Walk-in,"₱1,270.00",₱113.39,nan,₱0.00,"₱1,383.39","₱1,270.00"
78741,002-000032436,13/06/2026,13:22:32,3,Dine In,Walk-in,"₱2,695.00",₱192.50,Senior Citizen,₱481.25,"₱2,117.50","₱2,213.75"
78739,002-000032435,13/06/2026,13:15:33,3,Dine In,Walk-in,"₱1,770.00",₱147.49,Senior Citizen,₱105.43,"₱1,749.20","₱1,664.57"
78737,002-000032434,13/06/2026,12:57:30,1,Dine In,Walk-in,₱435.00,₱38.84,nan,₱0.00,₱473.84,₱435.00
78735,002-000032433,13/06/2026,12:45:14,0,Take Out,Walk-in,₱10.00,₱0.00,nan,₱0.00,₱10.00,₱10.00
78733,002-000032432,13/06/2026,12:40:06,5,Dine In,Walk-in,"₱3,835.00",₱328.72,Senior Citizen,₱136.96,"₱3,944.58","₱3,698.04"
78731,002-000032431,13/06/2026,12:30:52,5,Dine In,Walk-in,"₱3,340.00",₱286.29,Senior Citizen,₱119.29,"₱3,435.43","₱3,220.71"
78719,002-000032422,2026-12-06,22:18:49,3,Dine In,Dine In,"₱1,835.00",₱163.84,nan,₱0.00,"₱1,998.84","₱1,998.84"
78715,002-000032421,2026-12-06,21:46:31,4,Dine In,Dine In,"₱2,765.00",₱246.88,nan,₱0.00,"₱3,011.88","₱3,011.88"
78710,002-000032420,2026-12-06,21:13:58,2,Dine In,Dine In,₱895.00,₱79.91,nan,₱0.00,₱974.91,₱974.91
78706,002-000032419,2026-12-06,20:49:27,3,Dine In,Dine In,"₱2,135.00",₱190.63,PWD,₱320.25,"₱2,005.38","₱2,005.38"
78701,002-000032418,2026-12-06,20:16:42,6,Dine In,Dine In,"₱4,125.00",₱368.30,nan,₱0.00,"₱4,493.30","₱4,493.30"
78697,002-000032417,2026-12-06,19:58:14,2,Dine In,Dine In,"₱1,545.00",₱137.95,nan,₱0.00,"₱1,682.95","₱1,682.95"
78693,002-000032416,2026-12-06,19:37:28,5,Dine In,Dine In,"₱3,315.00",₱295.98,nan,₱0.00,"₱3,610.98","₱3,610.98"
78690,002-000032415,2026-12-06,18:09:41,2,Dine In,Dine In,₱985.00,₱87.95,nan,₱0.00,"₱1,072.95","₱1,072.95"
78686,002-000032414,2026-12-06,12:41:12,3,Dine In,Dine In,"₱1,745.00",₱155.80,Senior Citizen,₱261.75,"₱1,639.05","₱1,639.05"
78684,002-000032413,2026-12-06,11:56:33,4,Dine In,Dine In,"₱2,865.00",₱255.80,nan,₱0.00,"₱3,120.80","₱3,120.80"
78683,002-000032413,2026-12-06,0:15:18,1,Dine In,Walk-in,₱480.00,₱38.57,PWD,₱42.86,₱450.00,₱437.14
78681,002-000032412,2026-12-06,11:18:46,2,Dine In,Dine In,"₱1,125.00",₱100.45,nan,₱0.00,"₱1,225.45","₱1,225.45"
78680,002-000032412,2026-12-06,0:09:34,4,Dine In,Walk-in,"₱1,810.00",₱161.61,nan,₱0.00,"₱1,971.61","₱1,810.00"
78679,002-000032411,2026-12-06,0:09:05,2,Dine In,Walk-in,"₱1,155.00",₱103.13,nan,₱0.00,"₱1,258.13","₱1,155.00"
78676,002-000032410,2026-11-06,23:48:37,5,Dine In,Walk-in,"₱4,040.00",₱353.43,Senior Citizen,₱144.29,"₱4,155.43","₱3,895.71"
78673,002-000032409,2026-11-06,23:26:22,3,Dine In,Walk-in,₱855.00,₱76.34,nan,₱0.00,₱931.34,₱855.00
78672,002-000032408,2026-11-06,23:25:57,10,Dine In,Walk-in,"₱11,595.00","₱1,035.27",Family Discount,"₱1,159.50","₱11,470.77","₱10,435.50"
78669,002-000032407,2026-11-06,23:01:24,2,Dine In,Walk-in,"₱1,035.00",₱92.41,nan,₱0.00,"₱1,127.41","₱1,035.00"
78668,002-000032406,2026-11-06,22:59:52,4,Dine In,Walk-in,"₱4,495.00",₱401.34,Family Discount,₱449.50,"₱4,446.84","₱4,045.50"
78666,002-000032405,2026-11-06,21:46:02,7,Dine In,Walk-in,"₱4,315.00",₱363.25,Senior Citizen,₱220.15,"₱4,326.01","₱4,182.91"
78662,002-000032403,2026-11-06,21:17:44,2,Dine In,Walk-in,"₱2,190.00",₱181.34,PWD,₱141.96,"₱2,104.82","₱2,008.66"
78660,002-000032402,2026-11-06,20:23:24,2,Dine In,Walk-in,"₱1,865.00",₱166.52,nan,₱0.00,"₱2,031.52","₱1,865.00"
78659,002-000032401,2026-11-06,20:22:32,1,Grab Food,Grab Food,₱245.00,₱0.00,PWD,₱43.75,₱175.00,₱175.00
78658,002-000032373,2026-10-06,23:58:41,5,Dine In,Dine In,"₱3,425.00",₱305.80,nan,₱0.00,"₱3,730.80","₱3,730.80"
78656,002-000032400,2026-11-06,20:16:49,4,Dine In,Walk-in,"₱1,070.00",₱95.54,Family Discount,₱107.00,"₱1,058.54",₱963.00
78654,002-000032399,2026-11-06,18:37:18,1,Dine In,Walk-in,₱195.00,₱17.41,nan,₱0.00,₱212.41,₱195.00
78651,002-000032398,2026-11-06,17:34:14,2,Dine In,Walk-in,"₱1,045.00",₱93.30,Family Discount,₱104.50,"₱1,033.80",₱940.50
78648,002-000032396,2026-11-06,15:48:37,1,Take Out,Walk-in,₱425.00,₱37.95,nan,₱0.00,₱462.95,₱425.00
78644,002-000032394,2026-11-06,14:27:59,1,Take Out,Walk-in,₱95.00,₱0.00,Employee Discount,₱19.00,₱76.00,₱76.00
78642,002-000032393,2026-11-06,13:31:52,2,Dine In,Walk-in,"₱1,815.00",₱162.05,Family Discount,₱181.50,"₱1,795.55","₱1,633.50"
78640,002-000032392,2026-11-06,13:26:30,3,Dine In,Walk-in,"₱1,510.00",₱134.82,nan,₱0.00,"₱1,644.82","₱1,510.00"
78639,002-000032391,2026-11-06,13:23:44,2,Dine In,Walk-in,"₱1,550.00",₱138.39,nan,₱0.00,"₱1,688.39","₱1,550.00"
78635,002-000032390,2026-11-06,13:00:25,2,Dine In,Walk-in,"₱1,295.00",₱115.63,nan,₱0.00,"₱1,410.63","₱1,295.00"
78635,002-000032372,2026-10-06,23:36:08,3,Dine In,Dine In,"₱1,955.00",₱174.55,nan,₱0.00,"₱2,129.55","₱2,129.55"
78621,002-000032371,2026-10-06,23:14:33,2,Dine In,Dine In,"₱1,185.00",₱105.80,Senior Citizen,₱177.75,"₱1,113.05","₱1,113.05"
78612,002-000032370,2026-10-06,22:56:47,4,Dine In,Dine In,"₱2,695.00",₱240.63,nan,₱0.00,"₱2,935.63","₱2,935.63"
78604,002-000032369,2026-10-06,22:38:15,2,Dine In,Dine In,"₱1,455.00",₱129.91,nan,₱0.00,"₱1,584.91","₱1,584.91"
78598,002-000032368,2026-10-06,22:16:44,5,Dine In,Dine In,"₱2,985.00",₱266.52,nan,₱0.00,"₱3,251.52","₱3,251.52"
78593,002-000032367,2026-10-06,21:42:27,2,Dine In,Dine In,₱895.00,₱79.91,nan,₱0.00,₱974.91,₱974.91
78588,002-000032366,2026-10-06,21:05:39,3,Dine In,Dine In,"₱2,145.00",₱191.52,nan,₱0.00,"₱2,336.52","₱2,336.52"
78584,002-000032365,2026-10-06,20:36:11,2,Dine In,Dine In,"₱1,185.00",₱105.80,PWD,₱177.75,"₱1,113.05","₱1,113.05"
78579,002-000032364,2026-10-06,20:08:54,6,Dine In,Dine In,"₱3,870.00",₱345.54,nan,₱0.00,"₱4,215.54","₱4,215.54"
78574,002-000032363,2026-10-06,19:46:37,4,Dine In,Dine In,"₱2,575.00",₱229.91,nan,₱0.00,"₱2,804.91","₱2,804.91"
78570,002-000032362,2026-10-06,18:12:53,2,Dine In,Dine In,"₱1,385.00",₱123.66,nan,₱0.00,"₱1,508.66","₱1,508.66"
78566,002-000032361,2026-10-06,13:27:15,5,Dine In,Dine In,"₱3,245.00",₱289.73,Senior Citizen,₱489.75,"₱3,044.98","₱3,044.98"
78566,002-000032363,2026-09-06,23:00:53,3,Dine In,Walk-in,"₱1,715.00",₱132.71,PWD,₱204.17,"₱1,521.04","₱1,592.50"
78563,002-000032362,2026-09-06,22:13:53,3,Dine In,Walk-in,"₱2,374.00",₱189.95,Senior Citizen,₱220.12,"₱2,211.76","₱2,241.93"
78561,002-000032360,2026-10-06,12:08:44,3,Dine In,Dine In,"₱1,765.00",₱157.59,nan,₱0.00,"₱1,922.59","₱1,922.59"
78560,002-000032361,2026-09-06,21:43:12,1,Dine In,Walk-in,₱120.00,₱10.71,nan,₱0.00,₱130.71,₱120.00
78558,002-000032359,2026-10-06,11:41:18,2,Dine In,Dine In,₱960.00,₱85.71,nan,₱0.00,"₱1,045.71","₱1,045.71"
78558,002-000032360,2026-09-06,21:35:31,3,Dine In,Walk-in,"₱1,800.00",₱160.71,nan,₱0.00,"₱1,960.71","₱1,800.00"
78554,002-000032358,2026-09-06,19:20:03,2,Dine In,Walk-in,₱665.00,₱59.38,nan,₱0.00,₱724.38,₱665.00
78552,002-000032357,2026-09-06,18:56:20,2,Dine In,Walk-in,"₱1,070.00",₱95.54,nan,₱0.00,"₱1,165.54","₱1,070.00"
78550,002-000032356,2026-09-06,18:48:47,5,Dine In,Walk-in,₱995.00,₱88.84,nan,₱0.00,"₱1,083.84",₱995.00
78546,002-000032354,2026-09-06,13:52:47,10,Dine In,Walk-in,"₱9,600.00",₱840.00,PWD,₱171.43,"₱10,165.71","₱9,497.14"
78543,002-000032353,2026-09-06,13:36:28,2,Dine In,Walk-in,₱860.00,₱76.79,nan,₱0.00,₱936.79,₱860.00
78541,002-000032352,2026-09-06,13:30:31,1,Dine In,Walk-in,₱135.00,₱9.64,Senior Citizen,₱24.11,₱106.07,₱120.54
78539,002-000032351,2026-09-06,12:59:40,1,Dine In,Walk-in,₱405.00,₱36.16,nan,₱0.00,₱441.16,₱405.00
78537,002-000032350,2026-09-06,12:25:10,2,Dine In,Walk-in,"₱1,040.00",₱92.86,Family Discount,₱104.00,"₱1,028.86",₱936.00
78530,002-000032349,2026-08-06,23:45:56,3,Dine In,Walk-in,"₱2,180.00",₱194.64,nan,₱0.00,"₱2,374.64","₱2,180.00"
78528,002-000032348,2026-08-06,23:36:47,4,Dine In,Walk-in,"₱1,020.00",₱91.07,nan,₱0.00,"₱1,111.07","₱1,020.00"
78526,002-000032347,2026-08-06,23:22:55,2,Dine In,Walk-in,"₱1,700.00",₱151.79,nan,₱0.00,"₱1,851.79","₱1,700.00"
78524,002-000032346,2026-08-06,22:47:06,2,Dine In,Walk-in,₱459.82,₱36.79,Senior Citizen,₱91.96,₱404.65,₱367.86
78522,002-000032345,2026-08-06,22:26:15,2,Dine In,Walk-in,₱890.00,₱79.46,nan,₱0.00,₱969.46,₱890.00
78520,002-000032344,2026-08-06,22:09:25,3,Dine In,Walk-in,"₱1,845.00",₱164.73,Family Discount,₱184.50,"₱1,825.23","₱1,660.50"
78518,002-000032343,2026-08-06,21:44:50,7,Dine In,Walk-in,"₱4,365.00",₱389.73,nan,₱0.00,"₱4,754.73","₱4,365.00"
78515,002-000032342,2026-08-06,20:57:10,8,Dine In,Walk-in,"₱6,295.00",₱562.05,nan,₱0.00,"₱6,857.05","₱6,295.00"
78511,002-000032340,2026-08-06,20:16:51,1,Dine In,Walk-in,₱670.00,₱59.82,nan,₱0.00,₱729.82,₱670.00
78510,002-000032339,2026-08-06,20:15:59,1,Take Out,GrabFood,₱895.00,₱0.00,nan,₱0.00,₱895.00,₱895.00
78508,002-000032338,2026-08-06,19:34:20,1,Dine In,Walk-in,₱225.00,₱20.09,nan,₱0.00,₱245.09,₱225.00
78505,002-000032337,2026-08-06,19:21:38,1,Take Out,Walk-in,₱365.00,₱0.00,PWD,₱65.18,₱260.71,₱260.71
78503,002-000032336,2026-08-06,19:08:43,3,Dine In,Walk-in,"₱2,210.00",₱197.32,nan,₱0.00,"₱2,407.32","₱2,210.00"
78502,002-000032333,2026-08-06,14:48:22,3,Dine In,Walk-in,"₱2,015.00",₱179.91,nan,₱0.00,"₱2,194.91","₱2,015.00"
78501,002-000032335,2026-08-06,18:18:37,1,Dine In,Walk-in,₱700.00,₱62.50,nan,₱0.00,₱762.50,₱700.00
78496,002-000032332,2026-08-06,13:20:03,4,Dine In,Walk-in,"₱3,755.00",₱335.27,nan,₱0.00,"₱4,090.27","₱3,755.00"
78491,002-000032330,2026-08-06,12:45:28,4,Dine In,Walk-in,"₱3,010.00",₱268.75,Family Discount,₱130.00,"₱3,148.75","₱2,880.00"
78483,002-000032329,2026-07-06,22:32:14,3,Dine In,Walk-in,₱645.00,₱57.59,nan,₱0.00,₱702.59,₱645.00
78481,002-000032328,2026-07-06,22:24:52,2,Dine In,Walk-in,"₱1,510.00",₱134.82,nan,₱0.00,"₱1,644.82","₱1,510.00"
78477,002-000032326,2026-07-06,22:07:46,2,Dine In,Walk-in,"₱1,715.00",₱153.13,nan,₱0.00,"₱1,868.13","₱1,715.00"
78473,002-000032324,2026-07-06,20:28:20,1,Dine In,Walk-in,₱595.00,₱53.57,Senior Citizen,₱28.57,₱620.00,₱565.71
78472,002-000032321,2026-07-06,18:42:11,2,Dine In,Walk-in,"₱2,225.00",₱198.66,nan,₱0.00,"₱2,423.66","₱2,225.00"
78471,002-000032323,2026-07-06,19:54:27,12,Dine In,Walk-in,"₱4,725.00",₱414.84,Senior Citizen,₱70.31,"₱5,027.34","₱4,682.81"
78467,002-000032321,2026-07-06,16:40:14,2,Dine In,Walk-in,₱860.00,₱76.79,nan,₱0.00,₱936.79,₱860.00
78463,002-000032319,2026-07-06,14:26:58,3,Dine In,Walk-in,₱585.00,₱46.84,Senior Citizen,₱69.64,₱518.84,₱543.21
78461,002-000032318,2026-07-06,14:01:35,1,Dine In,Walk-in,₱560.00,₱50.00,nan,₱0.00,₱610.00,₱560.00
78459,002-000032317,2026-07-06,13:47:03,2,Dine In,Walk-in,"₱2,480.00",₱199.29,PWD,₱221.43,"₱2,325.00","₱2,347.14"
78457,002-000032316,2026-07-06,13:43:12,2,Dine In,Walk-in,₱398.00,₱28.43,PWD,₱71.07,₱312.72,₱355.36
78455,002-000032315,2026-07-06,13:37:34,3,Dine In,Walk-in,"₱1,915.00",₱191.50,nan,₱0.00,"₱2,106.50","₱1,915.00"
78446,002-000032313,2026-07-06,0:23:13,7,Dine In,Walk-in,"₱4,790.00",₱427.68,nan,₱0.00,"₱5,217.68","₱4,790.00"
78445,002-000032312,2026-07-06,0:22:24,2,Dine In,Walk-in,"₱1,490.00",₱133.04,nan,₱0.00,"₱1,623.04","₱1,490.00"
78442,002-000032311,2026-07-06,0:14:52,2,Dine In,Walk-in,"₱1,580.00",₱141.07,nan,₱0.00,"₱1,721.07","₱1,580.00"
78441,002-000032310,2026-07-06,0:14:06,9,Dine In,Walk-in,"₱2,840.00",₱253.57,nan,₱0.00,"₱3,093.57","₱2,840.00"
78438,002-000032309,2026-07-06,0:07:37,4,Dine In,Walk-in,"₱1,820.00",₱154.38,PWD,₱81.25,"₱1,844.38","₱1,690.00"
78436,002-000032308,2026-06-06,23:45:04,2,Dine In,Walk-in,"₱1,915.00",₱191.50,nan,₱0.00,"₱2,106.50","₱1,915.00"
78434,002-000032307,2026-06-06,23:09:17,2,Dine In,Walk-in,"₱1,860.00",₱166.07,nan,₱0.00,"₱2,026.07","₱1,860.00"
78433,002-000032306,2026-06-06,23:06:41,3,Dine In,Walk-in,"₱2,055.00",₱183.48,nan,₱0.00,"₱2,238.48","₱2,055.00"
78430,002-000032305,2026-06-06,23:01:16,2,Dine In,Walk-in,"₱1,855.00",₱132.50,Senior Citizen,₱331.25,"₱1,457.50","₱1,325.00"
78428,002-000032304,2026-06-06,22:55:33,2,Dine In,Walk-in,"₱1,610.00",₱161.00,nan,₱0.00,"₱1,771.00","₱1,610.00"
78426,002-000032303,2026-06-06,22:51:24,0,Dine In,Walk-in,₱795.00,₱70.98,nan,₱0.00,₱865.98,₱795.00
78424,002-000032302,2026-06-06,22:42:21,2,Dine In,Walk-in,₱245.00,₱21.88,nan,₱0.00,₱266.88,₱245.00
78422,002-000032301,2026-06-06,22:17:31,2,Dine In,Walk-in,₱580.00,₱51.79,nan,₱0.00,₱631.79,₱580.00
78420,002-000032300,2026-06-06,22:06:27,3,Dine In,Walk-in,"₱4,065.00",₱321.25,PWD,₱416.95,"₱3,720.73","₱3,399.48"
78418,002-000032299,2026-06-06,21:11:01,13,Dine In,Walk-in,"₱6,890.00",₱586.79,Senior Citizen,₱283.93,"₱7,022.50","₱6,435.71"
78416,002-000032298,2026-06-06,21:05:25,2,Dine In,Walk-in,"₱1,920.00",₱160.22,PWD,₱112.05,"₱1,900.94","₱1,740.72"
78414,002-000032297,2026-06-06,20:27:00,2,Dine In,Walk-in,"₱1,370.00",₱122.32,nan,₱0.00,"₱1,492.32","₱1,370.00"
78412,002-000032296,2026-06-06,20:07:09,2,Dine In,Walk-in,"₱1,192.50",₱101.25,PWD,₱112.50,"₱1,181.25","₱1,192.50"
78410,002-000032295,2026-06-06,20:01:28,2,Dine In,Walk-in,"₱1,380.00",₱110.89,PWD,₱123.21,"₱1,293.75","₱1,182.86"
78408,002-000032294,2026-06-06,19:39:41,6,Dine In,Walk-in,"₱1,725.00",₱148.88,PWD,₱51.34,"₱1,791.74","₱1,642.86"
78406,002-000032293,2026-06-06,19:27:17,3,Dine In,Walk-in,"₱1,255.00",₱112.05,nan,₱0.00,"₱1,367.05","₱1,255.00"
78404,002-000032292,2026-06-06,19:23:54,7,Dine In,Walk-in,"₱2,710.00",₱241.96,Family Discount,₱271.00,"₱2,680.96","₱2,439.00"
78402,002-000032291,2026-06-06,17:29:14,3,Dine In,Walk-in,"₱1,145.00",₱102.23,nan,₱0.00,"₱1,247.23","₱1,145.00"
78400,002-000032290,2026-06-06,17:18:59,2,Dine In,Walk-in,"₱1,105.00",₱98.66,nan,₱0.00,"₱1,203.66","₱1,105.00"
78397,002-000032289,2026-06-06,14:37:07,2,Dine In,Walk-in,"₱1,250.00",₱111.61,nan,₱0.00,"₱1,361.61","₱1,250.00"
78393,002-000032287,2026-06-06,14:11:23,2,Dine In,Walk-in,"₱1,870.00",₱150.27,PWD,₱166.96,"₱1,753.13","₱1,602.86"
78391,002-000032286,2026-06-06,13:22:01,6,Dine In,Walk-in,"₱3,635.00",₱314.05,Senior Citizen,₱105.06,"₱3,780.95","₱3,466.90"
78389,002-000032285,2026-06-06,13:13:39,3,Dine In,Walk-in,"₱2,175.00",₱168.30,Senior Citizen,₱258.93,"₱1,929.01","₱1,760.71"
78387,002-000032284,2026-06-06,12:38:06,2,Dine In,Walk-in,"₱1,015.00",₱90.63,nan,₱0.00,"₱1,105.63","₱1,015.00"
78382,002-000032283,2026-06-06,0:01:50,2,Dine In,Walk-in,"₱2,705.00",₱229.42,Senior Citizen,₱120.98,"₱2,740.85","₱2,632.41"
78380,002-000032282,2026-05-06,23:57:07,2,Dine In,Walk-in,"₱1,990.00",₱177.68,nan,₱0.00,"₱2,167.68","₱1,990.00"
78376,002-000032280,2026-05-06,23:40:34,9,Dine In,Walk-in,"₱3,445.00",₱280.03,Senior Citizen,₱275.60,"₱3,284.07","₱3,279.64"
78375,002-000032280,2026-05-06,23:38:37,1,Dine In,Walk-in,₱345.00,₱30.80,nan,₱0.00,₱375.80,₱345.00
78374,002-000032279,2026-05-06,23:38:05,6,Dine In,Walk-in,"₱3,315.00",₱248.59,Senior Citizen,₱473.96,"₱2,805.25","₱3,030.62"
78370,002-000032278,2026-05-06,23:26:39,3,Take Out,Walk-in,₱365.00,₱0.00,nan,₱0.00,₱365.00,₱365.00
78369,002-000032277,2026-05-06,23:20:30,6,Dine In,Walk-in,"₱6,330.00",₱565.18,nan,₱0.00,"₱6,895.18","₱6,330.00"
78365,002-000032275,2026-05-06,22:46:59,2,Take Out,Walk-in,₱510.00,₱0.00,nan,₱0.00,₱510.00,₱510.00
78363,002-000032274,2026-05-06,21:56:20,2,Dine In,Walk-in,₱850.00,₱75.89,nan,₱0.00,₱925.89,₱850.00
78361,002-000032273,2026-05-06,21:51:51,3,Dine In,Walk-in,"₱1,165.00",₱104.02,nan,₱0.00,"₱1,269.02","₱1,165.00"
78359,002-000032272,2026-05-06,21:44:12,2,Dine In,Walk-in,₱910.00,₱81.25,nan,₱0.00,₱991.25,₱910.00
78357,002-000032271,2026-05-06,21:04:10,2,Dine In,Walk-in,"₱1,420.00",₱126.79,nan,₱0.00,"₱1,546.79","₱1,420.00"
78353,002-000032270,2026-05-06,20:19:12,2,Dine In,Walk-in,₱720.00,₱57.86,PWD,₱64.29,₱675.00,₱681.43
78349,002-000032268,2026-05-06,19:11:33,2,Dine In,Walk-in,"₱1,185.00",₱84.64,Senior Citizen,₱211.61,₱931.07,"₱1,058.04"
78346,002-000032267,2026-05-06,18:45:26,2,Dine In,Walk-in,"₱1,935.00",₱172.77,nan,₱0.00,"₱2,107.77","₱1,935.00"
78345,002-000032266,2026-05-06,18:17:24,4,Dine In,Walk-in,"₱2,410.00",₱182.90,Senior Citizen,₱322.77,"₱2,076.47","₱2,216.34"
78341,002-000032264,2026-05-06,17:38:56,2,Dine In,Walk-in,₱0.00,₱0.00,nan,₱0.00,₱0.00,₱0.00
78337,002-000032262,2026-05-06,14:42:04,2,Dine In,Walk-in,₱650.00,₱58.04,nan,₱0.00,₱708.04,₱650.00
78336,002-000032261,2026-05-06,14:15:57,2,Dine In,Walk-in,₱910.00,₱73.13,Senior Citizen,₱81.25,₱853.13,₱861.25
78334,002-000032260,2026-05-06,14:11:01,3,Dine In,Walk-in,"₱2,580.00",₱184.29,Senior Citizen,₱460.71,"₱2,027.15","₱2,303.57"
78333,002-000032259,2026-05-06,14:06:57,0,Take Out,Walk-in,₱800.00,₱0.00,nan,₱0.00,₱800.00,₱800.00
78331,002-000032258,2026-05-06,13:14:11,2,Dine In,Walk-in,₱365.00,₱32.59,nan,₱0.00,₱397.59,₱365.00
78329,002-000032257,2026-05-06,12:46:58,2,Dine In,Walk-in,"₱1,250.00",₱111.61,nan,₱0.00,"₱1,361.61","₱1,250.00"
78327,002-000032256,2026-05-06,12:40:37,1,Dine In,Walk-in,₱375.00,₱33.48,nan,₱0.00,₱408.48,₱375.00
78317,002-000032254,2026-05-06,0:04:04,4,Dine In,Walk-in,"₱1,480.00",₱132.14,nan,₱0.00,"₱1,612.14","₱1,480.00"
78315,002-000032253,2026-04-06,23:15:52,2,Dine In,Walk-in,"₱1,505.00",₱134.38,nan,₱0.00,"₱1,639.38","₱1,505.00"
78311,002-000032251,2026-04-06,23:02:40,6,Dine In,Walk-in,"₱1,790.00",₱159.82,nan,₱0.00,"₱1,949.82","₱1,790.00"
78309,002-000032250,2026-04-06,21:50:58,3,Dine In,Walk-in,"₱1,555.00",₱138.84,nan,₱0.00,"₱1,693.84","₱1,555.00"
78307,002-000032249,2026-04-06,21:30:55,2,Dine In,Walk-in,"₱2,215.00",₱197.77,nan,₱0.00,"₱2,412.77","₱2,215.00"
78305,002-000032248,2026-04-06,21:15:46,5,Dine In,Walk-in,"₱1,300.00",₱116.07,nan,₱0.00,"₱1,416.07","₱1,300.00"
78303,002-000032247,2026-04-06,21:09:59,2,Dine In,Walk-in,"₱1,550.00",₱138.39,nan,₱0.00,"₱1,688.39","₱1,550.00"
78301,002-000032246,2026-04-06,21:05:18,4,Dine In,Walk-in,"₱2,115.00",₱179.40,Senior Citizen,₱94.42,"₱2,143.33","₱2,048.91"
78299,002-000032245,2026-04-06,20:58:44,2,Dine In,Walk-in,"₱1,165.00",₱104.02,nan,₱0.00,"₱1,269.02","₱1,165.00"
78297,002-000032244,2026-04-06,20:22:24,2,Dine In,Walk-in,"₱1,175.00",₱104.91,nan,₱0.00,"₱1,279.91","₱1,175.00"
78295,002-000032243,2026-04-06,20:00:36,5,Dine In,Walk-in,"₱3,725.00",₱332.59,nan,₱0.00,"₱4,057.59","₱3,725.00"
78293,002-000032242,2026-04-06,19:00:37,1,Take Out,GrabFood,"₱1,920.00",₱0.00,nan,₱0.00,"₱1,920.00","₱1,920.00"
78292,002-000032241,2026-04-06,18:26:48,1,Take Out,Walk-in,₱225.00,₱0.00,nan,₱0.00,₱225.00,₱225.00
78290,002-000032240,2026-04-06,18:07:25,3,Dine In,Walk-in,"₱1,720.00",₱153.57,nan,₱0.00,"₱1,873.57","₱1,720.00"
78289,002-000032239,2026-04-06,17:56:38,2,Dine In,Walk-in,"₱1,610.00",₱136.59,Senior Citizen,₱152.00,"₱1,594.59","₱1,458.00"
78286,002-000032238,2026-04-06,17:29:59,1,Take Out,GrabFood,₱395.00,₱0.00,nan,₱0.00,₱395.00,₱395.00
78284,002-000032298,2026-06-06,14:21:36,7,Dine In,Walk-in,"₱5,520.00",₱492.86,Family Discount,₱552.00,"₱5,460.86","₱5,460.86"
78284,002-000032237,2026-04-06,17:07:29,1,Take Out,Walk-in,₱185.00,₱0.00,nan,₱0.00,₱185.00,₱185.00
78280,002-000032235,2026-04-06,16:35:44,2,Dine In,Walk-in,₱723.21,₱57.86,Senior Citizen,₱144.64,₱636.43,₱578.57
78278,002-000032234,2026-04-06,15:58:20,2,Take Out,Walk-in,₱669.64,₱0.00,Senior Citizen,₱133.93,₱535.71,₱535.71
78276,002-000032233,2026-04-06,13:48:00,1,Take Out,Walk-in,₱200.89,₱0.00,PWD,₱40.18,₱160.71,₱160.71
78272,002-000032232,2026-04-06,13:43:18,6,Dine In,Walk-in,"₱1,748.75",₱154.11,Senior Citizen,₱43.75,"₱1,859.11","₱1,748.75"
78256,002-000032227,2026-03-06,23:45:52,2,Dine In,Walk-in,₱790.00,₱70.54,nan,₱0.00,₱860.54,₱790.00
78251,002-000032225,2026-03-06,22:11:44,2,Dine In,Walk-in,"₱1,565.00",₱139.73,nan,₱0.00,"₱1,704.73","₱1,565.00"
78249,002-000032224,2026-03-06,22:09:47,4,Dine In,Walk-in,"₱6,835.00",₱610.27,nan,₱0.00,"₱7,445.27","₱6,835.00"
78244,002-000032222,2026-03-06,22:03:57,2,Dine In,Walk-in,"₱1,685.00",₱150.45,nan,₱0.00,"₱1,835.45","₱1,685.00"
78239,002-000032220,2026-03-06,20:28:55,2,Dine In,Walk-in,"₱2,110.00",₱188.39,nan,₱0.00,"₱2,298.39","₱2,110.00"
78237,002-000032219,2026-03-06,20:17:25,7,Dine In,Walk-in,"₱5,200.00",₱431.45,Senior Citizen,₱328.32,"₱5,106.14","₱5,003.01"
78236,002-000032218,2026-03-06,20:16:04,4,Dine In,Walk-in,"₱3,130.00",₱279.46,nan,₱0.00,"₱3,409.46","₱3,130.00"
78235,002-000032217,2026-03-06,20:13:14,1,Dine In,Walk-in,₱395.00,₱28.21,PWD,₱70.54,₱310.35,₱352.68
78231,002-000032216,2026-03-06,19:33:02,2,Dine In,Walk-in,"₱1,020.00",₱91.07,nan,₱0.00,"₱1,111.07","₱1,020.00"
78229,002-000032229,2026-04-06,0:02:15,2,Dine In,Walk-in,"₱1,175.00",₱104.91,nan,₱0.00,"₱1,279.91","₱1,175.00"
78229,002-000032215,2026-03-06,19:10:39,2,Dine In,Walk-in,"₱1,720.00",₱138.20,PWD,₱153.68,"₱1,612.91","₱1,628.39"
78227,002-000032227,2026-03-06,23:44:51,4,Dine In,Walk-in,₱810.00,₱72.32,nan,₱0.00,₱882.32,₱810.00
78226,002-000032226,2026-03-06,22:59:54,2,Dine In,Walk-in,₱790.00,₱70.54,nan,₱0.00,₱860.54,₱790.00
78226,002-000032214,2026-03-06,17:27:08,1,Dine In,Walk-in,₱365.00,₱32.59,nan,₱0.00,₱397.59,₱365.00
78225,002-000032213,2026-03-06,17:26:08,5,Dine In,Walk-in,"₱1,755.00",₱144.16,Senior Citizen,₱125.36,"₱1,698.59","₱1,679.79"
78223,002-000032223,2026-03-06,22:07:10,1,Dine In,Walk-in,₱595.00,₱53.13,nan,₱0.00,₱648.13,₱595.00
78221,002-000032221,2026-03-06,20:51:35,1,Dine In,Walk-in,₱150.00,₱13.39,nan,₱0.00,₱163.39,₱150.00
78216,002-000032209,2026-03-06,13:20:31,3,Dine In,Walk-in,"₱2,755.00",₱245.98,nan,₱0.00,"₱3,000.98","₱2,755.00"
78212,002-000032212,2026-03-06,17:24:31,2,Dine In,Walk-in,₱315.00,₱28.13,nan,₱0.00,₱343.13,₱315.00
78211,002-000032211,2026-03-06,15:16:25,0,Take Out,Walk-in,"₱1,275.00",₱0.00,nan,₱0.00,"₱1,275.00","₱1,275.00"
78211,002-000032211,2026-03-06,12:44:09,1,Dine In,Walk-in,₱135.00,₱12.05,nan,₱0.00,₱147.05,₱135.00
78210,002-000032210,2026-03-06,15:13:05,0,Take Out,Walk-in,₱850.00,₱0.00,nan,₱0.00,₱850.00,₱850.00
78207,002-000032207,2026-03-06,12:45:28,2,Dine In,Walk-in,₱950.00,₱95.00,nan,₱0.00,"₱1,045.00",₱950.00
78206,002-000032206,2026-03-06,12:41:23,0,Dine In,Walk-in,₱620.00,₱55.36,nan,₱0.00,₱675.36,₱620.00
78205,002-000032205,2026-03-06,12:28:10,1,Dine In,Walk-in,₱595.00,₱53.13,Family Discount,₱59.50,₱588.63,₱595.00
78197,002-000032203,2026-02-06,22:23:08,2,Dine In,Walk-in,"₱1,760.00",₱146.12,Senior Citizen,₱110.27,"₱1,729.69",Credit Card
78193,002-000032201,2026-02-06,21:36:40,5,Dine In,Walk-in,"₱3,080.00",₱275.00,nan,₱0.00,"₱3,355.00",Credit Card
78191,002-000032200,2026-02-06,21:31:06,3,Dine In,Walk-in,"₱3,115.00",₱268.93,Senior Citizen,₱91.96,"₱3,236.79","₱3,115.00"
78188,002-000032199,2026-02-06,21:16:47,2,Dine In,Walk-in,₱995.00,₱79.96,PWD (20%),₱88.84,₱932.82,Credit Card
78187,002-000032193,2026-02-06,20:31:12,4,Dine In,Walk-in,"₱2,615.00",₱233.48,nan,₱0.00,"₱2,848.48",Credit Card
78184,002-000032197,2026-02-06,21:04:38,2,Dine In,Walk-in,"₱1,685.00",₱150.45,nan,₱0.00,"₱1,835.45","₱1,685.00"
78181,002-000032196,2026-02-06,20:56:44,2,Dine In,Walk-in,₱260.00,₱23.21,nan,₱0.00,₱283.21,₱260.00
78179,002-000032195,2026-02-06,20:50:32,1,Take Out,Take Out,₱105.00,₱0.00,nan,₱0.00,₱105.00,₱105.00
78178,002-000032194,2026-02-06,20:43:37,8,Dine In,Walk-in,₱0.00,₱0.00,Complimentary,₱0.00,₱0.00,₱0.00
78174,002-000032192,2026-02-06,19:15:09,5,Dine In,Walk-in,"₱2,190.00",₱195.54,nan,₱0.00,"₱2,385.54","₱2,190.00"
78173,002-000032191,2026-02-06,17:54:07,6,Dine In,Walk-in,"₱2,325.00",₱207.59,nan,₱0.00,"₱2,532.59","₱2,325.00"
78171,002-000032190,2026-02-06,17:46:57,4,Dine In,Walk-in,"₱1,490.00",₱133.04,nan,₱0.00,"₱1,623.04","₱1,490.00"
78169,002-000032189,2026-02-06,17:35:07,1,Take Out,Take Out,₱10.00,₱0.00,nan,₱0.00,₱10.00,₱10.00
78168,002-000032188,2026-02-06,17:27:34,4,Dine In,Walk-in,"₱2,010.00",₱161.52,PWD,₱179.46,"₱1,884.38","₱1,902.32"
78166,002-000032187,2026-02-06,17:21:17,4,Dine In,Walk-in,"₱1,855.00",₱157.34,PWD,₱82.81,"₱1,879.84","₱1,855.00"
78163,002-000032186,2026-02-06,16:34:29,14,Dine In,Walk-in,"₱4,975.00",₱444.20,nan,₱0.00,"₱5,419.20","₱4,975.00"
78161,002-000032185,2026-02-06,16:20:25,2,Dine In,Walk-in,₱800.00,₱71.43,nan,₱0.00,₱871.43,₱800.00
78159,002-000032184,2026-02-06,16:00:55,3,Dine In,Walk-in,₱780.00,₱69.64,nan,₱0.00,₱849.64,₱780.00
78157,002-000032183,2026-02-06,15:55:16,2,Dine In,Walk-in,₱620.00,₱49.82,PWD,₱55.36,₱581.25,₱620.00
78155,002-000032182,2026-02-06,15:52:58,1,Take Out,Take Out,₱255.00,₱0.00,nan,₱0.00,₱255.00,₱255.00
78153,002-000032181,2026-02-06,13:55:11,4,Dine In,Walk-in,"₱1,703.57",₱144.64,Senior Citizen,₱160.71,"₱1,687.50","₱1,542.86"
78150,002-000032180,2026-02-06,13:39:37,4,Dine In,Walk-in,₱825.00,₱69.98,PWD,₱36.83,₱836.05,₱825.00
78148,002-000032179,2026-02-06,13:21:09,1,Dine In,Walk-in,₱255.00,₱22.77,nan,₱0.00,₱277.77,₱255.00
78147,002-000032178,2026-02-06,13:20:22,3,Dine In,Walk-in,"₱2,405.00",₱240.50,nan,₱0.00,"₱2,645.50",Credit Card
78143,002-000032198,2026-02-06,13:07:47,3,Dine In,Walk-in,"₱1,695.00",₱150.91,nan,₱0.00,"₱1,845.91","₱1,695.00"
78140,002-000032175,2026-02-06,11:16:25,2,Dine In,Walk-in,₱440.00,₱39.29,nan,₱0.00,₱479.29,₱440.00
78131,002-000032174,2026-02-06,0:15:13,3,Dine In,Walk-in,"₱6,335.00",₱565.63,nan,₱0.00,"₱6,900.63","₱6,335.00"
78130,002-000032173,2026-01-06,23:20:47,4,Dine In,Walk-in,"₱1,145.00",₱102.23,nan,₱0.00,"₱1,247.23","₱1,145.00"
78127,002-000032172,2026-01-06,22:26:47,2,Dine In,Walk-in,"₱1,970.00",₱175.89,nan,₱0.00,"₱2,145.89","₱1,970.00"
78126,002-000032171,2026-01-06,21:43:23,4,Dine In,Walk-in,"₱3,840.00",₱342.86,nan,₱0.00,"₱4,182.86","₱3,840.00"
78123,002-000032170,2026-01-06,21:32:27,4,Dine In,Walk-in,"₱1,635.00",₱145.98,nan,₱0.00,"₱1,780.98","₱1,635.00"
78122,002-000032169,2026-01-06,20:45:38,13,Dine In,Walk-in,"₱8,960.00",₱738.41,Senior Citizen,₱615.88,"₱8,715.77","₱8,344.12"
78120,002-000032168,2026-01-06,19:56:51,4,Dine In,Walk-in,"₱3,475.00",₱310.27,nan,₱0.00,"₱3,785.27","₱3,475.00"
78117,002-000032167,2026-01-06,18:37:41,4,Dine In,Walk-in,"₱1,510.00",₱128.08,PWD,₱67.41,"₱1,530.22","₱1,469.55"
78114,002-000032166,2026-01-06,18:06:30,1,Dine In,Walk-in,₱595.00,₱53.13,nan,₱0.00,₱648.13,₱595.00
78113,002-000032165,2026-01-06,17:22:27,1,Take Out,Grab Food,"₱1,980.00",₱0.00,nan,₱0.00,"₱1,980.00","₱1,980.00"
78112,002-000032164,2026-01-06,17:03:48,1,Dine In,Walk-in,₱740.00,₱52.86,Senior Citizen,₱132.14,₱581.43,₱607.86
78110,002-000032163,2026-01-06,13:15:40,1,Dine In,Walk-in,₱185.00,₱16.52,nan,₱0.00,₱201.52,₱185.00
78107,002-000032162,2026-01-06,13:03:03,2,Dine In,Walk-in,"₱1,265.00",₱112.95,nan,₱0.00,"₱1,377.95","₱1,265.00"
78105,002-000032161,2026-01-06,12:43:26,1,Take Out,Walk-in,₱195.00,₱0.00,nan,₱0.00,₱195.00,₱195.00
78104,002-000032160,2026-01-06,12:41:36,5,Dine In,Walk-in,"₱2,100.00",₱187.50,Employee Discount,₱420.00,"₱1,867.50","₱2,100.00"
78101,002-000032159,2026-01-06,12:16:28,1,Dine In,Walk-in,₱820.00,₱73.21,nan,₱0.00,₱893.21,₱820.00
78100,002-000034891,31/05/2026,17:15:03,5,Dine In,Walk-in,"₱1,340.00",₱119.64,nan,₱0.00,"₱1,459.64","₱1,340.00"
78099,002-000034890,31/05/2026,18:22:31,6,Dine In,Walk-in,₱798.00,₱71.25,nan,₱0.00,₱869.25,₱798.00
78098,002-000034889,31/05/2026,18:06:32,4,Dine In,Walk-in,"₱1,040.00",₱92.86,nan,₱0.00,"₱1,132.86","₱1,040.00"
78097,002-000034888,31/05/2026,13:35:17,1,Dine In,Walk-in,₱100.00,₱8.93,nan,₱0.00,₱108.93,₱100.00
78096,002-000034887,31/05/2026,18:01:43,3,Dine In,Walk-in,"₱1,645.00",₱146.87,nan,₱0.00,"₱1,791.87","₱1,645.00"
78094,002-000034886,31/05/2026,18:34:40,2,Dine In,Walk-in,"₱2,169.00",₱193.66,nan,₱0.00,"₱2,362.66","₱2,169.00"
78093,002-000034885,31/05/2026,19:46:09,4,Dine In,Walk-in,"₱2,173.00",₱194.02,nan,₱0.00,"₱2,367.02","₱2,173.00"
78092,002-000034884,31/05/2026,20:40:31,1,Dine In,Walk-in,"₱1,735.00",₱154.91,nan,₱0.00,"₱1,889.91","₱1,735.00"
78090,002-000034883,31/05/2026,20:26:17,1,Dine In,Walk-in,"₱1,190.00",₱106.25,nan,₱0.00,"₱1,296.25","₱1,190.00"
78089,002-000034882,31/05/2026,19:24:53,3,Dine In,Walk-in,"₱2,670.00",₱238.39,nan,₱0.00,"₱2,908.39","₱2,670.00"
78088,002-000034881,30/05/2026,20:08:41,4,Dine In,Walk-in,"₱1,485.00",₱132.59,nan,₱0.00,"₱1,617.59","₱1,485.00"
78087,002-000034880,30/05/2026,12:22:54,1,Dine In,Walk-in,"₱2,640.00",₱235.71,nan,₱0.00,"₱2,875.71","₱2,640.00"
78086,002-000034879,30/05/2026,19:41:53,6,Take Out,Walk-in,"₱1,405.00",₱125.45,nan,₱0.00,"₱1,530.45","₱1,405.00"
78085,002-000034878,30/05/2026,12:12:05,1,Dine In,Walk-in,"₱1,120.00",₱100.00,nan,₱0.00,"₱1,220.00","₱1,120.00"
78084,002-000034877,30/05/2026,20:54:51,1,Dine In,Walk-in,"₱2,145.00",₱191.52,nan,₱0.00,"₱2,336.52","₱2,145.00"
78082,002-000034876,30/05/2026,12:37:44,2,Dine In,Walk-in,₱770.00,₱68.75,nan,₱0.00,₱838.75,₱770.00
78081,002-000034875,30/05/2026,18:45:44,6,Dine In,Walk-in,₱0.00,₱0.00,nan,₱0.00,₱0.00,₱0.00
78079,002-000034874,30/05/2026,20:02:22,1,Dine In,Walk-in,"₱1,585.00",₱141.52,nan,₱0.00,"₱1,726.52","₱1,585.00"
78078,002-000034873,30/05/2026,20:36:40,3,Dine In,Walk-in,"₱1,270.00",₱113.39,nan,₱0.00,"₱1,383.39","₱1,270.00"
78077,002-000034872,30/05/2026,13:01:29,1,Dine In,Walk-in,"₱1,340.00",₱119.64,nan,₱0.00,"₱1,459.64","₱1,340.00"
78075,002-000034871,30/05/2026,13:49:53,3,Dine In,Walk-in,"₱1,925.00",₱171.87,nan,₱0.00,"₱2,096.87","₱1,925.00"
78073,002-000034870,30/05/2026,12:11:45,5,Dine In,Walk-in,₱875.00,₱78.12,nan,₱0.00,₱953.12,₱875.00
78072,002-000034869,30/05/2026,20:15:01,6,Dine In,Walk-in,₱395.00,₱35.27,nan,₱0.00,₱430.27,₱395.00
78071,002-000034868,30/05/2026,13:22:29,2,Dine In,Walk-in,"₱1,585.00",₱141.52,nan,₱0.00,"₱1,726.52","₱1,585.00"
78070,002-000034867,30/05/2026,13:42:40,2,Dine In,Walk-in,"₱1,955.00",₱174.55,nan,₱0.00,"₱2,129.55","₱1,955.00"
78068,002-000034866,30/05/2026,12:52:50,3,Dine In,Walk-in,₱845.00,₱75.45,nan,₱0.00,₱920.45,₱845.00
78067,002-000034865,30/05/2026,17:20:51,4,Dine In,Walk-in,"₱6,485.00",₱579.02,nan,₱0.00,"₱7,064.02","₱6,485.00"
78066,002-000034864,30/05/2026,20:27:18,5,Dine In,Walk-in,"₱2,590.00",₱231.25,nan,₱0.00,"₱2,821.25","₱2,590.00"
78065,002-000034863,30/05/2026,12:13:29,2,Delivery,FoodPanda,"₱1,635.00",₱145.98,nan,₱0.00,"₱1,780.98","₱1,635.00"
78063,002-000034862,30/05/2026,12:59:48,1,Dine In,Walk-in,₱785.00,₱70.09,PWD,₱157.00,₱698.09,₱785.00
78062,002-000034861,30/05/2026,13:04:24,1,Dine In,Walk-in,₱840.00,₱75.00,nan,₱0.00,₱915.00,₱840.00
78061,002-000034860,30/05/2026,17:53:09,5,Dine In,Walk-in,"₱2,790.00",₱249.11,nan,₱0.00,"₱3,039.11","₱2,790.00"
78059,002-000034859,30/05/2026,17:17:00,3,Dine In,Walk-in,₱680.00,₱60.71,nan,₱0.00,₱740.71,₱680.00
78058,002-000034858,30/05/2026,19:50:10,5,Dine In,Walk-in,"₱1,245.00",₱111.16,PWD,₱249.00,"₱1,107.16","₱1,245.00"
78056,002-000034857,29/05/2026,12:47:59,2,Dine In,Walk-in,₱620.00,₱55.36,nan,₱0.00,₱675.36,₱620.00
78054,002-000034856,29/05/2026,19:12:08,2,Dine In,Walk-in,"₱1,050.00",₱93.75,nan,₱0.00,"₱1,143.75","₱1,050.00"
78053,002-000034855,29/05/2026,13:57:35,6,Dine In,Walk-in,"₱1,280.00",₱114.29,nan,₱0.00,"₱1,394.29","₱1,280.00"
78052,002-000034854,29/05/2026,17:27:39,5,Delivery,FoodPanda,"₱1,855.00",₱165.62,nan,₱0.00,"₱2,020.62","₱1,855.00"
78051,002-000034853,29/05/2026,13:42:44,2,Dine In,Walk-in,₱275.00,₱24.55,nan,₱0.00,₱299.55,₱275.00
78050,002-000034852,29/05/2026,12:05:57,1,Dine In,Walk-in,"₱1,680.00",₱150.00,nan,₱0.00,"₱1,830.00","₱1,680.00"
78049,002-000034851,29/05/2026,11:55:28,1,Dine In,Walk-in,"₱3,140.00",₱280.36,nan,₱0.00,"₱3,420.36","₱3,140.00"
78048,002-000034850,29/05/2026,18:14:29,3,Dine In,Walk-in,"₱2,775.00",₱247.77,nan,₱0.00,"₱3,022.77","₱2,775.00"
78047,002-000034849,29/05/2026,11:53:58,2,Dine In,Walk-in,"₱1,925.00",₱171.87,nan,₱0.00,"₱2,096.87","₱1,925.00"
78046,002-000034848,29/05/2026,11:33:04,3,Dine In,Walk-in,"₱1,485.00",₱132.59,nan,₱0.00,"₱1,617.59","₱1,485.00"
78045,002-000034847,29/05/2026,20:39:59,6,Dine In,Walk-in,"₱2,610.00",₱233.04,Senior Citizen,₱522.00,"₱2,321.04","₱2,610.00"
78044,002-000034846,29/05/2026,12:26:01,1,Dine In,Walk-in,₱665.00,₱59.37,nan,₱0.00,₱724.37,₱665.00
78042,002-000034845,29/05/2026,19:02:17,4,Dine In,Walk-in,₱970.00,₱86.61,nan,₱0.00,"₱1,056.61",₱970.00
78041,002-000034844,29/05/2026,17:14:17,5,Dine In,Walk-in,₱750.00,₱66.96,nan,₱0.00,₱816.96,₱750.00
78040,002-000034843,29/05/2026,18:03:30,2,Dine In,Walk-in,"₱2,650.00",₱236.61,nan,₱0.00,"₱2,886.61","₱2,650.00"
78039,002-000034842,29/05/2026,20:03:15,2,Dine In,Walk-in,₱490.00,₱43.75,nan,₱0.00,₱533.75,₱490.00
78037,002-000034841,28/05/2026,12:56:36,1,Dine In,Walk-in,"₱1,710.00",₱152.68,nan,₱0.00,"₱1,862.68","₱1,710.00"
78035,002-000034840,28/05/2026,19:28:12,2,Dine In,Walk-in,"₱2,915.00",₱260.27,Senior Citizen,₱583.00,"₱2,592.27","₱2,915.00"
78034,002-000034839,28/05/2026,17:01:52,1,Dine In,Walk-in,"₱2,180.00",₱194.64,nan,₱0.00,"₱2,374.64","₱2,180.00"
78033,002-000034838,28/05/2026,12:07:55,2,Dine In,Walk-in,"₱1,255.00",₱112.05,nan,₱0.00,"₱1,367.05","₱1,255.00"
78031,002-000034837,28/05/2026,13:30:25,5,Dine In,Walk-in,₱665.00,₱59.37,nan,₱0.00,₱724.37,₱665.00
78030,002-000034836,28/05/2026,11:50:15,6,Dine In,Walk-in,₱565.00,₱50.45,nan,₱0.00,₱615.45,₱565.00
78029,002-000034835,28/05/2026,13:02:46,1,Dine In,Walk-in,₱990.00,₱88.39,nan,₱0.00,"₱1,078.39",₱990.00
78027,002-000034834,28/05/2026,12:43:33,6,Dine In,Walk-in,"₱1,190.00",₱106.25,PWD,₱238.00,"₱1,058.25","₱1,190.00"
78026,002-000034833,28/05/2026,12:56:05,4,Dine In,Walk-in,"₱1,100.00",₱98.21,nan,₱0.00,"₱1,198.21","₱1,100.00"
78024,002-000034832,28/05/2026,18:25:54,5,Dine In,Walk-in,"₱2,630.00",₱234.82,nan,₱0.00,"₱2,864.82","₱2,630.00"
78023,002-000034831,28/05/2026,11:48:16,2,Delivery,FoodPanda,"₱1,370.00",₱122.32,nan,₱0.00,"₱1,492.32","₱1,370.00"
78022,002-000034830,28/05/2026,17:03:05,6,Dine In,Walk-in,"₱1,675.00",₱149.55,nan,₱0.00,"₱1,824.55","₱1,675.00"
78021,002-000034829,28/05/2026,20:58:18,2,Dine In,Walk-in,₱585.00,₱52.23,nan,₱0.00,₱637.23,₱585.00
78019,002-000034828,28/05/2026,19:15:43,3,Dine In,Walk-in,"₱3,376.00",₱301.43,nan,₱0.00,"₱3,677.43","₱3,376.00"
78018,002-000034827,28/05/2026,11:38:19,1,Dine In,Walk-in,"₱1,665.00",₱148.66,nan,₱0.00,"₱1,813.66","₱1,665.00"
78017,002-000034826,28/05/2026,13:19:33,1,Dine In,Walk-in,"₱2,435.00",₱217.41,nan,₱0.00,"₱2,652.41","₱2,435.00"
78016,002-000034825,27/05/2026,19:36:33,6,Dine In,Walk-in,"₱1,060.00",₱94.64,nan,₱0.00,"₱1,154.64","₱1,060.00"
78015,002-000034824,27/05/2026,17:01:10,2,Dine In,Walk-in,"₱1,623.00",₱144.91,nan,₱0.00,"₱1,767.91","₱1,623.00"
78014,002-000034823,27/05/2026,18:15:49,4,Dine In,Walk-in,₱945.00,₱84.37,nan,₱0.00,"₱1,029.37",₱945.00
78013,002-000034822,27/05/2026,13:16:22,3,Dine In,Walk-in,"₱1,255.00",₱112.05,nan,₱0.00,"₱1,367.05","₱1,255.00"
78012,002-000034821,27/05/2026,20:37:20,6,Dine In,Walk-in,₱575.00,₱51.34,nan,₱0.00,₱626.34,₱575.00
78011,002-000034820,27/05/2026,11:10:52,6,Dine In,Walk-in,"₱2,438.00",₱217.68,nan,₱0.00,"₱2,655.68","₱2,438.00"
78010,002-000034819,27/05/2026,19:58:35,1,Dine In,Walk-in,"₱2,470.00",₱220.54,nan,₱0.00,"₱2,690.54","₱2,470.00"
78009,002-000034818,27/05/2026,11:13:21,3,Dine In,Walk-in,"₱3,070.00",₱274.11,nan,₱0.00,"₱3,344.11","₱3,070.00"
78008,002-000034817,27/05/2026,18:13:15,2,Dine In,Walk-in,"₱1,960.00",₱175.00,Senior Citizen,₱392.00,"₱1,743.00","₱1,960.00"
78007,002-000034816,27/05/2026,19:59:57,4,Dine In,Walk-in,"₱1,095.00",₱97.77,Senior Citizen,₱219.00,₱973.77,"₱1,095.00"
78005,002-000034815,27/05/2026,18:41:21,5,Dine In,Walk-in,"₱2,705.00",₱241.52,nan,₱0.00,"₱2,946.52","₱2,705.00"
78004,002-000034814,27/05/2026,17:32:11,2,Dine In,Walk-in,₱770.00,₱68.75,nan,₱0.00,₱838.75,₱770.00
78002,002-000034813,27/05/2026,11:17:12,6,Dine In,Walk-in,"₱3,305.00",₱295.09,nan,₱0.00,"₱3,600.09","₱3,305.00"
78001,002-000034812,27/05/2026,13:16:56,5,Dine In,Walk-in,₱785.00,₱70.09,nan,₱0.00,₱855.09,₱785.00
78000,002-000034811,27/05/2026,18:44:00,5,Dine In,Walk-in,"₱1,515.00",₱135.27,nan,₱0.00,"₱1,650.27","₱1,515.00"
77999,002-000034810,27/05/2026,20:13:34,6,Dine In,Walk-in,"₱1,220.00",₱108.93,nan,₱0.00,"₱1,328.93","₱1,220.00"
77998,002-000034809,27/05/2026,19:51:27,5,Dine In,Walk-in,₱355.00,₱31.70,nan,₱0.00,₱386.70,₱355.00
77997,002-000034808,27/05/2026,13:22:41,1,Dine In,Walk-in,"₱4,020.00",₱358.93,nan,₱0.00,"₱4,378.93","₱4,020.00"
77996,002-000034807,27/05/2026,12:47:20,5,Dine In,Walk-in,"₱2,345.00",₱209.37,nan,₱0.00,"₱2,554.37","₱2,345.00"
77995,002-000034806,26/05/2026,17:51:26,5,Dine In,Walk-in,"₱2,578.00",₱230.18,nan,₱0.00,"₱2,808.18","₱2,578.00"
77993,002-000034805,26/05/2026,20:48:17,4,Dine In,Walk-in,₱905.00,₱80.80,nan,₱0.00,₱985.80,₱905.00
77991,002-000034804,26/05/2026,11:29:07,4,Dine In,Walk-in,"₱1,820.00",₱162.50,nan,₱0.00,"₱1,982.50","₱1,820.00"
77990,002-000034803,26/05/2026,17:06:53,6,Dine In,Walk-in,"₱1,555.00",₱138.84,nan,₱0.00,"₱1,693.84","₱1,555.00"
77988,002-000034802,26/05/2026,18:24:57,6,Dine In,Walk-in,"₱4,725.00",₱421.87,nan,₱0.00,"₱5,146.87","₱4,725.00"
77987,002-000034801,26/05/2026,12:39:30,3,Dine In,Walk-in,₱889.00,₱79.37,nan,₱0.00,₱968.37,₱889.00
77986,002-000034800,26/05/2026,20:52:10,2,Dine In,Walk-in,₱630.00,₱56.25,nan,₱0.00,₱686.25,₱630.00
77985,002-000034799,26/05/2026,20:00:38,4,Take Out,Walk-in,"₱1,100.00",₱98.21,nan,₱0.00,"₱1,198.21","₱1,100.00"
77984,002-000034798,26/05/2026,17:08:18,2,Dine In,Walk-in,"₱1,185.00",₱105.80,nan,₱0.00,"₱1,290.80","₱1,185.00"
77982,002-000034797,26/05/2026,20:34:56,5,Dine In,Walk-in,₱675.00,₱60.27,nan,₱0.00,₱735.27,₱675.00
77980,002-000034796,26/05/2026,13:56:30,3,Dine In,Walk-in,"₱1,680.00",₱150.00,nan,₱0.00,"₱1,830.00","₱1,680.00"
77979,002-000034795,26/05/2026,19:14:58,2,Dine In,Walk-in,₱260.00,₱23.21,nan,₱0.00,₱283.21,₱260.00
77978,002-000034794,26/05/2026,20:17:02,4,Dine In,Walk-in,"₱3,320.00",₱296.43,nan,₱0.00,"₱3,616.43","₱3,320.00"
77977,002-000034793,26/05/2026,20:18:31,2,Dine In,Walk-in,"₱1,300.00",₱116.07,nan,₱0.00,"₱1,416.07","₱1,300.00"
77976,002-000034792,26/05/2026,20:20:45,4,Dine In,Walk-in,"₱2,090.00",₱186.61,nan,₱0.00,"₱2,276.61","₱2,090.00"
77975,002-000034791,26/05/2026,20:52:29,5,Dine In,Walk-in,"₱1,680.00",₱150.00,nan,₱0.00,"₱1,830.00","₱1,680.00"
77974,002-000034790,25/05/2026,20:19:28,6,Dine In,Walk-in,"₱1,530.00",₱136.61,nan,₱0.00,"₱1,666.61","₱1,530.00"
77973,002-000034789,25/05/2026,20:26:32,5,Dine In,Walk-in,"₱2,345.00",₱209.37,PWD,₱469.00,"₱2,085.37","₱2,345.00"
77972,002-000034788,25/05/2026,11:51:34,2,Dine In,Walk-in,"₱1,970.00",₱175.89,nan,₱0.00,"₱2,145.89","₱1,970.00"
77971,002-000034787,25/05/2026,20:12:33,6,Dine In,Walk-in,"₱2,540.00",₱226.79,nan,₱0.00,"₱2,766.79","₱2,540.00"
77969,002-000034786,25/05/2026,18:28:32,1,Dine In,Walk-in,"₱1,055.00",₱94.20,Senior Citizen,₱211.00,₱938.20,"₱1,055.00"
77967,002-000034785,25/05/2026,11:26:02,3,Dine In,Walk-in,"₱2,005.00",₱179.02,nan,₱0.00,"₱2,184.02","₱2,005.00"
77966,002-000034784,25/05/2026,17:11:19,5,Dine In,Walk-in,₱450.00,₱40.18,nan,₱0.00,₱490.18,₱450.00
77965,002-000034783,25/05/2026,13:32:01,4,Dine In,Walk-in,"₱1,045.00",₱93.30,nan,₱0.00,"₱1,138.30","₱1,045.00"
77964,002-000034782,25/05/2026,18:30:24,5,Dine In,Walk-in,₱130.00,₱11.61,nan,₱0.00,₱141.61,₱130.00
77963,002-000034781,25/05/2026,12:22:53,3,Dine In,Walk-in,"₱4,026.00",₱359.46,nan,₱0.00,"₱4,385.46","₱4,026.00"
77962,002-000034780,25/05/2026,19:04:55,3,Dine In,Walk-in,"₱1,635.00",₱145.98,nan,₱0.00,"₱1,780.98","₱1,635.00"
77961,002-000034779,25/05/2026,12:26:42,3,Dine In,Walk-in,₱765.00,₱68.30,nan,₱0.00,₱833.30,₱765.00
77960,002-000034778,25/05/2026,20:52:17,3,Dine In,Walk-in,"₱2,045.00",₱182.59,nan,₱0.00,"₱2,227.59","₱2,045.00"
77959,002-000034777,25/05/2026,19:31:16,3,Dine In,Walk-in,"₱1,835.00",₱163.84,nan,₱0.00,"₱1,998.84","₱1,835.00"
77958,002-000034776,25/05/2026,18:08:59,1,Dine In,Walk-in,₱900.00,₱80.36,nan,₱0.00,₱980.36,₱900.00
77956,002-000034775,25/05/2026,18:55:56,6,Dine In,Walk-in,"₱2,961.00",₱264.37,nan,₱0.00,"₱3,225.37","₱2,961.00"
77955,002-000034774,25/05/2026,19:34:04,4,Dine In,Walk-in,₱920.00,₱82.14,nan,₱0.00,"₱1,002.14",₱920.00
77953,002-000034773,25/05/2026,13:59:07,3,Dine In,Walk-in,₱740.00,₱66.07,nan,₱0.00,₱806.07,₱740.00
77952,002-000034772,25/05/2026,20:29:18,5,Dine In,Walk-in,"₱1,860.00",₱166.07,nan,₱0.00,"₱2,026.07","₱1,860.00"
77951,002-000034771,24/05/2026,20:50:27,5,Dine In,Walk-in,"₱2,305.00",₱205.80,nan,₱0.00,"₱2,510.80","₱2,305.00"
77950,002-000034770,24/05/2026,18:47:11,4,Dine In,Walk-in,"₱1,805.00",₱161.16,nan,₱0.00,"₱1,966.16","₱1,805.00"
77948,002-000034769,24/05/2026,11:29:25,6,Dine In,Walk-in,₱645.00,₱57.59,nan,₱0.00,₱702.59,₱645.00
77947,002-000034768,24/05/2026,17:16:25,1,Dine In,Walk-in,"₱1,795.00",₱160.27,nan,₱0.00,"₱1,955.27","₱1,795.00"
77946,002-000034767,24/05/2026,19:43:54,4,Dine In,Walk-in,"₱3,830.00",₱341.96,nan,₱0.00,"₱4,171.96","₱3,830.00"
77945,002-000034766,24/05/2026,20:56:05,4,Dine In,Walk-in,"₱1,225.00",₱109.37,nan,₱0.00,"₱1,334.37","₱1,225.00"
77943,002-000034765,24/05/2026,11:24:26,3,Dine In,Walk-in,"₱2,190.00",₱195.54,nan,₱0.00,"₱2,385.54","₱2,190.00"
77942,002-000034764,24/05/2026,19:05:57,3,Delivery,FoodPanda,"₱2,090.00",₱186.61,nan,₱0.00,"₱2,276.61","₱2,090.00"
77941,002-000034763,24/05/2026,19:31:39,4,Take Out,Walk-in,"₱2,270.00",₱202.68,nan,₱0.00,"₱2,472.68","₱2,270.00"
77939,002-000034762,24/05/2026,17:42:53,3,Dine In,Walk-in,"₱1,380.00",₱123.21,nan,₱0.00,"₱1,503.21","₱1,380.00"
77938,002-000034761,24/05/2026,19:24:12,3,Dine In,Walk-in,"₱1,755.00",₱156.70,nan,₱0.00,"₱1,911.70","₱1,755.00"
77937,002-000034760,24/05/2026,19:53:38,4,Dine In,Walk-in,₱640.00,₱57.14,nan,₱0.00,₱697.14,₱640.00
77935,002-000034759,24/05/2026,11:38:56,1,Dine In,Walk-in,"₱2,955.00",₱263.84,nan,₱0.00,"₱3,218.84","₱2,955.00"
77934,002-000034758,24/05/2026,18:03:39,5,Dine In,Walk-in,₱740.00,₱66.07,nan,₱0.00,₱806.07,₱740.00
77933,002-000034757,24/05/2026,12:15:00,4,Dine In,Walk-in,"₱2,835.00",₱253.12,Senior Citizen,₱567.00,"₱2,521.12","₱2,835.00"
77932,002-000034756,24/05/2026,20:11:00,1,Dine In,Walk-in,"₱2,739.00",₱244.55,nan,₱0.00,"₱2,983.55","₱2,739.00"
77931,002-000034755,24/05/2026,13:50:41,2,Dine In,Walk-in,"₱4,265.00",₱380.80,nan,₱0.00,"₱4,645.80","₱4,265.00"
77929,002-000034754,24/05/2026,12:22:01,1,Dine In,Walk-in,₱925.00,₱82.59,nan,₱0.00,"₱1,007.59",₱925.00
77928,002-000034753,24/05/2026,19:22:09,6,Dine In,Walk-in,"₱2,045.00",₱182.59,nan,₱0.00,"₱2,227.59","₱2,045.00"
77927,002-000034752,24/05/2026,12:16:55,1,Dine In,Walk-in,₱455.00,₱40.62,nan,₱0.00,₱495.62,₱455.00
77926,002-000034751,24/05/2026,17:19:35,5,Dine In,Walk-in,₱470.00,₱41.96,nan,₱0.00,₱511.96,₱470.00
77925,002-000034750,23/05/2026,13:49:52,1,Dine In,Walk-in,₱460.00,₱41.07,nan,₱0.00,₱501.07,₱460.00
77924,002-000034749,23/05/2026,19:05:34,6,Dine In,Walk-in,₱850.00,₱75.89,nan,₱0.00,₱925.89,₱850.00
77922,002-000034748,23/05/2026,11:50:20,6,Dine In,Walk-in,₱618.00,₱55.18,nan,₱0.00,₱673.18,₱618.00
77921,002-000034747,23/05/2026,11:59:44,6,Dine In,Walk-in,"₱1,040.00",₱92.86,nan,₱0.00,"₱1,132.86","₱1,040.00"
77920,002-000034746,23/05/2026,11:22:33,6,Dine In,Walk-in,"₱1,575.00",₱140.62,nan,₱0.00,"₱1,715.62","₱1,575.00"
77919,002-000034745,23/05/2026,11:10:56,2,Dine In,Walk-in,"₱2,310.00",₱206.25,nan,₱0.00,"₱2,516.25","₱2,310.00"
77918,002-000034744,23/05/2026,18:11:22,4,Dine In,Walk-in,"₱3,365.00",₱300.45,nan,₱0.00,"₱3,665.45","₱3,365.00"
77917,002-000034743,23/05/2026,17:57:57,5,Dine In,Walk-in,"₱3,635.00",₱324.55,nan,₱0.00,"₱3,959.55","₱3,635.00"
77915,002-000034742,23/05/2026,11:06:03,5,Dine In,Walk-in,"₱1,500.00",₱133.93,nan,₱0.00,"₱1,633.93","₱1,500.00"
77913,002-000034741,23/05/2026,13:20:06,3,Dine In,Walk-in,"₱1,195.00",₱106.70,nan,₱0.00,"₱1,301.70","₱1,195.00"
77912,002-000034740,23/05/2026,11:18:46,4,Dine In,Walk-in,"₱1,385.00",₱123.66,nan,₱0.00,"₱1,508.66","₱1,385.00"
77911,002-000034739,23/05/2026,12:59:50,5,Dine In,Walk-in,"₱1,425.00",₱127.23,nan,₱0.00,"₱1,552.23","₱1,425.00"
77910,002-000034738,23/05/2026,13:27:12,5,Dine In,Walk-in,₱840.00,₱75.00,nan,₱0.00,₱915.00,₱840.00
77909,002-000034737,23/05/2026,20:55:06,3,Dine In,Walk-in,"₱1,310.00",₱116.96,nan,₱0.00,"₱1,426.96","₱1,310.00"
77907,002-000034736,23/05/2026,18:04:11,4,Dine In,Walk-in,"₱1,025.00",₱91.52,nan,₱0.00,"₱1,116.52","₱1,025.00"
77906,002-000034735,23/05/2026,13:28:56,3,Dine In,Walk-in,₱470.00,₱41.96,nan,₱0.00,₱511.96,₱470.00
77905,002-000034734,23/05/2026,20:14:17,2,Dine In,Walk-in,₱745.00,₱66.52,nan,₱0.00,₱811.52,₱745.00
77904,002-000034733,23/05/2026,12:48:27,4,Delivery,FoodPanda,"₱1,615.00",₱144.20,nan,₱0.00,"₱1,759.20","₱1,615.00"
77903,002-000034732,23/05/2026,11:02:14,2,Dine In,Walk-in,"₱2,200.00",₱196.43,nan,₱0.00,"₱2,396.43","₱2,200.00"
77902,002-000034731,23/05/2026,12:33:39,6,Dine In,Walk-in,"₱4,060.00",₱362.50,nan,₱0.00,"₱4,422.50","₱4,060.00"
77901,002-000034730,23/05/2026,11:14:33,5,Dine In,Walk-in,"₱3,290.00",₱293.75,nan,₱0.00,"₱3,583.75","₱3,290.00"
77899,002-000034729,23/05/2026,12:52:49,1,Dine In,Walk-in,"₱1,925.00",₱171.87,nan,₱0.00,"₱2,096.87","₱1,925.00"
77898,002-000034728,23/05/2026,20:19:29,4,Dine In,Walk-in,₱865.00,₱77.23,nan,₱0.00,₱942.23,₱865.00
77896,002-000034727,23/05/2026,12:59:32,5,Dine In,Walk-in,"₱2,205.00",₱196.87,nan,₱0.00,"₱2,401.87","₱2,205.00"
77895,002-000034726,22/05/2026,12:37:50,6,Dine In,Walk-in,₱235.00,₱20.98,nan,₱0.00,₱255.98,₱235.00
77894,002-000034725,22/05/2026,11:34:40,6,Dine In,Walk-in,"₱1,360.00",₱121.43,nan,₱0.00,"₱1,481.43","₱1,360.00"
77893,002-000034724,22/05/2026,19:22:03,5,Delivery,FoodPanda,"₱1,720.00",₱153.57,nan,₱0.00,"₱1,873.57","₱1,720.00"
77891,002-000034723,22/05/2026,18:37:20,4,Dine In,Walk-in,"₱1,950.00",₱174.11,nan,₱0.00,"₱2,124.11","₱1,950.00"
77890,002-000034722,22/05/2026,18:56:50,1,Dine In,Walk-in,"₱1,180.00",₱105.36,nan,₱0.00,"₱1,285.36","₱1,180.00"
77889,002-000034721,22/05/2026,13:53:40,3,Dine In,Walk-in,₱890.00,₱79.46,nan,₱0.00,₱969.46,₱890.00
77888,002-000034720,22/05/2026,17:12:47,5,Dine In,Walk-in,"₱1,550.00",₱138.39,nan,₱0.00,"₱1,688.39","₱1,550.00"
77887,002-000034719,22/05/2026,13:44:36,5,Dine In,Walk-in,"₱1,495.00",₱133.48,nan,₱0.00,"₱1,628.48","₱1,495.00"
77886,002-000034718,22/05/2026,12:00:08,4,Take Out,Walk-in,₱745.00,₱66.52,nan,₱0.00,₱811.52,₱745.00
77885,002-000034717,22/05/2026,18:51:25,4,Dine In,Walk-in,"₱3,490.00",₱311.61,nan,₱0.00,"₱3,801.61","₱3,490.00"
77883,002-000034716,22/05/2026,13:57:49,4,Dine In,Walk-in,"₱1,235.00",₱110.27,nan,₱0.00,"₱1,345.27","₱1,235.00"
77882,002-000034715,22/05/2026,18:08:15,6,Dine In,Walk-in,"₱2,180.00",₱194.64,nan,₱0.00,"₱2,374.64","₱2,180.00"
77881,002-000034714,22/05/2026,19:45:50,3,Dine In,Walk-in,"₱1,060.00",₱94.64,nan,₱0.00,"₱1,154.64","₱1,060.00"
77879,002-000034713,22/05/2026,18:04:46,2,Dine In,Walk-in,₱555.00,₱49.55,nan,₱0.00,₱604.55,₱555.00
77878,002-000034712,22/05/2026,11:11:04,6,Dine In,Walk-in,"₱1,180.00",₱105.36,nan,₱0.00,"₱1,285.36","₱1,180.00"
77877,002-000034711,22/05/2026,17:20:02,1,Dine In,Walk-in,₱555.00,₱49.55,nan,₱0.00,₱604.55,₱555.00
77876,002-000034710,22/05/2026,20:20:26,1,Dine In,Walk-in,"₱6,778.00",₱605.18,nan,₱0.00,"₱7,383.18","₱6,778.00"
77875,002-000034709,22/05/2026,11:59:40,4,Dine In,Walk-in,"₱2,645.00",₱236.16,nan,₱0.00,"₱2,881.16","₱2,645.00"
77874,002-000034708,22/05/2026,11:40:13,2,Delivery,FoodPanda,"₱1,270.00",₱113.39,nan,₱0.00,"₱1,383.39","₱1,270.00"
77872,002-000034707,21/05/2026,18:03:55,5,Dine In,Walk-in,"₱2,024.00",₱180.71,nan,₱0.00,"₱2,204.71","₱2,024.00"
77871,002-000034706,21/05/2026,13:29:37,5,Dine In,Walk-in,"₱2,185.00",₱195.09,nan,₱0.00,"₱2,380.09","₱2,185.00"
77870,002-000034705,21/05/2026,17:34:38,6,Take Out,Walk-in,"₱2,350.00",₱209.82,nan,₱0.00,"₱2,559.82","₱2,350.00"
77869,002-000034704,21/05/2026,11:36:02,6,Dine In,Walk-in,"₱1,185.00",₱105.80,nan,₱0.00,"₱1,290.80","₱1,185.00"
77868,002-000034703,21/05/2026,12:25:43,4,Dine In,Walk-in,₱245.00,₱21.87,nan,₱0.00,₱266.87,₱245.00
77867,002-000034702,21/05/2026,17:58:12,2,Dine In,Walk-in,"₱2,340.00",₱208.93,nan,₱0.00,"₱2,548.93","₱2,340.00"
77866,002-000034701,21/05/2026,12:09:08,2,Dine In,Walk-in,"₱1,680.00",₱150.00,nan,₱0.00,"₱1,830.00","₱1,680.00"
77864,002-000034700,21/05/2026,13:19:26,1,Dine In,Walk-in,"₱1,520.00",₱135.71,nan,₱0.00,"₱1,655.71","₱1,520.00"
77863,002-000034699,21/05/2026,20:05:39,1,Dine In,Walk-in,"₱3,515.00",₱313.84,nan,₱0.00,"₱3,828.84","₱3,515.00"
77862,002-000034698,21/05/2026,18:57:16,2,Dine In,Walk-in,"₱1,015.00",₱90.62,nan,₱0.00,"₱1,105.62","₱1,015.00"
77861,002-000034697,21/05/2026,12:44:18,5,Dine In,Walk-in,₱510.00,₱45.54,nan,₱0.00,₱555.54,₱510.00
77860,002-000034696,21/05/2026,17:21:52,5,Dine In,Walk-in,₱650.00,₱58.04,nan,₱0.00,₱708.04,₱650.00
77859,002-000034695,21/05/2026,17:00:35,1,Dine In,Walk-in,"₱1,340.00",₱119.64,Senior Citizen,₱268.00,"₱1,191.64","₱1,340.00"
77857,002-000034694,21/05/2026,20:22:33,2,Dine In,Walk-in,"₱1,335.00",₱119.20,nan,₱0.00,"₱1,454.20","₱1,335.00"
77856,002-000034693,21/05/2026,20:01:17,6,Take Out,Walk-in,"₱2,890.00",₱258.04,nan,₱0.00,"₱3,148.04","₱2,890.00"
77855,002-000034692,21/05/2026,17:03:39,3,Dine In,Walk-in,₱885.00,₱79.02,nan,₱0.00,₱964.02,₱885.00
77854,002-000034691,21/05/2026,18:17:36,3,Dine In,Walk-in,₱145.00,₱12.95,nan,₱0.00,₱157.95,₱145.00
77853,002-000034690,21/05/2026,11:27:21,3,Dine In,Walk-in,"₱1,550.00",₱138.39,nan,₱0.00,"₱1,688.39","₱1,550.00"
77851,002-000034689,20/05/2026,18:38:29,2,Dine In,Walk-in,"₱2,180.00",₱194.64,nan,₱0.00,"₱2,374.64","₱2,180.00"
77848,002-000034688,20/05/2026,18:03:45,5,Dine In,Walk-in,"₱1,640.00",₱146.43,nan,₱0.00,"₱1,786.43","₱1,640.00"
77846,002-000034687,20/05/2026,11:52:24,5,Dine In,Walk-in,"₱2,140.00",₱191.07,nan,₱0.00,"₱2,331.07","₱2,140.00"
77842,002-000034686,20/05/2026,13:04:10,3,Dine In,Walk-in,"₱1,385.00",₱123.66,nan,₱0.00,"₱1,508.66","₱1,385.00"
77840,002-000034685,20/05/2026,11:47:02,2,Dine In,Walk-in,"₱2,125.00",₱189.73,nan,₱0.00,"₱2,314.73","₱2,125.00"
77837,002-000034684,20/05/2026,19:24:24,4,Dine In,Walk-in,"₱1,310.00",₱116.96,nan,₱0.00,"₱1,426.96","₱1,310.00"
77834,002-000034683,20/05/2026,18:22:43,1,Dine In,Walk-in,"₱1,390.00",₱124.11,nan,₱0.00,"₱1,514.11","₱1,390.00"
77833,002-000034682,20/05/2026,18:15:14,3,Dine In,Walk-in,"₱2,045.00",₱182.59,nan,₱0.00,"₱2,227.59","₱2,045.00"
77832,002-000034681,20/05/2026,20:13:03,5,Take Out,Walk-in,₱380.00,₱33.93,nan,₱0.00,₱413.93,₱380.00
77830,002-000034680,20/05/2026,18:05:18,4,Dine In,Walk-in,"₱1,500.00",₱133.93,nan,₱0.00,"₱1,633.93","₱1,500.00"
77826,002-000034679,20/05/2026,20:37:53,5,Take Out,Walk-in,"₱3,860.00",₱344.64,nan,₱0.00,"₱4,204.64","₱3,860.00"
77823,002-000034678,20/05/2026,18:37:14,6,Dine In,Walk-in,"₱3,020.00",₱269.64,nan,₱0.00,"₱3,289.64","₱3,020.00"
77821,002-000034677,20/05/2026,17:56:16,5,Dine In,Walk-in,"₱2,415.00",₱215.62,nan,₱0.00,"₱2,630.62","₱2,415.00"
77817,002-000034676,20/05/2026,18:41:56,3,Dine In,Walk-in,"₱1,095.00",₱97.77,nan,₱0.00,"₱1,192.77","₱1,095.00"
77815,002-000034675,20/05/2026,13:04:57,5,Dine In,Walk-in,"₱2,270.00",₱202.68,nan,₱0.00,"₱2,472.68","₱2,270.00"
77813,002-000034674,20/05/2026,18:52:47,3,Dine In,Walk-in,₱745.00,₱66.52,nan,₱0.00,₱811.52,₱745.00
77811,002-000034673,20/05/2026,13:48:14,5,Dine In,Walk-in,"₱1,495.00",₱133.48,nan,₱0.00,"₱1,628.48","₱1,495.00"
77809,002-000034672,20/05/2026,12:07:31,4,Dine In,Walk-in,₱689.00,₱61.52,nan,₱0.00,₱750.52,₱689.00
77808,002-000034671,19/05/2026,11:40:37,4,Dine In,Walk-in,"₱1,620.00",₱144.64,nan,₱0.00,"₱1,764.64","₱1,620.00"
77807,002-000034670,19/05/2026,17:51:02,1,Dine In,Walk-in,"₱1,295.00",₱115.62,nan,₱0.00,"₱1,410.62","₱1,295.00"
77805,002-000034669,19/05/2026,11:12:47,2,Dine In,Walk-in,"₱1,800.00",₱160.71,nan,₱0.00,"₱1,960.71","₱1,800.00"
77803,002-000034668,19/05/2026,13:35:22,3,Dine In,Walk-in,"₱2,435.00",₱217.41,nan,₱0.00,"₱2,652.41","₱2,435.00"
77800,002-000034667,19/05/2026,13:57:24,5,Dine In,Walk-in,"₱1,040.00",₱92.86,nan,₱0.00,"₱1,132.86","₱1,040.00"
77797,002-000034666,19/05/2026,20:52:06,6,Dine In,Walk-in,"₱1,161.00",₱103.66,nan,₱0.00,"₱1,264.66","₱1,161.00"
77794,002-000034665,19/05/2026,13:42:57,3,Dine In,Walk-in,"₱1,445.00",₱129.02,nan,₱0.00,"₱1,574.02","₱1,445.00"
77791,002-000034664,19/05/2026,18:11:03,1,Dine In,Walk-in,₱350.00,₱31.25,nan,₱0.00,₱381.25,₱350.00
77789,002-000034663,19/05/2026,13:00:52,6,Dine In,Walk-in,₱700.00,₱62.50,nan,₱0.00,₱762.50,₱700.00
77788,002-000034662,19/05/2026,12:57:22,1,Dine In,Walk-in,"₱1,549.00",₱138.30,nan,₱0.00,"₱1,687.30","₱1,549.00"
77786,002-000034661,19/05/2026,17:27:03,3,Dine In,Walk-in,"₱1,470.00",₱131.25,nan,₱0.00,"₱1,601.25","₱1,470.00"
77784,002-000034660,19/05/2026,17:35:14,2,Dine In,Walk-in,"₱3,345.00",₱298.66,nan,₱0.00,"₱3,643.66","₱3,345.00"
77782,002-000034659,19/05/2026,12:49:19,5,Dine In,Walk-in,"₱1,230.00",₱109.82,nan,₱0.00,"₱1,339.82","₱1,230.00"
77778,002-000034658,19/05/2026,12:46:30,1,Dine In,Walk-in,"₱2,525.00",₱225.45,nan,₱0.00,"₱2,750.45","₱2,525.00"
77776,002-000034657,19/05/2026,20:46:55,5,Dine In,Walk-in,"₱1,990.00",₱177.68,nan,₱0.00,"₱2,167.68","₱1,990.00"
77775,002-000034656,19/05/2026,18:54:52,2,Dine In,Walk-in,"₱1,745.00",₱155.80,nan,₱0.00,"₱1,900.80","₱1,745.00"
77771,002-000034655,19/05/2026,17:39:54,4,Dine In,Walk-in,"₱1,185.00",₱105.80,nan,₱0.00,"₱1,290.80","₱1,185.00"
77770,002-000034654,18/05/2026,18:14:21,3,Dine In,Walk-in,"₱1,499.00",₱133.84,nan,₱0.00,"₱1,632.84","₱1,499.00"
77768,002-000034653,18/05/2026,13:29:05,3,Dine In,Walk-in,"₱3,810.00",₱340.18,nan,₱0.00,"₱4,150.18","₱3,810.00"
77766,002-000034652,18/05/2026,11:09:44,4,Dine In,Walk-in,₱505.00,₱45.09,nan,₱0.00,₱550.09,₱505.00
77764,002-000034651,18/05/2026,20:33:32,2,Dine In,Walk-in,₱395.00,₱35.27,nan,₱0.00,₱430.27,₱395.00
77763,002-000034650,18/05/2026,19:10:41,5,Dine In,Walk-in,"₱2,915.00",₱260.27,nan,₱0.00,"₱3,175.27","₱2,915.00"
77761,002-000034649,18/05/2026,17:26:02,6,Dine In,Walk-in,₱565.00,₱50.45,nan,₱0.00,₱615.45,₱565.00
77759,002-000034648,18/05/2026,20:54:30,4,Delivery,FoodPanda,"₱2,610.00",₱233.04,nan,₱0.00,"₱2,843.04","₱2,610.00"
77757,002-000034647,18/05/2026,11:36:52,3,Dine In,Walk-in,"₱1,050.00",₱93.75,nan,₱0.00,"₱1,143.75","₱1,050.00"
77754,002-000034646,18/05/2026,11:26:45,2,Take Out,Walk-in,"₱2,195.00",₱195.98,nan,₱0.00,"₱2,390.98","₱2,195.00"
77752,002-000034645,18/05/2026,20:20:46,5,Dine In,Walk-in,"₱3,870.00",₱345.54,nan,₱0.00,"₱4,215.54","₱3,870.00"
77751,002-000034644,18/05/2026,13:29:46,2,Dine In,Walk-in,"₱4,130.00",₱368.75,nan,₱0.00,"₱4,498.75","₱4,130.00"
77750,002-000034643,18/05/2026,20:46:02,6,Dine In,Walk-in,₱595.00,₱53.12,nan,₱0.00,₱648.12,₱595.00
77748,002-000034642,18/05/2026,17:32:08,2,Dine In,Walk-in,"₱1,750.00",₱156.25,nan,₱0.00,"₱1,906.25","₱1,750.00"
77746,002-000034641,18/05/2026,13:27:13,4,Dine In,Walk-in,₱690.00,₱61.61,nan,₱0.00,₱751.61,₱690.00
77745,002-000034640,18/05/2026,13:23:25,1,Dine In,Walk-in,"₱3,160.00",₱282.14,nan,₱0.00,"₱3,442.14","₱3,160.00"
77743,002-000034639,18/05/2026,18:19:39,2,Dine In,Walk-in,₱735.00,₱65.62,nan,₱0.00,₱800.62,₱735.00
77741,002-000034638,18/05/2026,18:18:14,3,Dine In,Walk-in,"₱2,355.00",₱210.27,nan,₱0.00,"₱2,565.27","₱2,355.00"
77739,002-000034637,18/05/2026,18:23:44,5,Dine In,Walk-in,"₱1,575.00",₱140.62,nan,₱0.00,"₱1,715.62","₱1,575.00"
77737,002-000034636,18/05/2026,11:33:18,1,Dine In,Walk-in,"₱1,280.00",₱114.29,nan,₱0.00,"₱1,394.29","₱1,280.00"
77734,002-000034635,18/05/2026,12:26:43,2,Dine In,Walk-in,"₱2,365.00",₱211.16,nan,₱0.00,"₱2,576.16","₱2,365.00"
77731,002-000034634,18/05/2026,12:03:02,4,Dine In,Walk-in,₱849.00,₱75.80,nan,₱0.00,₱924.80,₱849.00
77728,002-000034633,18/05/2026,12:13:52,4,Dine In,Walk-in,₱350.00,₱31.25,nan,₱0.00,₱381.25,₱350.00
77727,002-000034632,18/05/2026,19:06:22,5,Dine In,Walk-in,"₱1,205.00",₱107.59,nan,₱0.00,"₱1,312.59","₱1,205.00"
77723,002-000034631,18/05/2026,17:03:46,5,Dine In,Walk-in,"₱2,530.00",₱225.89,nan,₱0.00,"₱2,755.89","₱2,530.00"
77722,002-000034630,18/05/2026,12:54:56,3,Take Out,Walk-in,"₱3,415.00",₱304.91,nan,₱0.00,"₱3,719.91","₱3,415.00"
77720,002-000034629,17/05/2026,19:43:23,4,Dine In,Walk-in,₱565.00,₱50.45,nan,₱0.00,₱615.45,₱565.00
77717,002-000034628,17/05/2026,11:51:28,6,Dine In,Walk-in,"₱2,160.00",₱192.86,nan,₱0.00,"₱2,352.86","₱2,160.00"
77716,002-000034627,17/05/2026,19:06:06,6,Take Out,Walk-in,"₱2,794.00",₱249.46,nan,₱0.00,"₱3,043.46","₱2,794.00"
77713,002-000034626,17/05/2026,11:18:02,1,Dine In,Walk-in,₱630.00,₱56.25,nan,₱0.00,₱686.25,₱630.00
77711,002-000034625,17/05/2026,13:54:38,4,Dine In,Walk-in,₱455.00,₱40.62,nan,₱0.00,₱495.62,₱455.00
77708,002-000034624,17/05/2026,13:23:48,5,Dine In,Walk-in,₱915.00,₱81.70,nan,₱0.00,₱996.70,₱915.00
77706,002-000034623,17/05/2026,18:28:41,1,Dine In,Walk-in,"₱1,810.00",₱161.61,nan,₱0.00,"₱1,971.61","₱1,810.00"
77704,002-000034622,17/05/2026,11:13:31,5,Dine In,Walk-in,"₱5,220.00",₱466.07,nan,₱0.00,"₱5,686.07","₱5,220.00"
77701,002-000034621,17/05/2026,13:35:38,5,Dine In,Walk-in,"₱1,245.00",₱111.16,nan,₱0.00,"₱1,356.16","₱1,245.00"
77699,002-000034620,17/05/2026,18:11:07,3,Dine In,Walk-in,₱594.00,₱53.04,nan,₱0.00,₱647.04,₱594.00
77695,002-000034619,17/05/2026,12:10:27,3,Dine In,Walk-in,"₱1,645.00",₱146.87,nan,₱0.00,"₱1,791.87","₱1,645.00"
77691,002-000034618,17/05/2026,13:17:17,6,Dine In,Walk-in,"₱3,355.00",₱299.55,nan,₱0.00,"₱3,654.55","₱3,355.00"
77690,002-000034617,17/05/2026,18:40:33,3,Dine In,Walk-in,"₱2,450.00",₱218.75,nan,₱0.00,"₱2,668.75","₱2,450.00"
77688,002-000034616,17/05/2026,17:09:13,2,Dine In,Walk-in,"₱2,150.00",₱191.96,nan,₱0.00,"₱2,341.96","₱2,150.00"
77685,002-000034615,17/05/2026,11:07:44,5,Delivery,FoodPanda,"₱3,125.00",₱279.02,nan,₱0.00,"₱3,404.02","₱3,125.00"
77682,002-000034614,17/05/2026,18:14:16,2,Dine In,Walk-in,₱864.00,₱77.14,nan,₱0.00,₱941.14,₱864.00
77679,002-000034613,17/05/2026,20:12:35,4,Dine In,Walk-in,"₱3,103.00",₱277.05,nan,₱0.00,"₱3,380.05","₱3,103.00"
77676,002-000034612,17/05/2026,12:01:25,5,Dine In,Walk-in,"₱4,045.00",₱361.16,nan,₱0.00,"₱4,406.16","₱4,045.00"
77673,002-000034611,17/05/2026,20:07:56,1,Dine In,Walk-in,₱785.00,₱70.09,nan,₱0.00,₱855.09,₱785.00
77671,002-000034610,17/05/2026,18:54:19,5,Dine In,Walk-in,"₱1,249.00",₱111.52,nan,₱0.00,"₱1,360.52","₱1,249.00"
77669,002-000034609,17/05/2026,20:44:50,5,Dine In,Walk-in,₱610.00,₱54.46,nan,₱0.00,₱664.46,₱610.00
77668,002-000034608,17/05/2026,19:06:01,4,Dine In,Walk-in,₱770.00,₱68.75,nan,₱0.00,₱838.75,₱770.00
77666,002-000034607,17/05/2026,18:20:45,5,Dine In,Walk-in,"₱2,030.00",₱181.25,nan,₱0.00,"₱2,211.25","₱2,030.00"
77665,002-000034606,17/05/2026,20:34:40,3,Dine In,Walk-in,"₱4,240.00",₱378.57,nan,₱0.00,"₱4,618.57","₱4,240.00"
77664,002-000034605,16/05/2026,13:05:14,5,Dine In,Walk-in,₱875.00,₱78.12,nan,₱0.00,₱953.12,₱875.00
77662,002-000034604,16/05/2026,19:20:29,1,Dine In,Walk-in,"₱1,340.00",₱119.64,nan,₱0.00,"₱1,459.64","₱1,340.00"
77661,002-000034603,16/05/2026,11:13:12,5,Dine In,Walk-in,"₱1,975.00",₱176.34,nan,₱0.00,"₱2,151.34","₱1,975.00"
77657,002-000034602,16/05/2026,11:33:54,2,Dine In,Walk-in,"₱2,935.00",₱262.05,nan,₱0.00,"₱3,197.05","₱2,935.00"
77654,002-000034601,16/05/2026,11:00:14,1,Dine In,Walk-in,"₱2,195.00",₱195.98,nan,₱0.00,"₱2,390.98","₱2,195.00"
77651,002-000034600,16/05/2026,18:34:28,2,Dine In,Walk-in,"₱2,235.00",₱199.55,nan,₱0.00,"₱2,434.55","₱2,235.00"
77649,002-000034599,16/05/2026,18:25:44,5,Dine In,Walk-in,₱835.00,₱74.55,nan,₱0.00,₱909.55,₱835.00
77648,002-000034598,16/05/2026,19:36:18,6,Dine In,Walk-in,"₱1,555.00",₱138.84,nan,₱0.00,"₱1,693.84","₱1,555.00"
77647,002-000034597,16/05/2026,17:04:18,5,Delivery,FoodPanda,₱495.00,₱44.20,Senior Citizen,₱99.00,₱440.20,₱495.00
77644,002-000034596,16/05/2026,11:09:50,2,Dine In,Walk-in,₱970.00,₱86.61,nan,₱0.00,"₱1,056.61",₱970.00
77641,002-000034595,16/05/2026,12:57:11,3,Dine In,Walk-in,"₱2,320.00",₱207.14,nan,₱0.00,"₱2,527.14","₱2,320.00"
77640,002-000034594,16/05/2026,18:03:34,5,Dine In,Walk-in,"₱1,205.00",₱107.59,nan,₱0.00,"₱1,312.59","₱1,205.00"
77636,002-000034593,16/05/2026,17:26:59,6,Dine In,Walk-in,"₱2,065.00",₱184.37,nan,₱0.00,"₱2,249.37","₱2,065.00"
77632,002-000034592,16/05/2026,18:09:24,1,Dine In,Walk-in,"₱6,465.00",₱577.23,nan,₱0.00,"₱7,042.23","₱6,465.00"
77629,002-000034591,16/05/2026,12:34:52,3,Dine In,Walk-in,₱870.00,₱77.68,nan,₱0.00,₱947.68,₱870.00
77625,002-000034590,16/05/2026,19:09:08,6,Dine In,Walk-in,"₱2,600.00",₱232.14,nan,₱0.00,"₱2,832.14","₱2,600.00"
77623,002-000034589,16/05/2026,19:07:52,3,Dine In,Walk-in,"₱1,080.00",₱96.43,nan,₱0.00,"₱1,176.43","₱1,080.00"
77534,002-000034588,15/05/2026,11:48:44,5,Dine In,Walk-in,₱770.00,₱68.75,nan,₱0.00,₱838.75,₱770.00
77530,002-000034587,15/05/2026,18:17:08,2,Dine In,Walk-in,"₱2,330.00",₱208.04,nan,₱0.00,"₱2,538.04","₱2,330.00"
77526,002-000034586,15/05/2026,11:32:16,2,Dine In,Walk-in,"₱3,355.00",₱299.55,nan,₱0.00,"₱3,654.55","₱3,355.00"
77525,002-000034585,15/05/2026,20:53:57,1,Dine In,Walk-in,"₱2,215.00",₱197.77,nan,₱0.00,"₱2,412.77","₱2,215.00"
77522,002-000034584,15/05/2026,12:43:31,1,Dine In,Walk-in,"₱1,140.00",₱101.79,nan,₱0.00,"₱1,241.79","₱1,140.00"
77518,002-000034583,15/05/2026,13:03:47,3,Dine In,Walk-in,"₱2,200.00",₱196.43,nan,₱0.00,"₱2,396.43","₱2,200.00"
77514,002-000034582,15/05/2026,13:19:12,4,Dine In,Walk-in,"₱4,055.00",₱362.05,nan,₱0.00,"₱4,417.05","₱4,055.00"
77512,002-000034581,15/05/2026,20:02:52,4,Dine In,Walk-in,₱795.00,₱70.98,nan,₱0.00,₱865.98,₱795.00
77511,002-000034580,15/05/2026,17:21:54,2,Dine In,Walk-in,₱705.00,₱62.95,nan,₱0.00,₱767.95,₱705.00
77509,002-000034579,15/05/2026,19:01:17,6,Dine In,Walk-in,₱398.00,₱35.54,nan,₱0.00,₱433.54,₱398.00
77508,002-000034578,15/05/2026,19:31:00,1,Dine In,Walk-in,"₱1,740.00",₱155.36,nan,₱0.00,"₱1,895.36","₱1,740.00"
77507,002-000034577,15/05/2026,19:01:31,5,Dine In,Walk-in,"₱1,118.00",₱99.82,nan,₱0.00,"₱1,217.82","₱1,118.00"
77505,002-000034576,15/05/2026,20:12:16,5,Dine In,Walk-in,"₱2,778.00",₱248.04,nan,₱0.00,"₱3,026.04","₱2,778.00"
77501,002-000034575,15/05/2026,17:05:22,4,Delivery,FoodPanda,₱920.00,₱82.14,nan,₱0.00,"₱1,002.14",₱920.00
77499,002-000034574,15/05/2026,13:37:15,5,Dine In,Walk-in,"₱1,975.00",₱176.34,nan,₱0.00,"₱2,151.34","₱1,975.00"
77497,002-000034573,15/05/2026,13:27:51,5,Dine In,Walk-in,₱630.00,₱56.25,nan,₱0.00,₱686.25,₱630.00
77493,002-000034572,15/05/2026,18:26:03,6,Dine In,Walk-in,₱340.00,₱30.36,nan,₱0.00,₱370.36,₱340.00
77491,002-000034571,15/05/2026,11:04:08,3,Dine In,Walk-in,"₱1,400.00",₱125.00,nan,₱0.00,"₱1,525.00","₱1,400.00"
77489,002-000034570,14/05/2026,20:04:02,5,Dine In,Walk-in,"₱1,535.00",₱137.05,nan,₱0.00,"₱1,672.05","₱1,535.00"
77486,002-000034569,14/05/2026,19:51:34,3,Dine In,Walk-in,"₱1,090.00",₱97.32,nan,₱0.00,"₱1,187.32","₱1,090.00"
77483,002-000034568,14/05/2026,18:35:39,4,Delivery,FoodPanda,₱375.00,₱33.48,nan,₱0.00,₱408.48,₱375.00
77479,002-000034567,14/05/2026,20:37:20,6,Dine In,Walk-in,"₱1,786.00",₱159.46,nan,₱0.00,"₱1,945.46","₱1,786.00"
77477,002-000034566,14/05/2026,13:41:16,2,Dine In,Walk-in,₱900.00,₱80.36,nan,₱0.00,₱980.36,₱900.00
77473,002-000034565,14/05/2026,20:23:19,5,Take Out,Walk-in,"₱1,190.00",₱106.25,nan,₱0.00,"₱1,296.25","₱1,190.00"
77472,002-000034564,14/05/2026,20:25:01,1,Dine In,Walk-in,"₱1,560.00",₱139.29,nan,₱0.00,"₱1,699.29","₱1,560.00"
77469,002-000034563,14/05/2026,19:01:40,3,Dine In,Walk-in,"₱3,360.00",₱300.00,nan,₱0.00,"₱3,660.00","₱3,360.00"
77467,002-000034562,14/05/2026,19:52:46,1,Dine In,Walk-in,"₱1,155.00",₱103.12,nan,₱0.00,"₱1,258.12","₱1,155.00"
77464,002-000034561,14/05/2026,13:53:30,3,Take Out,Walk-in,"₱2,195.00",₱195.98,nan,₱0.00,"₱2,390.98","₱2,195.00"
77461,002-000034560,14/05/2026,12:47:10,2,Dine In,Walk-in,"₱2,050.00",₱183.04,nan,₱0.00,"₱2,233.04","₱2,050.00"
77459,002-000034559,14/05/2026,11:06:34,3,Dine In,Walk-in,"₱2,070.00",₱184.82,nan,₱0.00,"₱2,254.82","₱2,070.00"
77457,002-000034558,14/05/2026,20:45:50,5,Dine In,Walk-in,"₱1,755.00",₱156.70,nan,₱0.00,"₱1,911.70","₱1,755.00"
77456,002-000034557,14/05/2026,17:31:36,6,Dine In,Walk-in,"₱4,065.00",₱362.95,nan,₱0.00,"₱4,427.95","₱4,065.00"
77454,002-000034556,14/05/2026,17:21:19,4,Dine In,Walk-in,"₱2,490.00",₱222.32,nan,₱0.00,"₱2,712.32","₱2,490.00"
77452,002-000034555,14/05/2026,18:26:26,6,Dine In,Walk-in,"₱3,190.00",₱284.82,nan,₱0.00,"₱3,474.82","₱3,190.00"
77450,002-000034554,14/05/2026,17:31:04,1,Dine In,Walk-in,₱915.00,₱81.70,nan,₱0.00,₱996.70,₱915.00
77449,002-000034553,13/05/2026,11:52:10,6,Dine In,Walk-in,"₱1,690.00",₱150.89,nan,₱0.00,"₱1,840.89","₱1,690.00"
77445,002-000034552,13/05/2026,20:32:37,4,Dine In,Walk-in,"₱2,605.00",₱232.59,nan,₱0.00,"₱2,837.59","₱2,605.00"
77441,002-000034551,13/05/2026,18:10:43,4,Dine In,Walk-in,₱239.00,₱21.34,nan,₱0.00,₱260.34,₱239.00
77439,002-000034550,13/05/2026,12:21:40,3,Dine In,Walk-in,₱950.00,₱84.82,Senior Citizen,₱190.00,₱844.82,₱950.00
77435,002-000034549,13/05/2026,11:49:53,1,Dine In,Walk-in,₱395.00,₱35.27,Senior Citizen,₱79.00,₱351.27,₱395.00
77432,002-000034548,13/05/2026,20:34:05,3,Dine In,Walk-in,"₱1,245.00",₱111.16,nan,₱0.00,"₱1,356.16","₱1,245.00"
77430,002-000034547,13/05/2026,11:16:42,6,Dine In,Walk-in,₱730.00,₱65.18,nan,₱0.00,₱795.18,₱730.00
77429,002-000034546,13/05/2026,11:48:25,4,Dine In,Walk-in,"₱1,940.00",₱173.21,nan,₱0.00,"₱2,113.21","₱1,940.00"
77427,002-000034545,13/05/2026,11:26:08,6,Dine In,Walk-in,₱874.00,₱78.04,nan,₱0.00,₱952.04,₱874.00
77424,002-000034544,13/05/2026,19:46:03,5,Take Out,Walk-in,₱790.00,₱70.54,nan,₱0.00,₱860.54,₱790.00
77420,002-000034543,13/05/2026,11:12:49,5,Dine In,Walk-in,"₱1,205.00",₱107.59,nan,₱0.00,"₱1,312.59","₱1,205.00"
77418,002-000034542,13/05/2026,11:53:10,5,Dine In,Walk-in,"₱1,440.00",₱128.57,nan,₱0.00,"₱1,568.57","₱1,440.00"
77416,002-000034541,13/05/2026,18:03:16,1,Dine In,Walk-in,"₱1,160.00",₱103.57,nan,₱0.00,"₱1,263.57","₱1,160.00"
77414,002-000034540,13/05/2026,18:24:56,2,Dine In,Walk-in,₱480.00,₱42.86,nan,₱0.00,₱522.86,₱480.00
77410,002-000034539,13/05/2026,19:46:39,5,Dine In,Walk-in,"₱1,635.00",₱145.98,nan,₱0.00,"₱1,780.98","₱1,635.00"
77408,002-000034538,13/05/2026,19:58:11,5,Dine In,Walk-in,"₱2,465.00",₱220.09,nan,₱0.00,"₱2,685.09","₱2,465.00"
77405,002-000034537,12/05/2026,17:40:18,4,Dine In,Walk-in,₱790.00,₱70.54,nan,₱0.00,₱860.54,₱790.00
77403,002-000034536,12/05/2026,20:20:26,2,Dine In,Walk-in,"₱3,103.00",₱277.05,nan,₱0.00,"₱3,380.05","₱3,103.00"
77399,002-000034535,12/05/2026,11:43:48,5,Dine In,Walk-in,₱480.00,₱42.86,nan,₱0.00,₱522.86,₱480.00
77397,002-000034534,12/05/2026,12:42:04,1,Dine In,Walk-in,₱185.00,₱16.52,nan,₱0.00,₱201.52,₱185.00
77396,002-000034533,12/05/2026,12:31:10,5,Dine In,Walk-in,"₱1,210.00",₱108.04,nan,₱0.00,"₱1,318.04","₱1,210.00"
77394,002-000034532,12/05/2026,12:01:57,2,Delivery,FoodPanda,₱635.00,₱56.70,nan,₱0.00,₱691.70,₱635.00
77393,002-000034531,12/05/2026,11:14:08,1,Dine In,Walk-in,"₱2,040.00",₱182.14,nan,₱0.00,"₱2,222.14","₱2,040.00"
77391,002-000034530,12/05/2026,11:15:33,5,Dine In,Walk-in,₱260.00,₱23.21,nan,₱0.00,₱283.21,₱260.00
77389,002-000034529,12/05/2026,17:18:14,5,Dine In,Walk-in,₱850.00,₱75.89,nan,₱0.00,₱925.89,₱850.00
77388,002-000034528,12/05/2026,11:07:00,2,Dine In,Walk-in,"₱1,345.00",₱120.09,nan,₱0.00,"₱1,465.09","₱1,345.00"
77386,002-000034527,12/05/2026,18:20:02,1,Dine In,Walk-in,₱398.00,₱35.54,nan,₱0.00,₱433.54,₱398.00
77382,002-000034526,12/05/2026,12:35:51,1,Dine In,Walk-in,"₱1,230.00",₱109.82,nan,₱0.00,"₱1,339.82","₱1,230.00"
77380,002-000034525,12/05/2026,19:27:20,1,Dine In,Walk-in,"₱2,665.00",₱237.95,nan,₱0.00,"₱2,902.95","₱2,665.00"
77379,002-000034524,12/05/2026,11:27:04,2,Dine In,Walk-in,"₱3,805.00",₱339.73,nan,₱0.00,"₱4,144.73","₱3,805.00"
77378,002-000034523,12/05/2026,13:23:13,5,Dine In,Walk-in,"₱2,819.00",₱251.70,PWD,₱563.80,"₱2,506.90","₱2,819.00"
77374,002-000034522,12/05/2026,17:13:28,3,Dine In,Walk-in,"₱1,730.00",₱154.46,nan,₱0.00,"₱1,884.46","₱1,730.00"
77371,002-000034521,12/05/2026,20:36:56,4,Dine In,Walk-in,"₱1,810.00",₱161.61,nan,₱0.00,"₱1,971.61","₱1,810.00"
77368,002-000034520,11/05/2026,13:21:56,5,Dine In,Walk-in,"₱1,950.00",₱174.11,nan,₱0.00,"₱2,124.11","₱1,950.00"
77365,002-000034519,11/05/2026,19:57:54,3,Dine In,Walk-in,₱985.00,₱87.95,nan,₱0.00,"₱1,072.95",₱985.00
77362,002-000034518,11/05/2026,17:25:52,6,Take Out,Walk-in,₱20.00,₱1.79,nan,₱0.00,₱21.79,₱20.00
77359,002-000034517,11/05/2026,18:11:42,2,Dine In,Walk-in,"₱1,030.00",₱91.96,nan,₱0.00,"₱1,121.96","₱1,030.00"
77357,002-000034516,11/05/2026,20:21:22,1,Dine In,Walk-in,"₱1,780.00",₱158.93,nan,₱0.00,"₱1,938.93","₱1,780.00"
77354,002-000034515,11/05/2026,19:33:22,4,Dine In,Walk-in,₱585.00,₱52.23,nan,₱0.00,₱637.23,₱585.00
77350,002-000034514,11/05/2026,18:11:20,2,Dine In,Walk-in,₱710.00,₱63.39,nan,₱0.00,₱773.39,₱710.00
77348,002-000034513,11/05/2026,19:59:07,1,Dine In,Walk-in,"₱1,675.00",₱149.55,nan,₱0.00,"₱1,824.55","₱1,675.00"
77346,002-000034512,11/05/2026,17:19:49,5,Dine In,Walk-in,"₱2,685.00",₱239.73,nan,₱0.00,"₱2,924.73","₱2,685.00"
77344,002-000034511,11/05/2026,13:29:06,3,Dine In,Walk-in,"₱2,845.00",₱254.02,nan,₱0.00,"₱3,099.02","₱2,845.00"
77342,002-000034510,11/05/2026,13:40:44,3,Dine In,Walk-in,"₱1,950.00",₱174.11,nan,₱0.00,"₱2,124.11","₱1,950.00"
77338,002-000034509,11/05/2026,20:58:08,4,Dine In,Walk-in,"₱2,740.00",₱244.64,nan,₱0.00,"₱2,984.64","₱2,740.00"
77334,002-000034508,11/05/2026,17:24:32,3,Dine In,Walk-in,"₱1,915.00",₱170.98,nan,₱0.00,"₱2,085.98","₱1,915.00"
77333,002-000034507,11/05/2026,12:13:34,5,Dine In,Walk-in,"₱1,868.00",₱166.79,nan,₱0.00,"₱2,034.79","₱1,868.00"
77330,002-000034506,11/05/2026,19:02:10,1,Dine In,Walk-in,₱830.00,₱74.11,nan,₱0.00,₱904.11,₱830.00
77328,002-000034505,11/05/2026,19:17:39,2,Dine In,Walk-in,"₱1,895.00",₱169.20,nan,₱0.00,"₱2,064.20","₱1,895.00"
77325,002-000034504,11/05/2026,19:29:07,1,Dine In,Walk-in,₱770.00,₱68.75,nan,₱0.00,₱838.75,₱770.00
77323,002-000034503,11/05/2026,13:25:29,4,Dine In,Walk-in,₱585.00,₱52.23,nan,₱0.00,₱637.23,₱585.00
77214,002-000034502,10/05/2026,13:49:08,3,Take Out,Walk-in,"₱2,275.00",₱203.12,nan,₱0.00,"₱2,478.12","₱2,275.00"
77213,002-000034501,10/05/2026,17:07:18,1,Dine In,Walk-in,"₱1,700.00",₱151.79,nan,₱0.00,"₱1,851.79","₱1,700.00"
77211,002-000034500,10/05/2026,11:19:58,5,Dine In,Walk-in,"₱3,635.00",₱324.55,nan,₱0.00,"₱3,959.55","₱3,635.00"
77210,002-000034499,10/05/2026,13:22:54,4,Dine In,Walk-in,₱580.00,₱51.79,nan,₱0.00,₱631.79,₱580.00
77206,002-000034498,10/05/2026,18:54:15,2,Dine In,Walk-in,"₱1,200.00",₱107.14,nan,₱0.00,"₱1,307.14","₱1,200.00"
77202,002-000034497,10/05/2026,18:30:13,2,Delivery,FoodPanda,"₱1,980.00",₱176.79,nan,₱0.00,"₱2,156.79","₱1,980.00"
77200,002-000034496,10/05/2026,18:43:20,4,Dine In,Walk-in,"₱1,963.00",₱175.27,nan,₱0.00,"₱2,138.27","₱1,963.00"
77198,002-000034495,10/05/2026,13:54:47,3,Dine In,Walk-in,"₱2,070.00",₱184.82,nan,₱0.00,"₱2,254.82","₱2,070.00"
77197,002-000034494,10/05/2026,12:34:46,2,Dine In,Walk-in,"₱1,685.00",₱150.45,nan,₱0.00,"₱1,835.45","₱1,685.00"
77196,002-000034493,10/05/2026,17:24:44,5,Dine In,Walk-in,"₱1,860.00",₱166.07,nan,₱0.00,"₱2,026.07","₱1,860.00"
77194,002-000034492,10/05/2026,12:07:39,2,Dine In,Walk-in,"₱2,260.00",₱201.79,nan,₱0.00,"₱2,461.79","₱2,260.00"
77192,002-000034491,10/05/2026,13:29:18,5,Dine In,Walk-in,₱655.00,₱58.48,nan,₱0.00,₱713.48,₱655.00
77188,002-000034490,10/05/2026,13:01:44,2,Dine In,Walk-in,₱945.00,₱84.37,nan,₱0.00,"₱1,029.37",₱945.00
77186,002-000034489,10/05/2026,20:44:47,3,Dine In,Walk-in,"₱5,370.00",₱479.46,nan,₱0.00,"₱5,849.46","₱5,370.00"
77184,002-000034488,10/05/2026,18:17:27,4,Dine In,Walk-in,₱650.00,₱58.04,nan,₱0.00,₱708.04,₱650.00
77182,002-000034487,10/05/2026,19:19:11,4,Dine In,Walk-in,"₱2,450.00",₱218.75,nan,₱0.00,"₱2,668.75","₱2,450.00"
77181,002-000034486,10/05/2026,18:01:21,6,Dine In,Walk-in,"₱1,465.00",₱130.80,nan,₱0.00,"₱1,595.80","₱1,465.00"
77177,002-000034485,10/05/2026,17:55:57,2,Dine In,Walk-in,"₱1,404.00",₱125.36,nan,₱0.00,"₱1,529.36","₱1,404.00"
77174,002-000034484,10/05/2026,19:01:16,1,Dine In,Walk-in,₱690.00,₱61.61,nan,₱0.00,₱751.61,₱690.00
77172,002-000034483,10/05/2026,20:49:20,3,Dine In,Walk-in,"₱1,780.00",₱158.93,nan,₱0.00,"₱1,938.93","₱1,780.00"
77170,002-000034482,10/05/2026,11:02:59,3,Dine In,Walk-in,"₱6,335.00",₱565.62,nan,₱0.00,"₱6,900.62","₱6,335.00"
77167,002-000034481,10/05/2026,18:26:06,4,Dine In,Walk-in,₱440.00,₱39.29,nan,₱0.00,₱479.29,₱440.00
77163,002-000034480,10/05/2026,17:11:32,6,Dine In,Walk-in,₱150.00,₱13.39,nan,₱0.00,₱163.39,₱150.00
77162,002-000034479,10/05/2026,20:12:35,2,Dine In,Walk-in,"₱2,190.00",₱195.54,nan,₱0.00,"₱2,385.54","₱2,190.00"
77160,002-000034478,09/05/2026,20:04:32,2,Dine In,Walk-in,"₱1,265.00",₱112.95,nan,₱0.00,"₱1,377.95","₱1,265.00"
77158,002-000034477,09/05/2026,20:05:57,5,Dine In,Walk-in,₱754.00,₱67.32,nan,₱0.00,₱821.32,₱754.00
77154,002-000034476,09/05/2026,11:20:36,2,Dine In,Walk-in,"₱1,290.00",₱115.18,nan,₱0.00,"₱1,405.18","₱1,290.00"
77152,002-000034475,09/05/2026,11:29:22,2,Dine In,Walk-in,"₱1,150.00",₱102.68,nan,₱0.00,"₱1,252.68","₱1,150.00"
77149,002-000034474,09/05/2026,20:39:22,1,Dine In,Walk-in,₱895.00,₱79.91,Employee Discount,₱179.00,₱795.91,₱895.00
77147,002-000034473,09/05/2026,13:03:52,4,Dine In,Walk-in,₱895.00,₱79.91,nan,₱0.00,₱974.91,₱895.00
77144,002-000034472,09/05/2026,11:33:47,4,Dine In,Walk-in,"₱2,508.00",₱223.93,nan,₱0.00,"₱2,731.93","₱2,508.00"
77143,002-000034471,09/05/2026,13:29:05,5,Dine In,Walk-in,"₱1,885.00",₱168.30,nan,₱0.00,"₱2,053.30","₱1,885.00"
77141,002-000034470,09/05/2026,19:30:31,1,Dine In,Walk-in,₱770.00,₱68.75,nan,₱0.00,₱838.75,₱770.00
77140,002-000034469,09/05/2026,19:43:30,5,Dine In,Walk-in,"₱1,150.00",₱102.68,nan,₱0.00,"₱1,252.68","₱1,150.00"
77137,002-000034468,09/05/2026,11:46:21,6,Delivery,FoodPanda,"₱1,435.00",₱128.12,PWD,₱287.00,"₱1,276.12","₱1,435.00"
77135,002-000034467,09/05/2026,11:06:44,5,Dine In,Walk-in,"₱1,870.00",₱166.96,nan,₱0.00,"₱2,036.96","₱1,870.00"
77131,002-000034466,09/05/2026,20:24:02,5,Dine In,Walk-in,"₱3,341.00",₱298.30,nan,₱0.00,"₱3,639.30","₱3,341.00"
77128,002-000034465,09/05/2026,20:58:59,6,Dine In,Walk-in,"₱1,085.00",₱96.87,nan,₱0.00,"₱1,181.87","₱1,085.00"
77126,002-000034464,09/05/2026,17:12:29,3,Dine In,Walk-in,"₱1,550.00",₱138.39,Employee Discount,₱310.00,"₱1,378.39","₱1,550.00"
77123,002-000034463,09/05/2026,20:14:27,3,Dine In,Walk-in,"₱1,425.00",₱127.23,nan,₱0.00,"₱1,552.23","₱1,425.00"
77120,002-000034462,09/05/2026,13:50:39,6,Dine In,Walk-in,"₱1,505.00",₱134.37,nan,₱0.00,"₱1,639.37","₱1,505.00"
77119,002-000034461,09/05/2026,18:43:42,3,Dine In,Walk-in,"₱1,585.00",₱141.52,nan,₱0.00,"₱1,726.52","₱1,585.00"
77117,002-000034460,09/05/2026,19:24:09,4,Dine In,Walk-in,₱920.00,₱82.14,nan,₱0.00,"₱1,002.14",₱920.00
77114,002-000034459,09/05/2026,17:55:19,6,Dine In,Walk-in,₱885.00,₱79.02,nan,₱0.00,₱964.02,₱885.00
77112,002-000034458,09/05/2026,13:18:51,6,Dine In,Walk-in,"₱1,285.00",₱114.73,nan,₱0.00,"₱1,399.73","₱1,285.00"
77110,002-000034457,09/05/2026,18:48:23,2,Dine In,Walk-in,₱365.00,₱32.59,nan,₱0.00,₱397.59,₱365.00
77109,002-000034456,09/05/2026,12:41:53,4,Dine In,Walk-in,"₱1,715.00",₱153.12,nan,₱0.00,"₱1,868.12","₱1,715.00"
77108,002-000034455,09/05/2026,18:35:02,1,Dine In,Walk-in,"₱1,990.00",₱177.68,nan,₱0.00,"₱2,167.68","₱1,990.00"
77107,002-000034454,09/05/2026,18:07:28,2,Dine In,Walk-in,₱975.00,₱87.05,nan,₱0.00,"₱1,062.05",₱975.00
77105,002-000034453,08/05/2026,17:24:11,3,Dine In,Walk-in,"₱2,710.00",₱241.96,nan,₱0.00,"₱2,951.96","₱2,710.00"
77103,002-000034452,08/05/2026,19:20:49,3,Dine In,Walk-in,"₱1,825.00",₱162.95,nan,₱0.00,"₱1,987.95","₱1,825.00"
77100,002-000034451,08/05/2026,13:48:13,4,Dine In,Walk-in,"₱1,880.00",₱167.86,nan,₱0.00,"₱2,047.86","₱1,880.00"
77098,002-000034450,08/05/2026,18:29:13,3,Dine In,Walk-in,₱760.00,₱67.86,nan,₱0.00,₱827.86,₱760.00
77096,002-000034449,08/05/2026,12:00:28,1,Dine In,Walk-in,"₱1,580.00",₱141.07,nan,₱0.00,"₱1,721.07","₱1,580.00"
77095,002-000034448,08/05/2026,17:28:24,5,Dine In,Walk-in,"₱2,725.00",₱243.30,nan,₱0.00,"₱2,968.30","₱2,725.00"
77093,002-000034447,08/05/2026,20:33:20,5,Dine In,Walk-in,"₱1,050.00",₱93.75,nan,₱0.00,"₱1,143.75","₱1,050.00"
77089,002-000034446,08/05/2026,12:57:52,5,Dine In,Walk-in,"₱1,185.00",₱105.80,nan,₱0.00,"₱1,290.80","₱1,185.00"
77086,002-000034445,08/05/2026,17:57:10,3,Take Out,Walk-in,"₱3,185.00",₱284.37,Senior Citizen,₱637.00,"₱2,832.37","₱3,185.00"
77085,002-000034444,08/05/2026,13:40:50,2,Dine In,Walk-in,₱380.00,₱33.93,nan,₱0.00,₱413.93,₱380.00
77083,002-000034443,08/05/2026,13:19:10,4,Dine In,Walk-in,₱500.00,₱44.64,nan,₱0.00,₱544.64,₱500.00
77079,002-000034442,08/05/2026,11:37:55,3,Dine In,Walk-in,₱675.00,₱60.27,nan,₱0.00,₱735.27,₱675.00
77078,002-000034441,08/05/2026,12:45:02,3,Dine In,Walk-in,"₱1,720.00",₱153.57,nan,₱0.00,"₱1,873.57","₱1,720.00"
77075,002-000034440,08/05/2026,19:19:25,6,Dine In,Walk-in,"₱1,575.00",₱140.62,nan,₱0.00,"₱1,715.62","₱1,575.00"
77073,002-000034439,08/05/2026,12:41:01,5,Dine In,Walk-in,"₱1,955.00",₱174.55,nan,₱0.00,"₱2,129.55","₱1,955.00"
77070,002-000034438,08/05/2026,12:30:54,2,Dine In,Walk-in,"₱1,625.00",₱145.09,nan,₱0.00,"₱1,770.09","₱1,625.00"
77067,002-000034437,07/05/2026,17:06:54,5,Take Out,Walk-in,"₱1,015.00",₱90.62,nan,₱0.00,"₱1,105.62","₱1,015.00"
77066,002-000034436,07/05/2026,13:46:12,4,Dine In,Walk-in,"₱2,225.00",₱198.66,nan,₱0.00,"₱2,423.66","₱2,225.00"
77062,002-000034435,07/05/2026,17:32:47,2,Dine In,Walk-in,"₱1,170.00",₱104.46,nan,₱0.00,"₱1,274.46","₱1,170.00"
77060,002-000034434,07/05/2026,20:10:05,5,Dine In,Walk-in,"₱2,560.00",₱228.57,nan,₱0.00,"₱2,788.57","₱2,560.00"
77056,002-000034433,07/05/2026,17:32:12,1,Dine In,Walk-in,"₱3,205.00",₱286.16,nan,₱0.00,"₱3,491.16","₱3,205.00"
77053,002-000034432,07/05/2026,17:58:43,3,Dine In,Walk-in,₱660.00,₱58.93,nan,₱0.00,₱718.93,₱660.00
77050,002-000034431,07/05/2026,11:41:55,4,Dine In,Walk-in,"₱2,970.00",₱265.18,nan,₱0.00,"₱3,235.18","₱2,970.00"
77048,002-000034430,07/05/2026,13:12:51,1,Dine In,Walk-in,"₱1,815.00",₱162.05,nan,₱0.00,"₱1,977.05","₱1,815.00"
77047,002-000034429,07/05/2026,19:26:07,2,Dine In,Walk-in,"₱1,945.00",₱173.66,nan,₱0.00,"₱2,118.66","₱1,945.00"
77046,002-000034428,07/05/2026,18:32:29,1,Dine In,Walk-in,"₱2,020.00",₱180.36,nan,₱0.00,"₱2,200.36","₱2,020.00"
77042,002-000034427,07/05/2026,13:27:20,4,Dine In,Walk-in,₱655.00,₱58.48,nan,₱0.00,₱713.48,₱655.00
77040,002-000034426,07/05/2026,13:04:46,5,Dine In,Walk-in,"₱3,220.00",₱287.50,nan,₱0.00,"₱3,507.50","₱3,220.00"
77038,002-000034425,07/05/2026,19:04:57,1,Take Out,Walk-in,₱485.00,₱43.30,nan,₱0.00,₱528.30,₱485.00
77037,002-000034424,07/05/2026,19:02:47,6,Dine In,Walk-in,₱250.00,₱22.32,nan,₱0.00,₱272.32,₱250.00
77036,002-000034423,07/05/2026,11:24:53,2,Dine In,Walk-in,₱380.00,₱33.93,nan,₱0.00,₱413.93,₱380.00
77032,002-000034422,07/05/2026,19:41:07,6,Dine In,Walk-in,₱890.00,₱79.46,nan,₱0.00,₱969.46,₱890.00
77030,002-000034421,07/05/2026,11:36:48,6,Dine In,Walk-in,₱855.00,₱76.34,nan,₱0.00,₱931.34,₱855.00
77026,002-000034420,07/05/2026,19:41:41,4,Dine In,Walk-in,"₱1,330.00",₱118.75,nan,₱0.00,"₱1,448.75","₱1,330.00"
77025,002-000034419,06/05/2026,12:44:21,5,Dine In,Walk-in,₱795.00,₱70.98,nan,₱0.00,₱865.98,₱795.00
77023,002-000034418,06/05/2026,19:04:26,5,Dine In,Walk-in,₱845.00,₱75.45,nan,₱0.00,₱920.45,₱845.00
77019,002-000034417,06/05/2026,13:36:11,6,Dine In,Walk-in,"₱1,555.00",₱138.84,nan,₱0.00,"₱1,693.84","₱1,555.00"
77016,002-000034416,06/05/2026,12:09:13,6,Dine In,Walk-in,₱655.00,₱58.48,nan,₱0.00,₱713.48,₱655.00
77015,002-000034415,06/05/2026,18:56:30,3,Dine In,Walk-in,₱900.00,₱80.36,nan,₱0.00,₱980.36,₱900.00
77012,002-000034414,06/05/2026,12:02:43,2,Dine In,Walk-in,₱823.00,₱73.48,nan,₱0.00,₱896.48,₱823.00
77010,002-000034413,06/05/2026,11:53:50,1,Dine In,Walk-in,"₱3,410.00",₱304.46,nan,₱0.00,"₱3,714.46","₱3,410.00"
77007,002-000034412,06/05/2026,13:48:08,4,Dine In,Walk-in,"₱1,895.00",₱169.20,nan,₱0.00,"₱2,064.20","₱1,895.00"
77005,002-000034411,06/05/2026,12:40:33,5,Dine In,Walk-in,"₱1,755.00",₱156.70,nan,₱0.00,"₱1,911.70","₱1,755.00"
77002,002-000034410,06/05/2026,13:05:07,2,Dine In,Walk-in,"₱1,725.00",₱154.02,nan,₱0.00,"₱1,879.02","₱1,725.00"
77000,002-000034409,06/05/2026,20:45:21,5,Dine In,Walk-in,₱280.00,₱25.00,nan,₱0.00,₱305.00,₱280.00
76996,002-000034408,06/05/2026,17:38:40,2,Dine In,Walk-in,"₱1,215.00",₱108.48,nan,₱0.00,"₱1,323.48","₱1,215.00"
76995,002-000034407,06/05/2026,18:42:29,2,Dine In,Walk-in,"₱1,455.00",₱129.91,nan,₱0.00,"₱1,584.91","₱1,455.00"
76992,002-000034406,06/05/2026,20:02:07,5,Delivery,FoodPanda,"₱2,930.00",₱261.61,nan,₱0.00,"₱3,191.61","₱2,930.00"
76988,002-000034405,06/05/2026,11:28:47,3,Take Out,Walk-in,"₱1,545.00",₱137.95,nan,₱0.00,"₱1,682.95","₱1,545.00"
76987,002-000034404,06/05/2026,12:04:12,6,Dine In,Walk-in,₱985.00,₱87.95,Senior Citizen,₱197.00,₱875.95,₱985.00
76983,002-000034403,06/05/2026,13:38:46,1,Take Out,Walk-in,"₱3,840.00",₱342.86,nan,₱0.00,"₱4,182.86","₱3,840.00"
76864,002-000034402,05/05/2026,12:51:00,5,Dine In,Walk-in,"₱1,170.00",₱104.46,nan,₱0.00,"₱1,274.46","₱1,170.00"
76861,002-000034401,05/05/2026,19:11:26,5,Dine In,Walk-in,"₱1,465.00",₱130.80,Employee Discount,₱293.00,"₱1,302.80","₱1,465.00"
76859,002-000034400,05/05/2026,11:43:57,2,Dine In,Walk-in,₱830.00,₱74.11,nan,₱0.00,₱904.11,₱830.00
76858,002-000034399,05/05/2026,12:24:03,3,Dine In,Walk-in,"₱4,385.00",₱391.52,nan,₱0.00,"₱4,776.52","₱4,385.00"
76856,002-000034398,05/05/2026,11:21:03,3,Dine In,Walk-in,₱830.00,₱74.11,nan,₱0.00,₱904.11,₱830.00
76853,002-000034397,05/05/2026,18:01:48,2,Dine In,Walk-in,"₱1,650.00",₱147.32,PWD,₱330.00,"₱1,467.32","₱1,650.00"
76851,002-000034396,05/05/2026,20:42:33,6,Dine In,Walk-in,"₱2,205.00",₱196.87,nan,₱0.00,"₱2,401.87","₱2,205.00"
76847,002-000034395,05/05/2026,12:08:13,4,Dine In,Walk-in,"₱3,095.00",₱276.34,nan,₱0.00,"₱3,371.34","₱3,095.00"
76843,002-000034394,05/05/2026,17:01:55,1,Dine In,Walk-in,"₱1,790.00",₱159.82,nan,₱0.00,"₱1,949.82","₱1,790.00"
76840,002-000034393,05/05/2026,17:26:35,4,Dine In,Walk-in,"₱1,640.00",₱146.43,nan,₱0.00,"₱1,786.43","₱1,640.00"
76836,002-000034392,05/05/2026,18:12:04,3,Dine In,Walk-in,"₱1,840.00",₱164.29,nan,₱0.00,"₱2,004.29","₱1,840.00"
76833,002-000034391,05/05/2026,20:01:46,1,Dine In,Walk-in,"₱1,395.00",₱124.55,nan,₱0.00,"₱1,519.55","₱1,395.00"
76831,002-000034390,05/05/2026,13:18:00,3,Dine In,Walk-in,"₱1,255.00",₱112.05,nan,₱0.00,"₱1,367.05","₱1,255.00"
76830,002-000034389,05/05/2026,17:27:33,5,Dine In,Walk-in,₱980.00,₱87.50,nan,₱0.00,"₱1,067.50",₱980.00
76826,002-000034388,05/05/2026,17:54:40,6,Dine In,Walk-in,"₱2,745.00",₱245.09,nan,₱0.00,"₱2,990.09","₱2,745.00"
76825,002-000034387,05/05/2026,13:13:19,5,Dine In,Walk-in,"₱1,050.00",₱93.75,nan,₱0.00,"₱1,143.75","₱1,050.00"
76823,002-000034386,05/05/2026,19:59:45,1,Dine In,Walk-in,"₱1,150.00",₱102.68,nan,₱0.00,"₱1,252.68","₱1,150.00"
76821,002-000034385,04/05/2026,18:57:39,1,Dine In,Walk-in,"₱1,070.00",₱95.54,nan,₱0.00,"₱1,165.54","₱1,070.00"
76819,002-000034384,04/05/2026,17:59:31,1,Dine In,Walk-in,"₱2,293.00",₱204.73,nan,₱0.00,"₱2,497.73","₱2,293.00"
76817,002-000034383,04/05/2026,12:06:56,6,Dine In,Walk-in,"₱1,640.00",₱146.43,nan,₱0.00,"₱1,786.43","₱1,640.00"
76815,002-000034382,04/05/2026,11:14:54,3,Dine In,Walk-in,"₱1,160.00",₱103.57,nan,₱0.00,"₱1,263.57","₱1,160.00"
76812,002-000034381,04/05/2026,18:48:34,3,Dine In,Walk-in,₱828.00,₱73.93,nan,₱0.00,₱901.93,₱828.00
76809,002-000034380,04/05/2026,17:48:18,2,Dine In,Walk-in,₱910.00,₱81.25,nan,₱0.00,₱991.25,₱910.00
76806,002-000034379,04/05/2026,17:51:51,5,Dine In,Walk-in,"₱1,270.00",₱113.39,nan,₱0.00,"₱1,383.39","₱1,270.00"
76805,002-000034378,04/05/2026,11:07:35,4,Dine In,Walk-in,"₱2,891.00",₱258.12,nan,₱0.00,"₱3,149.12","₱2,891.00"
76803,002-000034377,04/05/2026,18:33:12,5,Dine In,Walk-in,"₱1,475.00",₱131.70,nan,₱0.00,"₱1,606.70","₱1,475.00"
76800,002-000034376,04/05/2026,11:04:31,5,Dine In,Walk-in,₱370.00,₱33.04,nan,₱0.00,₱403.04,₱370.00
76798,002-000034375,04/05/2026,17:09:01,4,Dine In,Walk-in,"₱2,270.00",₱202.68,nan,₱0.00,"₱2,472.68","₱2,270.00"
76794,002-000034374,04/05/2026,12:48:25,6,Dine In,Walk-in,"₱3,205.00",₱286.16,nan,₱0.00,"₱3,491.16","₱3,205.00"
76792,002-000034373,04/05/2026,12:57:58,6,Dine In,Walk-in,"₱1,090.00",₱97.32,nan,₱0.00,"₱1,187.32","₱1,090.00"
76790,002-000034372,04/05/2026,20:46:44,4,Dine In,Walk-in,"₱1,485.00",₱132.59,nan,₱0.00,"₱1,617.59","₱1,485.00"
76787,002-000034371,04/05/2026,17:29:27,3,Dine In,Walk-in,₱945.00,₱84.37,nan,₱0.00,"₱1,029.37",₱945.00
76783,002-000034370,04/05/2026,20:27:27,4,Dine In,Walk-in,"₱3,153.00",₱281.52,nan,₱0.00,"₱3,434.52","₱3,153.00"
76781,002-000034369,03/05/2026,12:30:42,3,Dine In,Walk-in,"₱5,175.00",₱462.05,nan,₱0.00,"₱5,637.05","₱5,175.00"
76778,002-000034368,03/05/2026,17:51:38,3,Dine In,Walk-in,"₱1,830.00",₱163.39,nan,₱0.00,"₱1,993.39","₱1,830.00"
76777,002-000034367,03/05/2026,18:40:22,6,Dine In,Walk-in,"₱1,210.00",₱108.04,nan,₱0.00,"₱1,318.04","₱1,210.00"
76776,002-000034366,03/05/2026,20:54:49,1,Dine In,Walk-in,"₱2,955.00",₱263.84,PWD,₱591.00,"₱2,627.84","₱2,955.00"
76775,002-000034365,03/05/2026,13:10:23,4,Dine In,Walk-in,"₱2,170.00",₱193.75,nan,₱0.00,"₱2,363.75","₱2,170.00"
76773,002-000034364,03/05/2026,18:49:35,4,Dine In,Walk-in,"₱1,300.00",₱116.07,nan,₱0.00,"₱1,416.07","₱1,300.00"
76772,002-000034363,03/05/2026,17:37:25,6,Dine In,Walk-in,₱860.00,₱76.79,Employee Discount,₱172.00,₱764.79,₱860.00
76770,002-000034362,03/05/2026,20:20:27,5,Dine In,Walk-in,₱849.00,₱75.80,PWD,₱169.80,₱755.00,₱849.00
76768,002-000034361,03/05/2026,19:51:33,2,Dine In,Walk-in,"₱1,580.00",₱141.07,nan,₱0.00,"₱1,721.07","₱1,580.00"
76764,002-000034360,03/05/2026,20:20:32,3,Dine In,Walk-in,"₱1,195.00",₱106.70,nan,₱0.00,"₱1,301.70","₱1,195.00"
76760,002-000034359,03/05/2026,20:57:34,1,Dine In,Walk-in,"₱1,885.00",₱168.30,nan,₱0.00,"₱2,053.30","₱1,885.00"
76759,002-000034358,03/05/2026,20:49:03,5,Dine In,Walk-in,₱430.00,₱38.39,nan,₱0.00,₱468.39,₱430.00
76757,002-000034357,03/05/2026,12:20:47,5,Dine In,Walk-in,"₱1,290.00",₱115.18,nan,₱0.00,"₱1,405.18","₱1,290.00"
76753,002-000034356,03/05/2026,19:20:14,3,Dine In,Walk-in,"₱1,610.00",₱143.75,nan,₱0.00,"₱1,753.75","₱1,610.00"
76752,002-000034355,03/05/2026,18:28:26,4,Dine In,Walk-in,"₱1,725.00",₱154.02,nan,₱0.00,"₱1,879.02","₱1,725.00"
76748,002-000034354,03/05/2026,11:38:04,1,Dine In,Walk-in,₱825.00,₱73.66,nan,₱0.00,₱898.66,₱825.00
76746,002-000034353,03/05/2026,19:24:22,5,Dine In,Walk-in,"₱1,695.00",₱151.34,nan,₱0.00,"₱1,846.34","₱1,695.00"
76744,002-000034352,03/05/2026,20:15:41,5,Dine In,Walk-in,"₱2,449.00",₱218.66,nan,₱0.00,"₱2,667.66","₱2,449.00"
76743,002-000034351,03/05/2026,13:49:22,4,Delivery,FoodPanda,"₱1,389.00",₱124.02,nan,₱0.00,"₱1,513.02","₱1,389.00"
76742,002-000034350,03/05/2026,12:26:18,4,Take Out,Walk-in,"₱2,415.00",₱215.62,Employee Discount,₱483.00,"₱2,147.62","₱2,415.00"
76740,002-000034349,03/05/2026,18:11:12,5,Dine In,Walk-in,₱930.00,₱83.04,PWD,₱186.00,₱827.04,₱930.00
76738,002-000034348,03/05/2026,11:14:25,4,Dine In,Walk-in,"₱1,125.00",₱100.45,nan,₱0.00,"₱1,225.45","₱1,125.00"
76737,002-000034347,03/05/2026,11:29:19,6,Dine In,Walk-in,"₱1,980.00",₱176.79,nan,₱0.00,"₱2,156.79","₱1,980.00"
76733,002-000034346,03/05/2026,19:24:11,4,Dine In,Walk-in,"₱2,775.00",₱247.77,nan,₱0.00,"₱3,022.77","₱2,775.00"
76732,002-000034345,03/05/2026,13:07:38,5,Take Out,Walk-in,"₱2,690.00",₱240.18,nan,₱0.00,"₱2,930.18","₱2,690.00"
76731,002-000034344,03/05/2026,17:08:25,6,Dine In,Walk-in,"₱2,085.00",₱186.16,PWD,₱417.00,"₱1,854.16","₱2,085.00"
76727,002-000034343,02/05/2026,17:30:02,2,Dine In,Walk-in,"₱2,339.00",₱208.84,nan,₱0.00,"₱2,547.84","₱2,339.00"
76724,002-000034342,02/05/2026,11:42:27,2,Dine In,Walk-in,"₱1,560.00",₱139.29,nan,₱0.00,"₱1,699.29","₱1,560.00"
76720,002-000034341,02/05/2026,11:57:01,5,Take Out,Walk-in,"₱2,325.00",₱207.59,nan,₱0.00,"₱2,532.59","₱2,325.00"
76716,002-000034340,02/05/2026,20:10:34,1,Dine In,Walk-in,"₱2,225.00",₱198.66,nan,₱0.00,"₱2,423.66","₱2,225.00"
76713,002-000034339,02/05/2026,17:07:31,3,Take Out,Walk-in,"₱1,100.00",₱98.21,nan,₱0.00,"₱1,198.21","₱1,100.00"
76709,002-000034338,02/05/2026,11:13:02,5,Dine In,Walk-in,"₱1,220.00",₱108.93,nan,₱0.00,"₱1,328.93","₱1,220.00"
76705,002-000034337,02/05/2026,12:33:58,1,Dine In,Walk-in,"₱2,565.00",₱229.02,nan,₱0.00,"₱2,794.02","₱2,565.00"
76701,002-000034336,02/05/2026,19:16:15,5,Dine In,Walk-in,"₱2,983.00",₱266.34,nan,₱0.00,"₱3,249.34","₱2,983.00"
76698,002-000034335,02/05/2026,12:19:45,2,Dine In,Walk-in,"₱1,610.00",₱143.75,nan,₱0.00,"₱1,753.75","₱1,610.00"
76697,002-000034334,02/05/2026,18:56:55,4,Dine In,Walk-in,"₱2,505.00",₱223.66,nan,₱0.00,"₱2,728.66","₱2,505.00"
76695,002-000034333,02/05/2026,19:35:40,4,Dine In,Walk-in,"₱2,615.00",₱233.48,nan,₱0.00,"₱2,848.48","₱2,615.00"
76693,002-000034332,02/05/2026,12:39:04,3,Dine In,Walk-in,"₱1,510.00",₱134.82,nan,₱0.00,"₱1,644.82","₱1,510.00"
76691,002-000034331,02/05/2026,11:36:38,1,Dine In,Walk-in,"₱2,105.00",₱187.95,nan,₱0.00,"₱2,292.95","₱2,105.00"
76690,002-000034330,02/05/2026,19:59:30,3,Dine In,Walk-in,"₱1,095.00",₱97.77,Senior Citizen,₱219.00,₱973.77,"₱1,095.00"
76688,002-000034329,02/05/2026,19:43:22,5,Dine In,Walk-in,"₱1,735.00",₱154.91,PWD,₱347.00,"₱1,542.91","₱1,735.00"
76686,002-000034328,02/05/2026,11:13:13,5,Dine In,Walk-in,"₱1,950.00",₱174.11,nan,₱0.00,"₱2,124.11","₱1,950.00"
76682,002-000034327,02/05/2026,18:58:53,1,Dine In,Walk-in,"₱2,370.00",₱211.61,nan,₱0.00,"₱2,581.61","₱2,370.00"
76680,002-000034326,02/05/2026,17:24:16,1,Dine In,Walk-in,"₱3,970.00",₱354.46,nan,₱0.00,"₱4,324.46","₱3,970.00"
76678,002-000034325,02/05/2026,11:46:17,4,Dine In,Walk-in,"₱2,110.00",₱188.39,nan,₱0.00,"₱2,298.39","₱2,110.00"
76677,002-000034324,02/05/2026,13:35:45,6,Dine In,Walk-in,"₱2,415.00",₱215.62,nan,₱0.00,"₱2,630.62","₱2,415.00"
76675,002-000034323,02/05/2026,18:20:00,1,Dine In,Walk-in,₱850.00,₱75.89,nan,₱0.00,₱925.89,₱850.00
76671,002-000034322,02/05/2026,17:18:14,3,Dine In,Walk-in,"₱1,800.00",₱160.71,nan,₱0.00,"₱1,960.71","₱1,800.00"
76669,002-000034321,02/05/2026,18:32:51,3,Dine In,Walk-in,₱760.00,₱67.86,nan,₱0.00,₱827.86,₱760.00
76666,002-000034320,02/05/2026,17:28:42,2,Dine In,Walk-in,"₱1,150.00",₱102.68,nan,₱0.00,"₱1,252.68","₱1,150.00"
76663,002-000034319,02/05/2026,18:55:07,5,Dine In,Walk-in,"₱1,300.00",₱116.07,nan,₱0.00,"₱1,416.07","₱1,300.00"
76660,002-000034318,01/05/2026,19:10:12,6,Dine In,Walk-in,"₱2,224.00",₱198.57,nan,₱0.00,"₱2,422.57","₱2,224.00"
76659,002-000034317,01/05/2026,13:03:42,5,Dine In,Walk-in,"₱2,225.00",₱198.66,nan,₱0.00,"₱2,423.66","₱2,225.00"
76656,002-000034316,01/05/2026,12:20:27,6,Dine In,Walk-in,₱645.00,₱57.59,nan,₱0.00,₱702.59,₱645.00
76654,002-000034315,01/05/2026,13:20:04,6,Dine In,Walk-in,"₱2,600.00",₱232.14,nan,₱0.00,"₱2,832.14","₱2,600.00"
76651,002-000034314,01/05/2026,11:46:41,6,Dine In,Walk-in,"₱2,570.00",₱229.46,nan,₱0.00,"₱2,799.46","₱2,570.00"
76650,002-000034313,01/05/2026,19:45:17,5,Dine In,Walk-in,₱440.00,₱39.29,nan,₱0.00,₱479.29,₱440.00
76648,002-000034312,01/05/2026,13:37:06,6,Dine In,Walk-in,"₱2,600.00",₱232.14,nan,₱0.00,"₱2,832.14","₱2,600.00"
76645,002-000034311,01/05/2026,20:36:40,2,Dine In,Walk-in,"₱1,195.00",₱106.70,nan,₱0.00,"₱1,301.70","₱1,195.00"
76643,002-000034310,01/05/2026,19:55:36,2,Delivery,FoodPanda,"₱2,365.00",₱211.16,nan,₱0.00,"₱2,576.16","₱2,365.00"
76641,002-000034309,01/05/2026,11:15:56,4,Dine In,Walk-in,"₱1,740.00",₱155.36,nan,₱0.00,"₱1,895.36","₱1,740.00"
76639,002-000034308,01/05/2026,12:48:56,1,Dine In,Walk-in,"₱1,635.00",₱145.98,PWD,₱327.00,"₱1,453.98","₱1,635.00"
76638,002-000034307,01/05/2026,20:25:33,5,Dine In,Walk-in,"₱1,863.00",₱166.34,nan,₱0.00,"₱2,029.34","₱1,863.00"
76637,002-000034306,01/05/2026,18:16:03,3,Dine In,Walk-in,"₱1,540.00",₱137.50,nan,₱0.00,"₱1,677.50","₱1,540.00"
76634,002-000034305,01/05/2026,11:48:26,4,Dine In,Walk-in,"₱2,920.00",₱260.71,nan,₱0.00,"₱3,180.71","₱2,920.00"
76631,002-000034304,01/05/2026,13:29:07,1,Dine In,Walk-in,"₱1,000.00",₱89.29,nan,₱0.00,"₱1,089.29","₱1,000.00"
76628,002-000034303,01/05/2026,19:35:58,5,Dine In,Walk-in,"₱2,320.00",₱207.14,Senior Citizen,₱464.00,"₱2,063.14","₱2,320.00"
76626,002-000034302,01/05/2026,11:53:09,6,Dine In,Walk-in,"₱1,125.00",₱100.45,nan,₱0.00,"₱1,225.45","₱1,125.00"
76624,002-000034301,01/05/2026,19:22:46,2,Dine In,Walk-in,₱945.00,₱84.37,nan,₱0.00,"₱1,029.37",₱945.00
76538,002-000034300,30/04/2026,19:48:16,3,Dine In,Walk-in,"₱1,105.00",₱98.66,nan,₱0.00,"₱1,203.66","₱1,105.00"
76536,002-000034299,30/04/2026,18:37:52,1,Take Out,Walk-in,"₱2,950.00",₱263.39,nan,₱0.00,"₱3,213.39","₱2,950.00"
76533,002-000034298,30/04/2026,11:31:55,4,Dine In,Walk-in,"₱5,030.00",₱449.11,nan,₱0.00,"₱5,479.11","₱5,030.00"
76531,002-000034297,30/04/2026,17:32:12,4,Dine In,Walk-in,"₱2,285.00",₱204.02,nan,₱0.00,"₱2,489.02","₱2,285.00"
76527,002-000034296,30/04/2026,20:26:41,4,Dine In,Walk-in,"₱1,320.00",₱117.86,nan,₱0.00,"₱1,437.86","₱1,320.00"
76525,002-000034295,30/04/2026,20:06:49,2,Dine In,Walk-in,"₱3,910.00",₱349.11,nan,₱0.00,"₱4,259.11","₱3,910.00"
76524,002-000034294,30/04/2026,18:18:23,6,Dine In,Walk-in,"₱2,125.00",₱189.73,nan,₱0.00,"₱2,314.73","₱2,125.00"
76522,002-000034293,30/04/2026,19:08:28,4,Dine In,Walk-in,₱645.00,₱57.59,nan,₱0.00,₱702.59,₱645.00
76519,002-000034292,30/04/2026,20:19:11,5,Dine In,Walk-in,"₱1,165.00",₱104.02,nan,₱0.00,"₱1,269.02","₱1,165.00"
76518,002-000034291,30/04/2026,11:10:24,5,Dine In,Walk-in,"₱3,000.00",₱267.86,nan,₱0.00,"₱3,267.86","₱3,000.00"
76517,002-000034290,30/04/2026,19:46:56,2,Dine In,Walk-in,₱630.00,₱56.25,nan,₱0.00,₱686.25,₱630.00
76516,002-000034289,30/04/2026,17:45:15,3,Dine In,Walk-in,"₱1,680.00",₱150.00,nan,₱0.00,"₱1,830.00","₱1,680.00"
76514,002-000034288,30/04/2026,12:03:30,1,Dine In,Walk-in,"₱1,970.00",₱175.89,nan,₱0.00,"₱2,145.89","₱1,970.00"
76510,002-000034287,30/04/2026,17:40:15,5,Dine In,Walk-in,"₱1,440.00",₱128.57,nan,₱0.00,"₱1,568.57","₱1,440.00"
76506,002-000034286,30/04/2026,11:59:22,6,Dine In,Walk-in,₱420.00,₱37.50,nan,₱0.00,₱457.50,₱420.00
76505,002-000034285,30/04/2026,20:28:31,6,Dine In,Walk-in,"₱1,745.00",₱155.80,nan,₱0.00,"₱1,900.80","₱1,745.00"
76504,002-000034284,30/04/2026,11:03:59,5,Dine In,Walk-in,₱320.00,₱28.57,nan,₱0.00,₱348.57,₱320.00
76501,002-000034283,30/04/2026,17:47:12,3,Dine In,Walk-in,"₱1,903.00",₱169.91,nan,₱0.00,"₱2,072.91","₱1,903.00"
76498,002-000034282,30/04/2026,11:44:54,3,Take Out,Walk-in,₱440.00,₱39.29,nan,₱0.00,₱479.29,₱440.00
76497,002-000034281,30/04/2026,17:15:19,2,Delivery,FoodPanda,₱600.00,₱53.57,nan,₱0.00,₱653.57,₱600.00
76495,002-000034280,29/04/2026,18:26:39,5,Dine In,Walk-in,"₱1,895.00",₱169.20,PWD,₱379.00,"₱1,685.20","₱1,895.00"
76493,002-000034279,29/04/2026,18:26:26,2,Dine In,Walk-in,"₱1,710.00",₱152.68,nan,₱0.00,"₱1,862.68","₱1,710.00"
76491,002-000034278,29/04/2026,19:07:44,1,Delivery,FoodPanda,"₱1,045.00",₱93.30,nan,₱0.00,"₱1,138.30","₱1,045.00"
76489,002-000034277,29/04/2026,17:09:24,6,Dine In,Walk-in,"₱2,055.00",₱183.48,nan,₱0.00,"₱2,238.48","₱2,055.00"
76485,002-000034276,29/04/2026,11:16:29,6,Dine In,Walk-in,"₱1,100.00",₱98.21,nan,₱0.00,"₱1,198.21","₱1,100.00"
76483,002-000034275,29/04/2026,17:13:01,2,Dine In,Walk-in,"₱3,475.00",₱310.27,nan,₱0.00,"₱3,785.27","₱3,475.00"
76481,002-000034274,29/04/2026,17:08:39,5,Dine In,Walk-in,"₱3,430.00",₱306.25,nan,₱0.00,"₱3,736.25","₱3,430.00"
76477,002-000034273,29/04/2026,18:03:31,5,Take Out,Walk-in,"₱1,675.00",₱149.55,nan,₱0.00,"₱1,824.55","₱1,675.00"
76474,002-000034272,29/04/2026,12:07:35,2,Dine In,Walk-in,₱864.00,₱77.14,nan,₱0.00,₱941.14,₱864.00
76472,002-000034271,29/04/2026,17:10:17,1,Dine In,Walk-in,"₱1,790.00",₱159.82,nan,₱0.00,"₱1,949.82","₱1,790.00"
76469,002-000034270,29/04/2026,11:28:59,6,Dine In,Walk-in,"₱3,325.00",₱296.87,nan,₱0.00,"₱3,621.87","₱3,325.00"
76465,002-000034269,29/04/2026,20:37:06,5,Dine In,Walk-in,"₱1,785.00",₱159.37,nan,₱0.00,"₱1,944.37","₱1,785.00"
76464,002-000034268,29/04/2026,12:37:04,1,Dine In,Walk-in,"₱1,470.00",₱131.25,nan,₱0.00,"₱1,601.25","₱1,470.00"
76461,002-000034267,29/04/2026,17:11:13,6,Dine In,Walk-in,"₱1,630.00",₱145.54,nan,₱0.00,"₱1,775.54","₱1,630.00"
76459,002-000034266,29/04/2026,12:34:14,3,Dine In,Walk-in,"₱3,715.00",₱331.70,nan,₱0.00,"₱4,046.70","₱3,715.00"
76457,002-000034265,29/04/2026,17:27:14,5,Dine In,Walk-in,"₱1,730.00",₱154.46,nan,₱0.00,"₱1,884.46","₱1,730.00"
76454,002-000034264,29/04/2026,20:36:40,3,Dine In,Walk-in,"₱1,114.00",₱99.46,nan,₱0.00,"₱1,213.46","₱1,114.00"
76452,002-000034263,29/04/2026,17:36:38,6,Dine In,Walk-in,"₱1,785.00",₱159.37,nan,₱0.00,"₱1,944.37","₱1,785.00"
76451,002-000034262,28/04/2026,20:08:58,3,Dine In,Walk-in,"₱1,355.00",₱120.98,nan,₱0.00,"₱1,475.98","₱1,355.00"
76450,002-000034261,28/04/2026,17:50:16,1,Dine In,Walk-in,"₱1,920.00",₱171.43,nan,₱0.00,"₱2,091.43","₱1,920.00"
76446,002-000034260,28/04/2026,13:20:37,5,Dine In,Walk-in,"₱1,865.00",₱166.52,nan,₱0.00,"₱2,031.52","₱1,865.00"
76444,002-000034259,28/04/2026,12:02:07,2,Delivery,FoodPanda,"₱2,000.00",₱178.57,nan,₱0.00,"₱2,178.57","₱2,000.00"
76442,002-000034258,28/04/2026,17:50:18,6,Dine In,Walk-in,₱170.00,₱15.18,nan,₱0.00,₱185.18,₱170.00
76439,002-000034257,28/04/2026,13:12:08,1,Dine In,Walk-in,"₱2,325.00",₱207.59,nan,₱0.00,"₱2,532.59","₱2,325.00"
76435,002-000034256,28/04/2026,12:37:26,5,Dine In,Walk-in,"₱1,160.00",₱103.57,nan,₱0.00,"₱1,263.57","₱1,160.00"
76431,002-000034255,28/04/2026,12:29:11,5,Dine In,Walk-in,"₱1,620.00",₱144.64,nan,₱0.00,"₱1,764.64","₱1,620.00"
76429,002-000034254,28/04/2026,11:41:28,5,Dine In,Walk-in,"₱1,735.00",₱154.91,nan,₱0.00,"₱1,889.91","₱1,735.00"
76427,002-000034253,28/04/2026,12:47:29,3,Dine In,Walk-in,₱309.00,₱27.59,nan,₱0.00,₱336.59,₱309.00
76423,002-000034252,28/04/2026,12:37:09,3,Dine In,Walk-in,"₱1,600.00",₱142.86,nan,₱0.00,"₱1,742.86","₱1,600.00"
76419,002-000034251,28/04/2026,18:27:40,3,Dine In,Walk-in,"₱1,930.00",₱172.32,nan,₱0.00,"₱2,102.32","₱1,930.00"
76415,002-000034250,28/04/2026,11:51:20,3,Dine In,Walk-in,"₱2,380.00",₱212.50,PWD,₱476.00,"₱2,116.50","₱2,380.00"
76412,002-000034249,28/04/2026,17:39:20,2,Dine In,Walk-in,"₱1,553.00",₱138.66,nan,₱0.00,"₱1,691.66","₱1,553.00"
76409,002-000034248,28/04/2026,13:02:22,5,Dine In,Walk-in,"₱1,135.00",₱101.34,nan,₱0.00,"₱1,236.34","₱1,135.00"
76408,002-000034247,28/04/2026,20:38:55,1,Dine In,Walk-in,"₱2,160.00",₱192.86,Employee Discount,₱432.00,"₱1,920.86","₱2,160.00"
76406,002-000034246,28/04/2026,13:30:13,6,Dine In,Walk-in,"₱2,725.00",₱243.30,nan,₱0.00,"₱2,968.30","₱2,725.00"
76402,002-000034245,27/04/2026,18:36:26,4,Dine In,Walk-in,"₱1,690.00",₱150.89,nan,₱0.00,"₱1,840.89","₱1,690.00"
76398,002-000034244,27/04/2026,13:05:04,1,Dine In,Walk-in,"₱1,114.00",₱99.46,nan,₱0.00,"₱1,213.46","₱1,114.00"
76396,002-000034243,27/04/2026,13:49:56,6,Dine In,Walk-in,₱965.00,₱86.16,nan,₱0.00,"₱1,051.16",₱965.00
76392,002-000034242,27/04/2026,20:40:16,2,Dine In,Walk-in,"₱2,090.00",₱186.61,nan,₱0.00,"₱2,276.61","₱2,090.00"
76388,002-000034241,27/04/2026,19:49:12,4,Dine In,Walk-in,"₱2,300.00",₱205.36,nan,₱0.00,"₱2,505.36","₱2,300.00"
76385,002-000034240,27/04/2026,12:30:34,1,Dine In,Walk-in,₱790.00,₱70.54,nan,₱0.00,₱860.54,₱790.00
76383,002-000034239,27/04/2026,11:09:12,1,Dine In,Walk-in,"₱1,760.00",₱157.14,nan,₱0.00,"₱1,917.14","₱1,760.00"
76380,002-000034238,27/04/2026,13:25:44,1,Dine In,Walk-in,₱500.00,₱44.64,nan,₱0.00,₱544.64,₱500.00
76378,002-000034237,27/04/2026,12:58:14,6,Dine In,Walk-in,"₱1,584.00",₱141.43,nan,₱0.00,"₱1,725.43","₱1,584.00"
76377,002-000034236,27/04/2026,17:56:37,2,Dine In,Walk-in,"₱1,925.00",₱171.87,nan,₱0.00,"₱2,096.87","₱1,925.00"
76376,002-000034235,27/04/2026,11:58:50,3,Dine In,Walk-in,₱845.00,₱75.45,nan,₱0.00,₱920.45,₱845.00
76372,002-000034234,27/04/2026,17:02:01,3,Dine In,Walk-in,"₱3,670.00",₱327.68,nan,₱0.00,"₱3,997.68","₱3,670.00"
76371,002-000034233,27/04/2026,18:17:41,3,Delivery,FoodPanda,"₱1,820.00",₱162.50,Senior Citizen,₱364.00,"₱1,618.50","₱1,820.00"
76370,002-000034232,27/04/2026,20:54:42,6,Dine In,Walk-in,₱905.00,₱80.80,nan,₱0.00,₱985.80,₱905.00
76369,002-000034231,27/04/2026,17:59:48,1,Dine In,Walk-in,"₱1,000.00",₱89.29,nan,₱0.00,"₱1,089.29","₱1,000.00"
76367,002-000034230,27/04/2026,20:53:46,2,Dine In,Walk-in,"₱2,375.00",₱212.05,nan,₱0.00,"₱2,587.05","₱2,375.00"
76363,002-000034229,27/04/2026,20:09:23,5,Dine In,Walk-in,₱345.00,₱30.80,Senior Citizen,₱69.00,₱306.80,₱345.00
76361,002-000034228,27/04/2026,18:33:28,1,Dine In,Walk-in,"₱1,370.00",₱122.32,nan,₱0.00,"₱1,492.32","₱1,370.00"
76360,002-000034227,26/04/2026,13:17:27,6,Dine In,Walk-in,"₱1,755.00",₱156.70,nan,₱0.00,"₱1,911.70","₱1,755.00"
76358,002-000034226,26/04/2026,18:53:42,6,Dine In,Walk-in,₱294.00,₱26.25,nan,₱0.00,₱320.25,₱294.00
76356,002-000034225,26/04/2026,11:35:08,2,Dine In,Walk-in,"₱1,695.00",₱151.34,nan,₱0.00,"₱1,846.34","₱1,695.00"
76354,002-000034224,26/04/2026,20:11:45,1,Dine In,Walk-in,₱825.00,₱73.66,nan,₱0.00,₱898.66,₱825.00
76351,002-000034223,26/04/2026,12:45:21,5,Dine In,Walk-in,"₱2,555.00",₱228.12,nan,₱0.00,"₱2,783.12","₱2,555.00"
76348,002-000034222,26/04/2026,11:48:01,4,Dine In,Walk-in,"₱3,690.00",₱329.46,nan,₱0.00,"₱4,019.46","₱3,690.00"
76346,002-000034221,26/04/2026,13:58:34,1,Delivery,FoodPanda,₱225.00,₱20.09,nan,₱0.00,₱245.09,₱225.00
76343,002-000034220,26/04/2026,20:34:25,3,Dine In,Walk-in,₱855.00,₱76.34,nan,₱0.00,₱931.34,₱855.00
76341,002-000034219,26/04/2026,20:56:28,2,Take Out,Walk-in,"₱3,060.00",₱273.21,nan,₱0.00,"₱3,333.21","₱3,060.00"
76337,002-000034218,26/04/2026,11:44:37,6,Dine In,Walk-in,"₱1,690.00",₱150.89,nan,₱0.00,"₱1,840.89","₱1,690.00"
76335,002-000034217,26/04/2026,17:41:21,3,Dine In,Walk-in,₱735.00,₱65.62,nan,₱0.00,₱800.62,₱735.00
76333,002-000034216,26/04/2026,18:05:23,1,Dine In,Walk-in,"₱1,409.00",₱125.80,PWD,₱281.80,"₱1,253.00","₱1,409.00"
76329,002-000034215,26/04/2026,13:08:51,5,Dine In,Walk-in,₱450.00,₱40.18,nan,₱0.00,₱490.18,₱450.00
76327,002-000034214,26/04/2026,19:58:53,3,Dine In,Walk-in,₱580.00,₱51.79,nan,₱0.00,₱631.79,₱580.00
76323,002-000034213,26/04/2026,11:29:41,2,Dine In,Walk-in,"₱1,560.00",₱139.29,nan,₱0.00,"₱1,699.29","₱1,560.00"
76321,002-000034212,26/04/2026,17:31:11,5,Dine In,Walk-in,"₱2,690.00",₱240.18,nan,₱0.00,"₱2,930.18","₱2,690.00"
76318,002-000034211,26/04/2026,13:56:42,5,Dine In,Walk-in,₱240.00,₱21.43,nan,₱0.00,₱261.43,₱240.00
76314,002-000034210,26/04/2026,19:00:13,5,Dine In,Walk-in,₱65.00,₱5.80,nan,₱0.00,₱70.80,₱65.00
76310,002-000034209,26/04/2026,17:20:24,3,Dine In,Walk-in,"₱1,445.00",₱129.02,nan,₱0.00,"₱1,574.02","₱1,445.00"
76306,002-000034208,26/04/2026,20:31:58,5,Dine In,Walk-in,"₱1,130.00",₱100.89,nan,₱0.00,"₱1,230.89","₱1,130.00"
76304,002-000034207,26/04/2026,13:12:35,5,Dine In,Walk-in,₱905.00,₱80.80,nan,₱0.00,₱985.80,₱905.00
76301,002-000034206,26/04/2026,11:03:24,4,Dine In,Walk-in,₱680.00,₱60.71,nan,₱0.00,₱740.71,₱680.00
76299,002-000034205,26/04/2026,13:32:20,3,Dine In,Walk-in,"₱2,345.00",₱209.37,nan,₱0.00,"₱2,554.37","₱2,345.00"
76295,002-000034204,26/04/2026,20:20:32,3,Dine In,Walk-in,"₱2,135.00",₱190.62,PWD,₱427.00,"₱1,898.62","₱2,135.00"
76294,002-000034203,26/04/2026,13:22:00,1,Dine In,Walk-in,"₱1,320.00",₱117.86,nan,₱0.00,"₱1,437.86","₱1,320.00"
76291,002-000034202,26/04/2026,20:19:26,4,Dine In,Walk-in,₱890.00,₱79.46,nan,₱0.00,₱969.46,₱890.00
76157,002-000034201,25/04/2026,19:12:09,5,Delivery,FoodPanda,"₱2,165.00",₱193.30,nan,₱0.00,"₱2,358.30","₱2,165.00"
76155,002-000034200,25/04/2026,17:22:48,6,Dine In,Walk-in,"₱1,035.00",₱92.41,nan,₱0.00,"₱1,127.41","₱1,035.00"
76153,002-000034199,25/04/2026,11:32:51,3,Dine In,Walk-in,"₱1,170.00",₱104.46,nan,₱0.00,"₱1,274.46","₱1,170.00"
76151,002-000034198,25/04/2026,13:48:02,4,Dine In,Walk-in,"₱2,525.00",₱225.45,nan,₱0.00,"₱2,750.45","₱2,525.00"
76149,002-000034197,25/04/2026,13:39:37,3,Dine In,Walk-in,"₱2,030.00",₱181.25,nan,₱0.00,"₱2,211.25","₱2,030.00"
76147,002-000034196,25/04/2026,11:47:07,2,Dine In,Walk-in,"₱2,800.00",₱250.00,nan,₱0.00,"₱3,050.00","₱2,800.00"
76145,002-000034195,25/04/2026,20:46:44,4,Dine In,Walk-in,₱960.00,₱85.71,nan,₱0.00,"₱1,045.71",₱960.00
76144,002-000034194,25/04/2026,18:02:57,3,Dine In,Walk-in,"₱2,580.00",₱230.36,nan,₱0.00,"₱2,810.36","₱2,580.00"
76143,002-000034193,25/04/2026,13:31:22,2,Dine In,Walk-in,"₱3,410.00",₱304.46,nan,₱0.00,"₱3,714.46","₱3,410.00"
76140,002-000034192,25/04/2026,20:14:12,1,Dine In,Walk-in,"₱1,415.00",₱126.34,nan,₱0.00,"₱1,541.34","₱1,415.00"
76137,002-000034191,25/04/2026,19:40:02,4,Dine In,Walk-in,"₱1,145.00",₱102.23,nan,₱0.00,"₱1,247.23","₱1,145.00"
76133,002-000034190,25/04/2026,17:29:55,2,Dine In,Walk-in,"₱8,100.00",₱723.21,nan,₱0.00,"₱8,823.21","₱8,100.00"
76131,002-000034189,25/04/2026,12:38:09,3,Dine In,Walk-in,"₱1,185.00",₱105.80,nan,₱0.00,"₱1,290.80","₱1,185.00"
76130,002-000034188,25/04/2026,19:45:51,3,Dine In,Walk-in,"₱2,610.00",₱233.04,Employee Discount,₱522.00,"₱2,321.04","₱2,610.00"
76128,002-000034187,25/04/2026,11:01:52,6,Take Out,Walk-in,₱925.00,₱82.59,nan,₱0.00,"₱1,007.59",₱925.00
76126,002-000034186,25/04/2026,20:29:06,3,Dine In,Walk-in,"₱1,300.00",₱116.07,nan,₱0.00,"₱1,416.07","₱1,300.00"
76124,002-000034185,25/04/2026,18:06:08,4,Dine In,Walk-in,"₱2,715.00",₱242.41,nan,₱0.00,"₱2,957.41","₱2,715.00"
76120,002-000034184,25/04/2026,12:59:21,6,Dine In,Walk-in,"₱1,510.00",₱134.82,nan,₱0.00,"₱1,644.82","₱1,510.00"
76116,002-000034183,25/04/2026,11:04:10,5,Dine In,Walk-in,₱820.00,₱73.21,Employee Discount,₱164.00,₱729.21,₱820.00
76113,002-000034182,25/04/2026,11:30:03,3,Dine In,Walk-in,"₱1,820.00",₱162.50,nan,₱0.00,"₱1,982.50","₱1,820.00"
76111,002-000034181,25/04/2026,19:14:27,4,Delivery,FoodPanda,"₱1,890.00",₱168.75,nan,₱0.00,"₱2,058.75","₱1,890.00"
76109,002-000034180,25/04/2026,17:50:45,1,Take Out,Walk-in,"₱2,490.00",₱222.32,nan,₱0.00,"₱2,712.32","₱2,490.00"
76107,002-000034179,25/04/2026,18:54:05,2,Dine In,Walk-in,"₱1,950.00",₱174.11,nan,₱0.00,"₱2,124.11","₱1,950.00"
76105,002-000034178,25/04/2026,13:30:16,4,Dine In,Walk-in,₱620.00,₱55.36,nan,₱0.00,₱675.36,₱620.00
76102,002-000034177,24/04/2026,19:57:00,2,Dine In,Walk-in,₱690.00,₱61.61,Senior Citizen,₱138.00,₱613.61,₱690.00
76100,002-000034176,24/04/2026,20:20:43,5,Dine In,Walk-in,"₱3,735.00",₱333.48,nan,₱0.00,"₱4,068.48","₱3,735.00"
76099,002-000034175,24/04/2026,11:24:18,5,Dine In,Walk-in,₱770.00,₱68.75,nan,₱0.00,₱838.75,₱770.00
76095,002-000034174,24/04/2026,19:50:41,3,Take Out,Walk-in,₱760.00,₱67.86,nan,₱0.00,₱827.86,₱760.00
76092,002-000034173,24/04/2026,18:05:16,6,Dine In,Walk-in,"₱1,300.00",₱116.07,nan,₱0.00,"₱1,416.07","₱1,300.00"
76091,002-000034172,24/04/2026,13:14:25,5,Dine In,Walk-in,"₱1,865.00",₱166.52,nan,₱0.00,"₱2,031.52","₱1,865.00"
76088,002-000034171,24/04/2026,20:38:09,1,Dine In,Walk-in,"₱1,440.00",₱128.57,nan,₱0.00,"₱1,568.57","₱1,440.00"
76087,002-000034170,24/04/2026,17:09:04,1,Take Out,Walk-in,"₱1,375.00",₱122.77,nan,₱0.00,"₱1,497.77","₱1,375.00"
76083,002-000034169,24/04/2026,18:29:03,3,Dine In,Walk-in,₱508.00,₱45.36,nan,₱0.00,₱553.36,₱508.00
76080,002-000034168,24/04/2026,20:45:21,3,Dine In,Walk-in,"₱1,575.00",₱140.62,nan,₱0.00,"₱1,715.62","₱1,575.00"
76078,002-000034167,24/04/2026,12:54:12,1,Dine In,Walk-in,"₱1,885.00",₱168.30,nan,₱0.00,"₱2,053.30","₱1,885.00"
76076,002-000034166,24/04/2026,13:10:55,4,Dine In,Walk-in,"₱6,089.00",₱543.66,nan,₱0.00,"₱6,632.66","₱6,089.00"
76074,002-000034165,24/04/2026,13:03:09,3,Dine In,Walk-in,"₱2,060.00",₱183.93,nan,₱0.00,"₱2,243.93","₱2,060.00"
76072,002-000034164,24/04/2026,18:43:58,3,Delivery,FoodPanda,"₱1,240.00",₱110.71,nan,₱0.00,"₱1,350.71","₱1,240.00"
76068,002-000034163,24/04/2026,13:01:48,1,Dine In,Walk-in,"₱2,800.00",₱250.00,nan,₱0.00,"₱3,050.00","₱2,800.00"
76067,002-000034162,24/04/2026,19:52:32,4,Dine In,Walk-in,"₱1,780.00",₱158.93,Senior Citizen,₱356.00,"₱1,582.93","₱1,780.00"
76065,002-000034161,24/04/2026,17:23:33,4,Dine In,Walk-in,"₱1,205.00",₱107.59,PWD,₱241.00,"₱1,071.59","₱1,205.00"
76063,002-000034160,24/04/2026,20:50:53,6,Dine In,Walk-in,"₱1,180.00",₱105.36,nan,₱0.00,"₱1,285.36","₱1,180.00"
76061,002-000034159,24/04/2026,20:52:27,4,Dine In,Walk-in,"₱1,375.00",₱122.77,nan,₱0.00,"₱1,497.77","₱1,375.00"
76059,002-000034158,24/04/2026,13:38:37,1,Dine In,Walk-in,"₱1,930.00",₱172.32,nan,₱0.00,"₱2,102.32","₱1,930.00"
76057,002-000034157,24/04/2026,13:24:57,5,Dine In,Walk-in,"₱1,590.00",₱141.96,nan,₱0.00,"₱1,731.96","₱1,590.00"
76056,002-000034156,24/04/2026,13:42:42,1,Dine In,Walk-in,"₱1,765.00",₱157.59,nan,₱0.00,"₱1,922.59","₱1,765.00"
76054,002-000034155,24/04/2026,18:22:30,2,Delivery,FoodPanda,"₱2,820.00",₱251.79,nan,₱0.00,"₱3,071.79","₱2,820.00"
76052,002-000034154,24/04/2026,12:58:44,6,Dine In,Walk-in,₱235.00,₱20.98,nan,₱0.00,₱255.98,₱235.00
76050,002-000034153,24/04/2026,18:52:35,5,Dine In,Walk-in,₱540.00,₱48.21,PWD,₱108.00,₱480.21,₱540.00
76046,002-000034152,23/04/2026,20:52:24,6,Dine In,Walk-in,"₱2,395.00",₱213.84,nan,₱0.00,"₱2,608.84","₱2,395.00"
76044,002-000034151,23/04/2026,13:02:01,2,Dine In,Walk-in,₱730.00,₱65.18,nan,₱0.00,₱795.18,₱730.00
76042,002-000034150,23/04/2026,11:25:42,1,Dine In,Walk-in,"₱1,785.00",₱159.37,Employee Discount,₱357.00,"₱1,587.37","₱1,785.00"
76040,002-000034149,23/04/2026,11:35:53,2,Dine In,Walk-in,₱110.00,₱9.82,nan,₱0.00,₱119.82,₱110.00
76038,002-000034148,23/04/2026,20:11:06,2,Dine In,Walk-in,"₱1,095.00",₱97.77,nan,₱0.00,"₱1,192.77","₱1,095.00"
76035,002-000034147,23/04/2026,12:37:49,4,Dine In,Walk-in,"₱2,635.00",₱235.27,nan,₱0.00,"₱2,870.27","₱2,635.00"
76033,002-000034146,23/04/2026,11:24:25,2,Dine In,Walk-in,"₱2,210.00",₱197.32,nan,₱0.00,"₱2,407.32","₱2,210.00"
76032,002-000034145,23/04/2026,19:35:06,1,Dine In,Walk-in,₱680.00,₱60.71,nan,₱0.00,₱740.71,₱680.00
76029,002-000034144,23/04/2026,13:15:12,1,Dine In,Walk-in,"₱1,148.00",₱102.50,nan,₱0.00,"₱1,250.50","₱1,148.00"
76026,002-000034143,23/04/2026,18:39:25,6,Dine In,Walk-in,"₱7,425.00",₱662.95,Employee Discount,"₱1,485.00","₱6,602.95","₱7,425.00"
76024,002-000034142,23/04/2026,12:58:16,6,Dine In,Walk-in,"₱1,245.00",₱111.16,nan,₱0.00,"₱1,356.16","₱1,245.00"
76023,002-000034141,23/04/2026,17:41:05,1,Dine In,Walk-in,"₱2,130.00",₱190.18,nan,₱0.00,"₱2,320.18","₱2,130.00"
76019,002-000034140,23/04/2026,18:22:06,6,Dine In,Walk-in,"₱1,400.00",₱125.00,Senior Citizen,₱280.00,"₱1,245.00","₱1,400.00"
76018,002-000034139,23/04/2026,20:54:34,6,Dine In,Walk-in,"₱2,290.00",₱204.46,nan,₱0.00,"₱2,494.46","₱2,290.00"
76016,002-000034138,23/04/2026,11:28:59,3,Dine In,Walk-in,"₱2,030.00",₱181.25,nan,₱0.00,"₱2,211.25","₱2,030.00"
76013,002-000034137,23/04/2026,13:32:01,6,Dine In,Walk-in,"₱1,450.00",₱129.46,Employee Discount,₱290.00,"₱1,289.46","₱1,450.00"
76010,002-000034136,23/04/2026,11:23:49,2,Take Out,Walk-in,₱255.00,₱22.77,nan,₱0.00,₱277.77,₱255.00
76008,002-000034135,23/04/2026,18:26:05,2,Dine In,Walk-in,"₱1,810.00",₱161.61,nan,₱0.00,"₱1,971.61","₱1,810.00"
76006,002-000034134,22/04/2026,18:59:43,3,Dine In,Walk-in,"₱1,045.00",₱93.30,nan,₱0.00,"₱1,138.30","₱1,045.00"
76004,002-000034133,22/04/2026,20:30:31,5,Dine In,Walk-in,"₱1,205.00",₱107.59,nan,₱0.00,"₱1,312.59","₱1,205.00"
76002,002-000034132,22/04/2026,11:26:17,3,Dine In,Walk-in,"₱1,220.00",₱108.93,nan,₱0.00,"₱1,328.93","₱1,220.00"
76001,002-000034131,22/04/2026,12:40:26,5,Dine In,Walk-in,"₱1,570.00",₱140.18,nan,₱0.00,"₱1,710.18","₱1,570.00"
76000,002-000034130,22/04/2026,20:23:52,2,Dine In,Walk-in,"₱1,345.00",₱120.09,nan,₱0.00,"₱1,465.09","₱1,345.00"
75997,002-000034129,22/04/2026,12:00:52,1,Dine In,Walk-in,"₱1,945.00",₱173.66,nan,₱0.00,"₱2,118.66","₱1,945.00"
75995,002-000034128,22/04/2026,19:32:01,5,Dine In,Walk-in,"₱2,660.00",₱237.50,nan,₱0.00,"₱2,897.50","₱2,660.00"
75993,002-000034127,22/04/2026,19:47:22,2,Dine In,Walk-in,"₱1,415.00",₱126.34,nan,₱0.00,"₱1,541.34","₱1,415.00"
75991,002-000034126,22/04/2026,11:33:42,5,Dine In,Walk-in,"₱1,105.00",₱98.66,nan,₱0.00,"₱1,203.66","₱1,105.00"
75989,002-000034125,22/04/2026,13:08:55,2,Dine In,Walk-in,₱500.00,₱44.64,nan,₱0.00,₱544.64,₱500.00
75988,002-000034124,22/04/2026,12:32:20,3,Dine In,Walk-in,₱815.00,₱72.77,nan,₱0.00,₱887.77,₱815.00
75987,002-000034123,22/04/2026,18:28:53,4,Dine In,Walk-in,"₱2,660.00",₱237.50,nan,₱0.00,"₱2,897.50","₱2,660.00"
75985,002-000034122,22/04/2026,13:20:49,3,Dine In,Walk-in,"₱1,800.00",₱160.71,nan,₱0.00,"₱1,960.71","₱1,800.00"
75981,002-000034121,22/04/2026,11:39:05,5,Dine In,Walk-in,"₱3,135.00",₱279.91,nan,₱0.00,"₱3,414.91","₱3,135.00"
75980,002-000034120,22/04/2026,12:20:46,4,Dine In,Walk-in,"₱1,000.00",₱89.29,Senior Citizen,₱200.00,₱889.29,"₱1,000.00"
75979,002-000034119,22/04/2026,20:50:42,3,Dine In,Walk-in,"₱2,070.00",₱184.82,nan,₱0.00,"₱2,254.82","₱2,070.00"
75977,002-000034118,21/04/2026,13:51:40,2,Dine In,Walk-in,"₱2,518.00",₱224.82,nan,₱0.00,"₱2,742.82","₱2,518.00"
75975,002-000034117,21/04/2026,18:20:02,5,Dine In,Walk-in,"₱2,660.00",₱237.50,nan,₱0.00,"₱2,897.50","₱2,660.00"
75972,002-000034116,21/04/2026,17:47:55,1,Dine In,Walk-in,₱805.00,₱71.87,nan,₱0.00,₱876.87,₱805.00
75968,002-000034115,21/04/2026,18:45:33,3,Dine In,Walk-in,"₱1,795.00",₱160.27,nan,₱0.00,"₱1,955.27","₱1,795.00"
75966,002-000034114,21/04/2026,20:47:12,5,Dine In,Walk-in,"₱2,730.00",₱243.75,nan,₱0.00,"₱2,973.75","₱2,730.00"
75964,002-000034113,21/04/2026,13:42:27,5,Dine In,Walk-in,"₱2,100.00",₱187.50,nan,₱0.00,"₱2,287.50","₱2,100.00"
75962,002-000034112,21/04/2026,11:25:30,6,Dine In,Walk-in,"₱1,985.00",₱177.23,Employee Discount,₱397.00,"₱1,765.23","₱1,985.00"
75959,002-000034111,21/04/2026,19:07:49,3,Dine In,Walk-in,"₱2,090.00",₱186.61,nan,₱0.00,"₱2,276.61","₱2,090.00"
75955,002-000034110,21/04/2026,20:41:41,3,Dine In,Walk-in,₱450.00,₱40.18,nan,₱0.00,₱490.18,₱450.00
75952,002-000034109,21/04/2026,19:11:46,5,Dine In,Walk-in,"₱1,830.00",₱163.39,nan,₱0.00,"₱1,993.39","₱1,830.00"
75948,002-000034108,21/04/2026,13:10:45,1,Dine In,Walk-in,"₱1,700.00",₱151.79,nan,₱0.00,"₱1,851.79","₱1,700.00"
75945,002-000034107,21/04/2026,13:42:55,4,Dine In,Walk-in,"₱2,685.00",₱239.73,nan,₱0.00,"₱2,924.73","₱2,685.00"
75943,002-000034106,21/04/2026,17:01:12,1,Dine In,Walk-in,"₱1,780.00",₱158.93,nan,₱0.00,"₱1,938.93","₱1,780.00"
75939,002-000034105,21/04/2026,19:40:44,3,Dine In,Walk-in,"₱1,475.00",₱131.70,nan,₱0.00,"₱1,606.70","₱1,475.00"
75935,002-000034104,21/04/2026,20:52:52,6,Dine In,Walk-in,"₱1,335.00",₱119.20,nan,₱0.00,"₱1,454.20","₱1,335.00"
75933,002-000034103,21/04/2026,18:25:05,3,Delivery,FoodPanda,"₱6,455.00",₱576.34,nan,₱0.00,"₱7,031.34","₱6,455.00"
75932,002-000034102,21/04/2026,13:40:11,4,Dine In,Walk-in,"₱2,400.00",₱214.29,PWD,₱480.00,"₱2,134.29","₱2,400.00"
75831,002-000034101,20/04/2026,17:53:27,1,Dine In,Walk-in,"₱2,033.00",₱181.52,Employee Discount,₱406.60,"₱1,807.92","₱2,033.00"
75827,002-000034100,20/04/2026,12:08:13,4,Dine In,Walk-in,₱810.00,₱72.32,nan,₱0.00,₱882.32,₱810.00
75824,002-000034099,20/04/2026,18:23:06,3,Dine In,Walk-in,"₱3,190.00",₱284.82,nan,₱0.00,"₱3,474.82","₱3,190.00"
75822,002-000034098,20/04/2026,17:02:13,6,Dine In,Walk-in,"₱2,985.00",₱266.52,nan,₱0.00,"₱3,251.52","₱2,985.00"
75818,002-000034097,20/04/2026,20:28:21,1,Dine In,Walk-in,"₱1,010.00",₱90.18,Employee Discount,₱202.00,₱898.18,"₱1,010.00"
75815,002-000034096,20/04/2026,12:37:37,5,Dine In,Walk-in,₱540.00,₱48.21,nan,₱0.00,₱588.21,₱540.00
75811,002-000034095,20/04/2026,17:05:22,3,Dine In,Walk-in,"₱2,915.00",₱260.27,nan,₱0.00,"₱3,175.27","₱2,915.00"
75809,002-000034094,20/04/2026,19:07:19,3,Dine In,Walk-in,"₱1,500.00",₱133.93,nan,₱0.00,"₱1,633.93","₱1,500.00"
75807,002-000034093,20/04/2026,17:28:18,2,Dine In,Walk-in,"₱1,260.00",₱112.50,nan,₱0.00,"₱1,372.50","₱1,260.00"
75804,002-000034092,20/04/2026,13:36:41,2,Dine In,Walk-in,"₱1,215.00",₱108.48,Employee Discount,₱243.00,"₱1,080.48","₱1,215.00"
75801,002-000034091,20/04/2026,18:22:40,4,Dine In,Walk-in,"₱2,150.00",₱191.96,nan,₱0.00,"₱2,341.96","₱2,150.00"
75797,002-000034090,20/04/2026,11:23:43,4,Dine In,Walk-in,"₱6,785.00",₱605.80,nan,₱0.00,"₱7,390.80","₱6,785.00"
75796,002-000034089,20/04/2026,13:57:51,3,Delivery,FoodPanda,"₱1,515.00",₱135.27,nan,₱0.00,"₱1,650.27","₱1,515.00"
75794,002-000034088,20/04/2026,18:00:22,6,Dine In,Walk-in,"₱1,910.00",₱170.54,nan,₱0.00,"₱2,080.54","₱1,910.00"
75791,002-000034087,20/04/2026,11:57:11,6,Dine In,Walk-in,₱993.00,₱88.66,Senior Citizen,₱198.60,₱883.06,₱993.00
75789,002-000034086,20/04/2026,18:54:52,1,Dine In,Walk-in,₱980.00,₱87.50,PWD,₱196.00,₱871.50,₱980.00
75787,002-000034085,20/04/2026,17:06:20,5,Dine In,Walk-in,₱540.00,₱48.21,nan,₱0.00,₱588.21,₱540.00
75785,002-000034084,20/04/2026,13:31:56,3,Dine In,Walk-in,"₱2,170.00",₱193.75,nan,₱0.00,"₱2,363.75","₱2,170.00"
75783,002-000034083,19/04/2026,20:37:09,5,Delivery,FoodPanda,"₱2,160.00",₱192.86,nan,₱0.00,"₱2,352.86","₱2,160.00"
75780,002-000034082,19/04/2026,20:27:33,5,Dine In,Walk-in,"₱3,580.00",₱319.64,nan,₱0.00,"₱3,899.64","₱3,580.00"
75777,002-000034081,19/04/2026,19:52:35,1,Dine In,Walk-in,"₱2,200.00",₱196.43,nan,₱0.00,"₱2,396.43","₱2,200.00"
75774,002-000034080,19/04/2026,18:03:41,4,Dine In,Walk-in,₱910.00,₱81.25,nan,₱0.00,₱991.25,₱910.00
75772,002-000034079,19/04/2026,17:09:33,1,Dine In,Walk-in,₱340.00,₱30.36,nan,₱0.00,₱370.36,₱340.00
75768,002-000034078,19/04/2026,20:05:44,6,Dine In,Walk-in,"₱1,950.00",₱174.11,Employee Discount,₱390.00,"₱1,734.11","₱1,950.00"
75764,002-000034077,19/04/2026,13:15:08,5,Dine In,Walk-in,"₱1,045.00",₱93.30,nan,₱0.00,"₱1,138.30","₱1,045.00"
75762,002-000034076,19/04/2026,18:19:40,6,Dine In,Walk-in,₱445.00,₱39.73,nan,₱0.00,₱484.73,₱445.00
75758,002-000034075,19/04/2026,18:49:40,2,Dine In,Walk-in,₱515.00,₱45.98,nan,₱0.00,₱560.98,₱515.00
75756,002-000034074,19/04/2026,17:22:35,4,Dine In,Walk-in,₱895.00,₱79.91,nan,₱0.00,₱974.91,₱895.00
75754,002-000034073,19/04/2026,19:50:43,5,Dine In,Walk-in,"₱2,735.00",₱244.20,PWD,₱547.00,"₱2,432.20","₱2,735.00"
75752,002-000034072,19/04/2026,19:54:26,6,Dine In,Walk-in,"₱1,800.00",₱160.71,nan,₱0.00,"₱1,960.71","₱1,800.00"
75750,002-000034071,19/04/2026,12:03:21,5,Take Out,Walk-in,"₱7,003.00",₱625.27,nan,₱0.00,"₱7,628.27","₱7,003.00"
75748,002-000034070,19/04/2026,17:53:01,4,Dine In,Walk-in,"₱1,700.00",₱151.79,nan,₱0.00,"₱1,851.79","₱1,700.00"
75746,002-000034069,19/04/2026,17:01:22,3,Dine In,Walk-in,"₱1,965.00",₱175.45,nan,₱0.00,"₱2,140.45","₱1,965.00"
75745,002-000034068,19/04/2026,20:12:35,5,Dine In,Walk-in,"₱1,060.00",₱94.64,nan,₱0.00,"₱1,154.64","₱1,060.00"
75742,002-000034067,19/04/2026,20:14:28,1,Dine In,Walk-in,"₱2,175.00",₱194.20,nan,₱0.00,"₱2,369.20","₱2,175.00"
75738,002-000034066,19/04/2026,18:43:38,5,Dine In,Walk-in,"₱1,195.00",₱106.70,Employee Discount,₱239.00,"₱1,062.70","₱1,195.00"
75734,002-000034065,19/04/2026,11:18:27,5,Dine In,Walk-in,"₱1,909.00",₱170.45,PWD,₱381.80,"₱1,697.65","₱1,909.00"
75733,002-000034064,19/04/2026,19:19:48,2,Take Out,Walk-in,"₱1,195.00",₱106.70,nan,₱0.00,"₱1,301.70","₱1,195.00"
75731,002-000034063,19/04/2026,20:51:38,2,Dine In,Walk-in,"₱1,400.00",₱125.00,nan,₱0.00,"₱1,525.00","₱1,400.00"
75729,002-000034062,19/04/2026,12:56:33,2,Dine In,Walk-in,"₱1,435.00",₱128.12,nan,₱0.00,"₱1,563.12","₱1,435.00"
75727,002-000034061,19/04/2026,18:54:57,1,Dine In,Walk-in,"₱1,100.00",₱98.21,nan,₱0.00,"₱1,198.21","₱1,100.00"
75726,002-000034060,19/04/2026,20:26:25,4,Dine In,Walk-in,₱845.00,₱75.45,nan,₱0.00,₱920.45,₱845.00
75722,002-000034059,19/04/2026,13:41:54,3,Dine In,Walk-in,"₱2,069.00",₱184.73,nan,₱0.00,"₱2,253.73","₱2,069.00"
75719,002-000034058,18/04/2026,20:56:38,1,Dine In,Walk-in,₱425.00,₱37.95,PWD,₱85.00,₱377.95,₱425.00
75718,002-000034057,18/04/2026,19:50:25,6,Dine In,Walk-in,₱575.00,₱51.34,nan,₱0.00,₱626.34,₱575.00
75717,002-000034056,18/04/2026,20:17:51,4,Dine In,Walk-in,₱720.00,₱64.29,nan,₱0.00,₱784.29,₱720.00
75716,002-000034055,18/04/2026,20:30:06,5,Dine In,Walk-in,₱720.00,₱64.29,nan,₱0.00,₱784.29,₱720.00
75714,002-000034054,18/04/2026,11:36:20,3,Dine In,Walk-in,"₱2,720.00",₱242.86,nan,₱0.00,"₱2,962.86","₱2,720.00"
75711,002-000034053,18/04/2026,20:46:24,5,Dine In,Walk-in,"₱1,265.00",₱112.95,nan,₱0.00,"₱1,377.95","₱1,265.00"
75709,002-000034052,18/04/2026,20:57:09,2,Dine In,Walk-in,"₱1,460.00",₱130.36,Employee Discount,₱292.00,"₱1,298.36","₱1,460.00"
75705,002-000034051,18/04/2026,19:00:18,6,Dine In,Walk-in,"₱2,265.00",₱202.23,nan,₱0.00,"₱2,467.23","₱2,265.00"
75703,002-000034050,18/04/2026,11:15:52,4,Dine In,Walk-in,"₱1,145.00",₱102.23,Employee Discount,₱229.00,"₱1,018.23","₱1,145.00"
75700,002-000034049,18/04/2026,18:24:32,5,Dine In,Walk-in,"₱1,385.00",₱123.66,PWD,₱277.00,"₱1,231.66","₱1,385.00"
75699,002-000034048,18/04/2026,11:58:46,3,Dine In,Walk-in,"₱3,014.00",₱269.11,nan,₱0.00,"₱3,283.11","₱3,014.00"
75698,002-000034047,18/04/2026,13:20:27,3,Dine In,Walk-in,₱870.00,₱77.68,nan,₱0.00,₱947.68,₱870.00
75696,002-000034046,18/04/2026,11:59:22,3,Take Out,Walk-in,"₱2,505.00",₱223.66,Employee Discount,₱501.00,"₱2,227.66","₱2,505.00"
75695,002-000034045,18/04/2026,13:00:44,6,Dine In,Walk-in,"₱1,645.00",₱146.87,nan,₱0.00,"₱1,791.87","₱1,645.00"
75691,002-000034044,18/04/2026,19:17:37,2,Dine In,Walk-in,"₱2,980.00",₱266.07,nan,₱0.00,"₱3,246.07","₱2,980.00"
75690,002-000034043,18/04/2026,18:53:09,5,Dine In,Walk-in,₱990.00,₱88.39,nan,₱0.00,"₱1,078.39",₱990.00
75687,002-000034042,18/04/2026,11:51:40,3,Dine In,Walk-in,"₱2,655.00",₱237.05,nan,₱0.00,"₱2,892.05","₱2,655.00"
75685,002-000034041,18/04/2026,20:32:03,2,Dine In,Walk-in,"₱1,430.00",₱127.68,nan,₱0.00,"₱1,557.68","₱1,430.00"
75681,002-000034040,18/04/2026,18:47:07,5,Dine In,Walk-in,"₱2,470.00",₱220.54,nan,₱0.00,"₱2,690.54","₱2,470.00"
75680,002-000034039,18/04/2026,12:12:52,2,Dine In,Walk-in,"₱1,165.00",₱104.02,nan,₱0.00,"₱1,269.02","₱1,165.00"
75676,002-000034038,18/04/2026,12:30:20,4,Dine In,Walk-in,"₱1,059.00",₱94.55,nan,₱0.00,"₱1,153.55","₱1,059.00"
75674,002-000034037,18/04/2026,11:32:53,2,Dine In,Walk-in,"₱2,195.00",₱195.98,nan,₱0.00,"₱2,390.98","₱2,195.00"
75670,002-000034036,18/04/2026,19:43:19,3,Dine In,Walk-in,₱365.00,₱32.59,Employee Discount,₱73.00,₱324.59,₱365.00
75666,002-000034035,18/04/2026,11:47:32,2,Dine In,Walk-in,"₱1,140.00",₱101.79,nan,₱0.00,"₱1,241.79","₱1,140.00"
75663,002-000034034,17/04/2026,19:39:51,1,Dine In,Walk-in,"₱2,920.00",₱260.71,nan,₱0.00,"₱3,180.71","₱2,920.00"
75662,002-000034033,17/04/2026,17:36:16,1,Dine In,Walk-in,"₱1,170.00",₱104.46,nan,₱0.00,"₱1,274.46","₱1,170.00"
75660,002-000034032,17/04/2026,13:28:15,5,Dine In,Walk-in,"₱1,975.00",₱176.34,nan,₱0.00,"₱2,151.34","₱1,975.00"
75656,002-000034031,17/04/2026,20:50:27,5,Dine In,Walk-in,₱590.00,₱52.68,nan,₱0.00,₱642.68,₱590.00
75654,002-000034030,17/04/2026,13:45:01,5,Dine In,Walk-in,₱790.00,₱70.54,nan,₱0.00,₱860.54,₱790.00
75650,002-000034029,17/04/2026,17:19:25,6,Dine In,Walk-in,₱755.00,₱67.41,nan,₱0.00,₱822.41,₱755.00
75648,002-000034028,17/04/2026,12:54:17,4,Dine In,Walk-in,"₱1,045.00",₱93.30,nan,₱0.00,"₱1,138.30","₱1,045.00"
75647,002-000034027,17/04/2026,19:58:11,3,Dine In,Walk-in,"₱1,505.00",₱134.37,nan,₱0.00,"₱1,639.37","₱1,505.00"
75645,002-000034026,17/04/2026,20:26:25,5,Dine In,Walk-in,"₱1,135.00",₱101.34,nan,₱0.00,"₱1,236.34","₱1,135.00"
75641,002-000034025,17/04/2026,13:41:12,3,Dine In,Walk-in,"₱1,405.00",₱125.45,nan,₱0.00,"₱1,530.45","₱1,405.00"
75639,002-000034024,17/04/2026,12:00:34,1,Dine In,Walk-in,"₱1,310.00",₱116.96,nan,₱0.00,"₱1,426.96","₱1,310.00"
75637,002-000034023,17/04/2026,20:13:03,3,Take Out,Walk-in,₱620.00,₱55.36,nan,₱0.00,₱675.36,₱620.00
75633,002-000034022,17/04/2026,12:36:16,2,Dine In,Walk-in,"₱2,735.00",₱244.20,nan,₱0.00,"₱2,979.20","₱2,735.00"
75629,002-000034021,17/04/2026,17:10:35,3,Dine In,Walk-in,₱925.00,₱82.59,nan,₱0.00,"₱1,007.59",₱925.00
75627,002-000034020,17/04/2026,20:46:23,1,Delivery,FoodPanda,₱949.00,₱84.73,nan,₱0.00,"₱1,033.73",₱949.00
75624,002-000034019,17/04/2026,18:10:43,4,Dine In,Walk-in,"₱2,445.00",₱218.30,PWD,₱489.00,"₱2,174.30","₱2,445.00"
75623,002-000034018,17/04/2026,17:30:41,5,Take Out,Walk-in,"₱3,325.00",₱296.87,nan,₱0.00,"₱3,621.87","₱3,325.00"
75620,002-000034017,16/04/2026,19:53:34,6,Dine In,Walk-in,₱690.00,₱61.61,nan,₱0.00,₱751.61,₱690.00
75618,002-000034016,16/04/2026,11:34:34,6,Dine In,Walk-in,"₱1,510.00",₱134.82,nan,₱0.00,"₱1,644.82","₱1,510.00"
75615,002-000034015,16/04/2026,17:41:37,6,Dine In,Walk-in,₱430.00,₱38.39,nan,₱0.00,₱468.39,₱430.00
75611,002-000034014,16/04/2026,18:13:22,3,Dine In,Walk-in,"₱2,645.00",₱236.16,PWD,₱529.00,"₱2,352.16","₱2,645.00"
75608,002-000034013,16/04/2026,13:22:12,2,Dine In,Walk-in,"₱1,585.00",₱141.52,Employee Discount,₱317.00,"₱1,409.52","₱1,585.00"
75607,002-000034012,16/04/2026,11:44:01,4,Dine In,Walk-in,"₱2,970.00",₱265.18,nan,₱0.00,"₱3,235.18","₱2,970.00"
75605,002-000034011,16/04/2026,18:55:08,4,Dine In,Walk-in,"₱1,865.00",₱166.52,nan,₱0.00,"₱2,031.52","₱1,865.00"
75603,002-000034010,16/04/2026,13:53:53,4,Dine In,Walk-in,₱970.00,₱86.61,nan,₱0.00,"₱1,056.61",₱970.00
75599,002-000034009,16/04/2026,20:07:17,4,Dine In,Walk-in,₱790.00,₱70.54,nan,₱0.00,₱860.54,₱790.00
75598,002-000034008,16/04/2026,17:21:48,3,Dine In,Walk-in,"₱2,720.00",₱242.86,nan,₱0.00,"₱2,962.86","₱2,720.00"
75596,002-000034007,16/04/2026,12:16:55,3,Dine In,Walk-in,"₱2,835.00",₱253.12,nan,₱0.00,"₱3,088.12","₱2,835.00"
75594,002-000034006,16/04/2026,17:36:44,6,Dine In,Walk-in,₱805.00,₱71.87,nan,₱0.00,₱876.87,₱805.00
75591,002-000034005,16/04/2026,13:47:30,4,Dine In,Walk-in,"₱1,260.00",₱112.50,nan,₱0.00,"₱1,372.50","₱1,260.00"
75589,002-000034004,16/04/2026,18:12:17,2,Dine In,Walk-in,"₱1,685.00",₱150.45,nan,₱0.00,"₱1,835.45","₱1,685.00"
75586,002-000034003,16/04/2026,12:57:10,6,Dine In,Walk-in,₱950.00,₱84.82,nan,₱0.00,"₱1,034.82",₱950.00
75584,002-000034002,16/04/2026,20:53:55,6,Dine In,Walk-in,"₱2,105.00",₱187.95,nan,₱0.00,"₱2,292.95","₱2,105.00"
75482,002-000034001,15/04/2026,17:11:54,4,Dine In,Walk-in,"₱1,800.00",₱160.71,nan,₱0.00,"₱1,960.71","₱1,800.00"
75480,002-000034000,15/04/2026,18:13:02,5,Dine In,Walk-in,"₱1,175.00",₱104.91,nan,₱0.00,"₱1,279.91","₱1,175.00"
75478,002-000033999,15/04/2026,11:16:31,1,Dine In,Walk-in,"₱3,495.00",₱312.05,nan,₱0.00,"₱3,807.05","₱3,495.00"
75477,002-000033998,15/04/2026,11:04:50,2,Dine In,Walk-in,"₱2,665.00",₱237.95,nan,₱0.00,"₱2,902.95","₱2,665.00"
75476,002-000033997,15/04/2026,20:56:00,2,Take Out,Walk-in,"₱1,265.00",₱112.95,nan,₱0.00,"₱1,377.95","₱1,265.00"
75472,002-000033996,15/04/2026,11:04:54,2,Dine In,Walk-in,"₱1,100.00",₱98.21,nan,₱0.00,"₱1,198.21","₱1,100.00"
75469,002-000033995,15/04/2026,12:10:39,4,Dine In,Walk-in,"₱1,690.00",₱150.89,nan,₱0.00,"₱1,840.89","₱1,690.00"
75465,002-000033994,15/04/2026,19:07:08,5,Dine In,Walk-in,"₱2,915.00",₱260.27,nan,₱0.00,"₱3,175.27","₱2,915.00"
75464,002-000033993,15/04/2026,12:47:20,1,Dine In,Walk-in,₱640.00,₱57.14,nan,₱0.00,₱697.14,₱640.00
75460,002-000033992,15/04/2026,13:55:19,5,Take Out,Walk-in,₱985.00,₱87.95,Employee Discount,₱197.00,₱875.95,₱985.00
75459,002-000033991,15/04/2026,11:17:43,4,Dine In,Walk-in,"₱1,198.00",₱106.96,Senior Citizen,₱239.60,"₱1,065.36","₱1,198.00"
75456,002-000033990,15/04/2026,19:14:45,2,Dine In,Walk-in,"₱1,934.00",₱172.68,nan,₱0.00,"₱2,106.68","₱1,934.00"
75455,002-000033989,15/04/2026,18:00:11,1,Dine In,Walk-in,"₱1,549.00",₱138.30,nan,₱0.00,"₱1,687.30","₱1,549.00"
75454,002-000033988,15/04/2026,11:25:03,2,Dine In,Walk-in,"₱2,235.00",₱199.55,nan,₱0.00,"₱2,434.55","₱2,235.00"
75451,002-000033987,15/04/2026,20:25:15,1,Dine In,Walk-in,"₱2,955.00",₱263.84,nan,₱0.00,"₱3,218.84","₱2,955.00"
75448,002-000033986,15/04/2026,19:34:48,1,Delivery,FoodPanda,₱875.00,₱78.12,nan,₱0.00,₱953.12,₱875.00
75446,002-000033985,15/04/2026,20:58:51,2,Dine In,Walk-in,"₱1,025.00",₱91.52,nan,₱0.00,"₱1,116.52","₱1,025.00"
75445,002-000033984,14/04/2026,13:29:03,6,Dine In,Walk-in,"₱1,190.00",₱106.25,nan,₱0.00,"₱1,296.25","₱1,190.00"
75443,002-000033983,14/04/2026,18:05:07,3,Dine In,Walk-in,₱355.00,₱31.70,nan,₱0.00,₱386.70,₱355.00
75441,002-000033982,14/04/2026,17:00:28,4,Dine In,Walk-in,"₱1,505.00",₱134.37,nan,₱0.00,"₱1,639.37","₱1,505.00"
75440,002-000033981,14/04/2026,19:04:54,5,Dine In,Walk-in,"₱1,465.00",₱130.80,nan,₱0.00,"₱1,595.80","₱1,465.00"
75439,002-000033980,14/04/2026,12:56:06,5,Dine In,Walk-in,"₱3,215.00",₱287.05,nan,₱0.00,"₱3,502.05","₱3,215.00"
75436,002-000033979,14/04/2026,12:11:13,1,Dine In,Walk-in,"₱2,040.00",₱182.14,nan,₱0.00,"₱2,222.14","₱2,040.00"
75433,002-000033978,14/04/2026,13:03:01,6,Dine In,Walk-in,₱938.00,₱83.75,nan,₱0.00,"₱1,021.75",₱938.00
75432,002-000033977,14/04/2026,18:45:32,3,Dine In,Walk-in,"₱1,350.00",₱120.54,nan,₱0.00,"₱1,470.54","₱1,350.00"
75430,002-000033976,14/04/2026,12:11:39,3,Dine In,Walk-in,"₱1,855.00",₱165.62,nan,₱0.00,"₱2,020.62","₱1,855.00"
75428,002-000033975,14/04/2026,19:40:31,5,Dine In,Walk-in,₱310.00,₱27.68,nan,₱0.00,₱337.68,₱310.00
75426,002-000033974,14/04/2026,13:41:12,5,Dine In,Walk-in,₱815.00,₱72.77,nan,₱0.00,₱887.77,₱815.00
75422,002-000033973,14/04/2026,20:02:34,3,Dine In,Walk-in,₱325.00,₱29.02,nan,₱0.00,₱354.02,₱325.00
75421,002-000033972,14/04/2026,18:20:45,6,Dine In,Walk-in,"₱1,979.00",₱176.70,nan,₱0.00,"₱2,155.70","₱1,979.00"
75420,002-000033971,14/04/2026,17:48:54,2,Dine In,Walk-in,"₱5,460.00",₱487.50,nan,₱0.00,"₱5,947.50","₱5,460.00"
75417,002-000033970,14/04/2026,13:04:56,4,Dine In,Walk-in,"₱2,265.00",₱202.23,nan,₱0.00,"₱2,467.23","₱2,265.00"
75415,002-000033969,14/04/2026,17:59:38,1,Delivery,FoodPanda,₱655.00,₱58.48,nan,₱0.00,₱713.48,₱655.00
75411,002-000033968,13/04/2026,12:18:16,1,Dine In,Walk-in,"₱1,845.00",₱164.73,nan,₱0.00,"₱2,009.73","₱1,845.00"
75408,002-000033967,13/04/2026,13:58:13,1,Dine In,Walk-in,"₱1,110.00",₱99.11,nan,₱0.00,"₱1,209.11","₱1,110.00"
75405,002-000033966,13/04/2026,19:31:34,3,Dine In,Walk-in,"₱2,130.00",₱190.18,nan,₱0.00,"₱2,320.18","₱2,130.00"
75403,002-000033965,13/04/2026,11:24:26,5,Delivery,FoodPanda,"₱1,700.00",₱151.79,nan,₱0.00,"₱1,851.79","₱1,700.00"
75399,002-000033964,13/04/2026,19:51:29,6,Take Out,Walk-in,"₱3,275.00",₱292.41,nan,₱0.00,"₱3,567.41","₱3,275.00"
75398,002-000033963,13/04/2026,18:29:45,5,Dine In,Walk-in,"₱2,130.00",₱190.18,nan,₱0.00,"₱2,320.18","₱2,130.00"
75395,002-000033962,13/04/2026,13:28:29,1,Dine In,Walk-in,"₱1,480.00",₱132.14,nan,₱0.00,"₱1,612.14","₱1,480.00"
75394,002-000033961,13/04/2026,12:23:59,6,Dine In,Walk-in,"₱2,100.00",₱187.50,nan,₱0.00,"₱2,287.50","₱2,100.00"
75393,002-000033960,13/04/2026,11:14:49,2,Dine In,Walk-in,"₱3,120.00",₱278.57,nan,₱0.00,"₱3,398.57","₱3,120.00"
75389,002-000033959,13/04/2026,20:08:26,6,Dine In,Walk-in,"₱2,155.00",₱192.41,nan,₱0.00,"₱2,347.41","₱2,155.00"
75387,002-000033958,13/04/2026,20:33:09,1,Dine In,Walk-in,"₱1,655.00",₱147.77,nan,₱0.00,"₱1,802.77","₱1,655.00"
75383,002-000033957,13/04/2026,19:05:28,1,Dine In,Walk-in,"₱1,020.00",₱91.07,nan,₱0.00,"₱1,111.07","₱1,020.00"
75382,002-000033956,13/04/2026,18:39:07,6,Delivery,FoodPanda,"₱2,540.00",₱226.79,nan,₱0.00,"₱2,766.79","₱2,540.00"
75378,002-000033955,13/04/2026,18:12:21,4,Dine In,Walk-in,"₱1,105.00",₱98.66,PWD,₱221.00,₱982.66,"₱1,105.00"
75374,002-000033954,13/04/2026,13:16:04,5,Dine In,Walk-in,₱975.00,₱87.05,nan,₱0.00,"₱1,062.05",₱975.00
75370,002-000033953,12/04/2026,20:00:23,1,Dine In,Walk-in,"₱2,240.00",₱200.00,nan,₱0.00,"₱2,440.00","₱2,240.00"
75369,002-000033952,12/04/2026,12:03:23,6,Dine In,Walk-in,"₱1,250.00",₱111.61,nan,₱0.00,"₱1,361.61","₱1,250.00"
75368,002-000033951,12/04/2026,11:56:55,5,Dine In,Walk-in,"₱2,745.00",₱245.09,nan,₱0.00,"₱2,990.09","₱2,745.00"
75365,002-000033950,12/04/2026,20:44:29,5,Dine In,Walk-in,"₱2,670.00",₱238.39,Employee Discount,₱534.00,"₱2,374.39","₱2,670.00"
75363,002-000033949,12/04/2026,20:19:35,4,Dine In,Walk-in,"₱1,559.00",₱139.20,nan,₱0.00,"₱1,698.20","₱1,559.00"
75362,002-000033948,12/04/2026,11:00:41,1,Dine In,Walk-in,₱255.00,₱22.77,nan,₱0.00,₱277.77,₱255.00
75359,002-000033947,12/04/2026,18:27:14,5,Dine In,Walk-in,"₱1,365.00",₱121.87,PWD,₱273.00,"₱1,213.87","₱1,365.00"
75357,002-000033946,12/04/2026,13:01:33,2,Dine In,Walk-in,₱235.00,₱20.98,nan,₱0.00,₱255.98,₱235.00
75354,002-000033945,12/04/2026,20:41:23,3,Dine In,Walk-in,₱354.00,₱31.61,nan,₱0.00,₱385.61,₱354.00
75352,002-000033944,12/04/2026,18:24:36,2,Dine In,Walk-in,"₱1,395.00",₱124.55,nan,₱0.00,"₱1,519.55","₱1,395.00"
75348,002-000033943,12/04/2026,11:18:33,2,Dine In,Walk-in,"₱1,640.00",₱146.43,nan,₱0.00,"₱1,786.43","₱1,640.00"
75347,002-000033942,12/04/2026,18:02:35,4,Dine In,Walk-in,"₱2,000.00",₱178.57,nan,₱0.00,"₱2,178.57","₱2,000.00"
75345,002-000033941,12/04/2026,13:28:02,6,Dine In,Walk-in,"₱1,080.00",₱96.43,nan,₱0.00,"₱1,176.43","₱1,080.00"
75343,002-000033940,12/04/2026,13:53:42,3,Dine In,Walk-in,₱715.00,₱63.84,nan,₱0.00,₱778.84,₱715.00
75340,002-000033939,12/04/2026,17:58:41,5,Dine In,Walk-in,"₱5,475.00",₱488.84,PWD,"₱1,095.00","₱4,868.84","₱5,475.00"
75337,002-000033938,12/04/2026,13:22:43,3,Delivery,FoodPanda,"₱1,200.00",₱107.14,nan,₱0.00,"₱1,307.14","₱1,200.00"
75336,002-000033937,12/04/2026,18:57:33,1,Dine In,Walk-in,"₱1,555.00",₱138.84,nan,₱0.00,"₱1,693.84","₱1,555.00"
75335,002-000033936,12/04/2026,20:27:25,5,Dine In,Walk-in,"₱1,364.00",₱121.79,nan,₱0.00,"₱1,485.79","₱1,364.00"
75334,002-000033935,12/04/2026,13:29:06,1,Dine In,Walk-in,"₱1,550.00",₱138.39,nan,₱0.00,"₱1,688.39","₱1,550.00"
75331,002-000033934,12/04/2026,17:35:58,1,Dine In,Walk-in,"₱3,370.00",₱300.89,nan,₱0.00,"₱3,670.89","₱3,370.00"
75329,002-000033933,12/04/2026,20:57:38,5,Take Out,Walk-in,"₱3,200.00",₱285.71,nan,₱0.00,"₱3,485.71","₱3,200.00"
75328,002-000033932,12/04/2026,11:55:51,6,Dine In,Walk-in,"₱2,595.00",₱231.70,nan,₱0.00,"₱2,826.70","₱2,595.00"
75326,002-000033931,12/04/2026,13:48:40,2,Dine In,Walk-in,"₱1,965.00",₱175.45,nan,₱0.00,"₱2,140.45","₱1,965.00"
75324,002-000033930,12/04/2026,12:54:23,6,Dine In,Walk-in,₱795.00,₱70.98,nan,₱0.00,₱865.98,₱795.00
75322,002-000033929,12/04/2026,19:50:35,6,Dine In,Walk-in,"₱2,466.00",₱220.18,nan,₱0.00,"₱2,686.18","₱2,466.00"
75319,002-000033928,11/04/2026,19:36:57,6,Take Out,Walk-in,"₱1,085.00",₱96.87,nan,₱0.00,"₱1,181.87","₱1,085.00"
75317,002-000033927,11/04/2026,13:33:41,4,Dine In,Walk-in,"₱1,470.00",₱131.25,nan,₱0.00,"₱1,601.25","₱1,470.00"
75316,002-000033926,11/04/2026,13:44:51,4,Dine In,Walk-in,"₱1,075.00",₱95.98,nan,₱0.00,"₱1,170.98","₱1,075.00"
75312,002-000033925,11/04/2026,12:31:45,5,Dine In,Walk-in,"₱1,538.00",₱137.32,nan,₱0.00,"₱1,675.32","₱1,538.00"
75310,002-000033924,11/04/2026,13:20:04,1,Dine In,Walk-in,"₱2,435.00",₱217.41,nan,₱0.00,"₱2,652.41","₱2,435.00"
75307,002-000033923,11/04/2026,11:02:41,2,Dine In,Walk-in,"₱1,240.00",₱110.71,nan,₱0.00,"₱1,350.71","₱1,240.00"
75305,002-000033922,11/04/2026,11:20:14,6,Dine In,Walk-in,₱610.00,₱54.46,nan,₱0.00,₱664.46,₱610.00
75301,002-000033921,11/04/2026,19:53:44,2,Dine In,Walk-in,"₱1,340.00",₱119.64,nan,₱0.00,"₱1,459.64","₱1,340.00"
75297,002-000033920,11/04/2026,13:46:10,2,Dine In,Walk-in,"₱2,215.00",₱197.77,nan,₱0.00,"₱2,412.77","₱2,215.00"
75293,002-000033919,11/04/2026,19:46:25,3,Dine In,Walk-in,"₱3,010.00",₱268.75,nan,₱0.00,"₱3,278.75","₱3,010.00"
75291,002-000033918,11/04/2026,12:58:05,1,Dine In,Walk-in,"₱1,495.00",₱133.48,nan,₱0.00,"₱1,628.48","₱1,495.00"
75290,002-000033917,11/04/2026,13:00:04,1,Dine In,Walk-in,₱700.00,₱62.50,nan,₱0.00,₱762.50,₱700.00
75286,002-000033916,11/04/2026,12:44:06,6,Dine In,Walk-in,₱840.00,₱75.00,nan,₱0.00,₱915.00,₱840.00
75285,002-000033915,11/04/2026,19:19:54,3,Take Out,Walk-in,"₱2,650.00",₱236.61,nan,₱0.00,"₱2,886.61","₱2,650.00"
75284,002-000033914,11/04/2026,12:59:45,6,Dine In,Walk-in,₱795.00,₱70.98,nan,₱0.00,₱865.98,₱795.00
75281,002-000033913,11/04/2026,18:35:42,6,Dine In,Walk-in,"₱1,500.00",₱133.93,nan,₱0.00,"₱1,633.93","₱1,500.00"
75280,002-000033912,11/04/2026,12:19:22,6,Dine In,Walk-in,"₱1,405.00",₱125.45,nan,₱0.00,"₱1,530.45","₱1,405.00"
75278,002-000033911,11/04/2026,18:09:52,2,Delivery,FoodPanda,₱40.00,₱3.57,nan,₱0.00,₱43.57,₱40.00
75277,002-000033910,11/04/2026,11:13:21,1,Dine In,Walk-in,"₱2,346.00",₱209.46,nan,₱0.00,"₱2,555.46","₱2,346.00"
75275,002-000033909,11/04/2026,19:23:31,4,Dine In,Walk-in,"₱2,780.00",₱248.21,nan,₱0.00,"₱3,028.21","₱2,780.00"
75272,002-000033908,11/04/2026,12:19:37,1,Dine In,Walk-in,₱345.00,₱30.80,nan,₱0.00,₱375.80,₱345.00
75269,002-000033907,11/04/2026,19:02:26,3,Dine In,Walk-in,"₱1,445.00",₱129.02,nan,₱0.00,"₱1,574.02","₱1,445.00"
75265,002-000033906,11/04/2026,19:45:01,5,Delivery,FoodPanda,"₱2,140.00",₱191.07,nan,₱0.00,"₱2,331.07","₱2,140.00"
75261,002-000033905,11/04/2026,18:30:08,5,Dine In,Walk-in,"₱2,019.00",₱180.27,nan,₱0.00,"₱2,199.27","₱2,019.00"
75189,002-000033904,10/04/2026,13:53:06,4,Dine In,Walk-in,"₱1,360.00",₱121.43,nan,₱0.00,"₱1,481.43","₱1,360.00"
75186,002-000033903,10/04/2026,12:15:27,3,Dine In,Walk-in,"₱1,530.00",₱136.61,PWD,₱306.00,"₱1,360.61","₱1,530.00"
75184,002-000033902,10/04/2026,13:21:57,4,Dine In,Walk-in,"₱1,455.00",₱129.91,Employee Discount,₱291.00,"₱1,293.91","₱1,455.00"
75183,002-000033901,10/04/2026,17:04:14,3,Dine In,Walk-in,₱480.00,₱42.86,Employee Discount,₱96.00,₱426.86,₱480.00
75181,002-000033900,10/04/2026,13:03:19,1,Dine In,Walk-in,₱415.00,₱37.05,nan,₱0.00,₱452.05,₱415.00
75177,002-000033899,10/04/2026,17:22:02,4,Dine In,Walk-in,₱810.00,₱72.32,nan,₱0.00,₱882.32,₱810.00
75175,002-000033898,10/04/2026,17:31:08,2,Dine In,Walk-in,"₱3,365.00",₱300.45,nan,₱0.00,"₱3,665.45","₱3,365.00"
75174,002-000033897,10/04/2026,12:43:41,6,Dine In,Walk-in,₱880.00,₱78.57,nan,₱0.00,₱958.57,₱880.00
75170,002-000033896,10/04/2026,18:28:41,2,Dine In,Walk-in,₱145.00,₱12.95,nan,₱0.00,₱157.95,₱145.00
75166,002-000033895,10/04/2026,20:49:31,3,Dine In,Walk-in,"₱2,310.00",₱206.25,nan,₱0.00,"₱2,516.25","₱2,310.00"
75164,002-000033894,10/04/2026,20:32:30,5,Dine In,Walk-in,"₱3,175.00",₱283.48,nan,₱0.00,"₱3,458.48","₱3,175.00"
75162,002-000033893,10/04/2026,17:02:09,3,Dine In,Walk-in,"₱2,450.00",₱218.75,nan,₱0.00,"₱2,668.75","₱2,450.00"
75161,002-000033892,10/04/2026,12:06:40,6,Dine In,Walk-in,"₱2,335.00",₱208.48,nan,₱0.00,"₱2,543.48","₱2,335.00"
75159,002-000033891,10/04/2026,20:54:43,5,Dine In,Walk-in,"₱1,545.00",₱137.95,nan,₱0.00,"₱1,682.95","₱1,545.00"
75157,002-000033890,10/04/2026,20:15:29,2,Dine In,Walk-in,"₱1,340.00",₱119.64,nan,₱0.00,"₱1,459.64","₱1,340.00"
75155,002-000033889,10/04/2026,20:38:17,1,Dine In,Walk-in,"₱2,115.00",₱188.84,nan,₱0.00,"₱2,303.84","₱2,115.00"
75153,002-000033888,10/04/2026,19:49:30,1,Dine In,Walk-in,₱865.00,₱77.23,nan,₱0.00,₱942.23,₱865.00
75151,002-000033887,10/04/2026,12:18:26,3,Dine In,Walk-in,"₱3,290.00",₱293.75,nan,₱0.00,"₱3,583.75","₱3,290.00"
75149,002-000033886,09/04/2026,18:47:35,1,Dine In,Walk-in,"₱1,670.00",₱149.11,nan,₱0.00,"₱1,819.11","₱1,670.00"
75147,002-000033885,09/04/2026,19:53:17,1,Dine In,Walk-in,"₱1,820.00",₱162.50,Employee Discount,₱364.00,"₱1,618.50","₱1,820.00"
75145,002-000033884,09/04/2026,19:43:51,2,Dine In,Walk-in,"₱2,105.00",₱187.95,PWD,₱421.00,"₱1,871.95","₱2,105.00"
75141,002-000033883,09/04/2026,12:06:14,3,Dine In,Walk-in,"₱1,445.00",₱129.02,nan,₱0.00,"₱1,574.02","₱1,445.00"
75138,002-000033882,09/04/2026,18:40:14,1,Dine In,Walk-in,"₱1,145.00",₱102.23,nan,₱0.00,"₱1,247.23","₱1,145.00"
75136,002-000033881,09/04/2026,18:34:15,5,Delivery,FoodPanda,"₱1,130.00",₱100.89,nan,₱0.00,"₱1,230.89","₱1,130.00"
75133,002-000033880,09/04/2026,11:13:35,1,Dine In,Walk-in,"₱1,215.00",₱108.48,nan,₱0.00,"₱1,323.48","₱1,215.00"
75131,002-000033879,09/04/2026,19:03:20,1,Dine In,Walk-in,₱425.00,₱37.95,nan,₱0.00,₱462.95,₱425.00
75129,002-000033878,09/04/2026,17:03:54,3,Dine In,Walk-in,"₱3,815.00",₱340.62,nan,₱0.00,"₱4,155.62","₱3,815.00"
75126,002-000033877,09/04/2026,13:37:08,5,Dine In,Walk-in,"₱1,940.00",₱173.21,nan,₱0.00,"₱2,113.21","₱1,940.00"
75122,002-000033876,09/04/2026,19:31:45,2,Dine In,Walk-in,"₱3,150.00",₱281.25,nan,₱0.00,"₱3,431.25","₱3,150.00"
75120,002-000033875,09/04/2026,20:06:34,3,Dine In,Walk-in,"₱4,820.00",₱430.36,nan,₱0.00,"₱5,250.36","₱4,820.00"
75116,002-000033874,09/04/2026,17:45:10,4,Take Out,Walk-in,₱790.00,₱70.54,nan,₱0.00,₱860.54,₱790.00
75112,002-000033873,09/04/2026,17:07:47,3,Dine In,Walk-in,"₱1,625.00",₱145.09,nan,₱0.00,"₱1,770.09","₱1,625.00"
75108,002-000033872,09/04/2026,18:15:53,4,Dine In,Walk-in,"₱2,145.00",₱191.52,nan,₱0.00,"₱2,336.52","₱2,145.00"
75105,002-000033871,09/04/2026,13:15:25,6,Dine In,Walk-in,"₱1,265.00",₱112.95,nan,₱0.00,"₱1,377.95","₱1,265.00"
75101,002-000033870,09/04/2026,19:58:37,3,Dine In,Walk-in,₱895.00,₱79.91,PWD,₱179.00,₱795.91,₱895.00
75099,002-000033869,08/04/2026,11:59:33,4,Dine In,Walk-in,"₱3,245.00",₱289.73,nan,₱0.00,"₱3,534.73","₱3,245.00"
75098,002-000033868,08/04/2026,13:51:19,1,Dine In,Walk-in,"₱1,510.00",₱134.82,nan,₱0.00,"₱1,644.82","₱1,510.00"
75094,002-000033867,08/04/2026,19:09:33,6,Dine In,Walk-in,"₱1,525.00",₱136.16,nan,₱0.00,"₱1,661.16","₱1,525.00"
75090,002-000033866,08/04/2026,17:41:52,5,Dine In,Walk-in,"₱1,025.00",₱91.52,PWD,₱205.00,₱911.52,"₱1,025.00"
75088,002-000033865,08/04/2026,12:59:11,5,Dine In,Walk-in,"₱1,725.00",₱154.02,nan,₱0.00,"₱1,879.02","₱1,725.00"
75087,002-000033864,08/04/2026,17:05:49,6,Dine In,Walk-in,"₱2,140.00",₱191.07,nan,₱0.00,"₱2,331.07","₱2,140.00"
75086,002-000033863,08/04/2026,20:02:11,5,Dine In,Walk-in,"₱1,445.00",₱129.02,nan,₱0.00,"₱1,574.02","₱1,445.00"
75084,002-000033862,08/04/2026,19:35:35,6,Dine In,Walk-in,"₱1,415.00",₱126.34,nan,₱0.00,"₱1,541.34","₱1,415.00"
75081,002-000033861,08/04/2026,13:07:30,2,Dine In,Walk-in,"₱2,675.00",₱238.84,nan,₱0.00,"₱2,913.84","₱2,675.00"
75079,002-000033860,08/04/2026,17:15:07,4,Dine In,Walk-in,₱590.00,₱52.68,nan,₱0.00,₱642.68,₱590.00
75076,002-000033859,08/04/2026,13:27:22,1,Dine In,Walk-in,"₱2,090.00",₱186.61,nan,₱0.00,"₱2,276.61","₱2,090.00"
75074,002-000033858,08/04/2026,17:03:39,1,Dine In,Walk-in,"₱1,185.00",₱105.80,nan,₱0.00,"₱1,290.80","₱1,185.00"
75072,002-000033857,08/04/2026,11:31:06,5,Dine In,Walk-in,"₱1,780.00",₱158.93,Senior Citizen,₱356.00,"₱1,582.93","₱1,780.00"
75070,002-000033856,08/04/2026,11:36:36,6,Dine In,Walk-in,₱680.00,₱60.71,nan,₱0.00,₱740.71,₱680.00
75068,002-000033855,08/04/2026,11:08:21,1,Dine In,Walk-in,"₱1,905.00",₱170.09,nan,₱0.00,"₱2,075.09","₱1,905.00"
75066,002-000033854,08/04/2026,17:26:37,3,Dine In,Walk-in,"₱1,140.00",₱101.79,nan,₱0.00,"₱1,241.79","₱1,140.00"
75065,002-000033853,07/04/2026,18:36:39,4,Dine In,Walk-in,₱720.00,₱64.29,nan,₱0.00,₱784.29,₱720.00
75062,002-000033852,07/04/2026,18:20:22,5,Dine In,Walk-in,₱280.00,₱25.00,nan,₱0.00,₱305.00,₱280.00
75058,002-000033851,07/04/2026,13:16:36,3,Dine In,Walk-in,"₱3,895.00",₱347.77,nan,₱0.00,"₱4,242.77","₱3,895.00"
75056,002-000033850,07/04/2026,20:37:16,1,Dine In,Walk-in,"₱1,320.00",₱117.86,nan,₱0.00,"₱1,437.86","₱1,320.00"
75055,002-000033849,07/04/2026,19:07:33,4,Dine In,Walk-in,"₱1,535.00",₱137.05,nan,₱0.00,"₱1,672.05","₱1,535.00"
75053,002-000033848,07/04/2026,13:16:33,5,Dine In,Walk-in,"₱1,688.00",₱150.71,nan,₱0.00,"₱1,838.71","₱1,688.00"
75051,002-000033847,07/04/2026,11:06:02,4,Dine In,Walk-in,"₱1,130.00",₱100.89,Employee Discount,₱226.00,"₱1,004.89","₱1,130.00"
75048,002-000033846,07/04/2026,17:25:00,5,Dine In,Walk-in,"₱1,315.00",₱117.41,nan,₱0.00,"₱1,432.41","₱1,315.00"
75044,002-000033845,07/04/2026,17:57:47,2,Dine In,Walk-in,"₱1,680.00",₱150.00,nan,₱0.00,"₱1,830.00","₱1,680.00"
75042,002-000033844,07/04/2026,11:11:51,6,Dine In,Walk-in,"₱1,675.00",₱149.55,nan,₱0.00,"₱1,824.55","₱1,675.00"
75040,002-000033843,07/04/2026,17:47:56,1,Take Out,Walk-in,"₱2,665.00",₱237.95,nan,₱0.00,"₱2,902.95","₱2,665.00"
75037,002-000033842,07/04/2026,19:00:18,6,Dine In,Walk-in,"₱3,235.00",₱288.84,nan,₱0.00,"₱3,523.84","₱3,235.00"
75035,002-000033841,07/04/2026,17:28:03,6,Dine In,Walk-in,"₱2,910.00",₱259.82,nan,₱0.00,"₱3,169.82","₱2,910.00"
75032,002-000033840,07/04/2026,12:05:40,6,Dine In,Walk-in,"₱2,145.00",₱191.52,nan,₱0.00,"₱2,336.52","₱2,145.00"
75028,002-000033839,07/04/2026,19:33:07,1,Dine In,Walk-in,"₱1,450.00",₱129.46,nan,₱0.00,"₱1,579.46","₱1,450.00"
75027,002-000033838,07/04/2026,12:02:20,3,Dine In,Walk-in,"₱1,645.00",₱146.87,nan,₱0.00,"₱1,791.87","₱1,645.00"
75026,002-000033837,07/04/2026,13:54:59,1,Dine In,Walk-in,"₱1,280.00",₱114.29,nan,₱0.00,"₱1,394.29","₱1,280.00"
75024,002-000033836,06/04/2026,18:36:27,5,Dine In,Walk-in,"₱1,305.00",₱116.52,nan,₱0.00,"₱1,421.52","₱1,305.00"
75022,002-000033835,06/04/2026,12:10:13,3,Dine In,Walk-in,₱935.00,₱83.48,nan,₱0.00,"₱1,018.48",₱935.00
75020,002-000033834,06/04/2026,19:55:01,4,Dine In,Walk-in,"₱2,110.00",₱188.39,nan,₱0.00,"₱2,298.39","₱2,110.00"
75017,002-000033833,06/04/2026,13:22:47,4,Dine In,Walk-in,₱970.00,₱86.61,nan,₱0.00,"₱1,056.61",₱970.00
75014,002-000033832,06/04/2026,11:16:50,2,Dine In,Walk-in,"₱1,810.00",₱161.61,nan,₱0.00,"₱1,971.61","₱1,810.00"
75012,002-000033831,06/04/2026,11:27:48,1,Dine In,Walk-in,"₱1,575.00",₱140.62,nan,₱0.00,"₱1,715.62","₱1,575.00"
75008,002-000033830,06/04/2026,17:30:17,4,Dine In,Walk-in,"₱1,805.00",₱161.16,nan,₱0.00,"₱1,966.16","₱1,805.00"
75006,002-000033829,06/04/2026,20:52:41,5,Dine In,Walk-in,"₱1,000.00",₱89.29,nan,₱0.00,"₱1,089.29","₱1,000.00"
75004,002-000033828,06/04/2026,17:03:57,1,Dine In,Walk-in,"₱1,640.00",₱146.43,nan,₱0.00,"₱1,786.43","₱1,640.00"
75001,002-000033827,06/04/2026,19:05:34,5,Dine In,Walk-in,₱640.00,₱57.14,nan,₱0.00,₱697.14,₱640.00
75000,002-000033826,06/04/2026,19:01:23,6,Dine In,Walk-in,₱575.00,₱51.34,nan,₱0.00,₱626.34,₱575.00
74998,002-000033825,06/04/2026,20:40:43,5,Dine In,Walk-in,₱240.00,₱21.43,nan,₱0.00,₱261.43,₱240.00
74994,002-000033824,06/04/2026,19:22:59,5,Dine In,Walk-in,"₱1,595.00",₱142.41,nan,₱0.00,"₱1,737.41","₱1,595.00"
74992,002-000033823,06/04/2026,20:06:13,4,Dine In,Walk-in,₱785.00,₱70.09,nan,₱0.00,₱855.09,₱785.00
74990,002-000033822,06/04/2026,20:24:48,3,Dine In,Walk-in,₱675.00,₱60.27,nan,₱0.00,₱735.27,₱675.00
74988,002-000033821,06/04/2026,12:04:54,2,Dine In,Walk-in,"₱2,920.00",₱260.71,nan,₱0.00,"₱3,180.71","₱2,920.00"
74986,002-000033820,06/04/2026,20:14:01,3,Dine In,Walk-in,₱735.00,₱65.62,nan,₱0.00,₱800.62,₱735.00
74984,002-000033819,06/04/2026,13:27:23,1,Dine In,Walk-in,"₱2,415.00",₱215.62,nan,₱0.00,"₱2,630.62","₱2,415.00"
74869,002-000033818,05/04/2026,18:00:43,1,Dine In,Walk-in,₱650.00,₱58.04,nan,₱0.00,₱708.04,₱650.00
74867,002-000033817,05/04/2026,19:53:42,2,Dine In,Walk-in,₱895.00,₱79.91,nan,₱0.00,₱974.91,₱895.00
74863,002-000033816,05/04/2026,17:46:37,2,Dine In,Walk-in,"₱1,890.00",₱168.75,Senior Citizen,₱378.00,"₱1,680.75","₱1,890.00"
74862,002-000033815,05/04/2026,13:14:32,1,Delivery,FoodPanda,"₱1,372.00",₱122.50,nan,₱0.00,"₱1,494.50","₱1,372.00"
74860,002-000033814,05/04/2026,19:48:36,2,Dine In,Walk-in,"₱2,210.00",₱197.32,nan,₱0.00,"₱2,407.32","₱2,210.00"
74859,002-000033813,05/04/2026,20:37:29,2,Dine In,Walk-in,₱320.00,₱28.57,nan,₱0.00,₱348.57,₱320.00
74858,002-000033812,05/04/2026,17:14:39,4,Dine In,Walk-in,"₱1,185.00",₱105.80,nan,₱0.00,"₱1,290.80","₱1,185.00"
74857,002-000033811,05/04/2026,12:11:20,6,Dine In,Walk-in,"₱1,185.00",₱105.80,nan,₱0.00,"₱1,290.80","₱1,185.00"
74854,002-000033810,05/04/2026,13:25:07,4,Dine In,Walk-in,"₱4,776.00",₱426.43,nan,₱0.00,"₱5,202.43","₱4,776.00"
74850,002-000033809,05/04/2026,20:43:03,4,Dine In,Walk-in,"₱1,490.00",₱133.04,nan,₱0.00,"₱1,623.04","₱1,490.00"
74846,002-000033808,05/04/2026,20:22:05,1,Dine In,Walk-in,"₱1,384.00",₱123.57,Employee Discount,₱276.80,"₱1,230.77","₱1,384.00"
74844,002-000033807,05/04/2026,17:48:09,6,Dine In,Walk-in,"₱2,525.00",₱225.45,nan,₱0.00,"₱2,750.45","₱2,525.00"
74841,002-000033806,05/04/2026,11:41:07,2,Dine In,Walk-in,"₱1,605.00",₱143.30,nan,₱0.00,"₱1,748.30","₱1,605.00"
74838,002-000033805,05/04/2026,11:57:37,4,Dine In,Walk-in,₱700.00,₱62.50,nan,₱0.00,₱762.50,₱700.00
74837,002-000033804,05/04/2026,19:41:42,1,Dine In,Walk-in,"₱1,175.00",₱104.91,nan,₱0.00,"₱1,279.91","₱1,175.00"
74834,002-000033803,05/04/2026,17:28:28,1,Dine In,Walk-in,₱800.00,₱71.43,Senior Citizen,₱160.00,₱711.43,₱800.00
74833,002-000033802,05/04/2026,17:58:25,5,Dine In,Walk-in,"₱1,690.00",₱150.89,nan,₱0.00,"₱1,840.89","₱1,690.00"
74832,002-000033801,05/04/2026,12:21:54,3,Dine In,Walk-in,₱620.00,₱55.36,nan,₱0.00,₱675.36,₱620.00
74831,002-000033800,05/04/2026,17:18:37,1,Dine In,Walk-in,"₱2,140.00",₱191.07,nan,₱0.00,"₱2,331.07","₱2,140.00"
74828,002-000033799,05/04/2026,20:05:52,5,Dine In,Walk-in,"₱1,245.00",₱111.16,PWD,₱249.00,"₱1,107.16","₱1,245.00"
74827,002-000033798,05/04/2026,13:12:20,1,Dine In,Walk-in,₱420.00,₱37.50,nan,₱0.00,₱457.50,₱420.00
74825,002-000033797,05/04/2026,13:08:28,6,Dine In,Walk-in,"₱1,930.00",₱172.32,nan,₱0.00,"₱2,102.32","₱1,930.00"
74824,002-000033796,05/04/2026,12:44:19,2,Dine In,Walk-in,"₱1,040.00",₱92.86,nan,₱0.00,"₱1,132.86","₱1,040.00"
74822,002-000033795,05/04/2026,18:51:07,5,Dine In,Walk-in,"₱1,945.00",₱173.66,nan,₱0.00,"₱2,118.66","₱1,945.00"
74821,002-000033794,05/04/2026,11:08:35,5,Dine In,Walk-in,"₱2,280.00",₱203.57,Senior Citizen,₱456.00,"₱2,027.57","₱2,280.00"
74819,002-000033793,05/04/2026,12:02:33,5,Dine In,Walk-in,"₱2,755.00",₱245.98,nan,₱0.00,"₱3,000.98","₱2,755.00"
74816,002-000033792,04/04/2026,17:16:51,1,Dine In,Walk-in,₱710.00,₱63.39,nan,₱0.00,₱773.39,₱710.00
74814,002-000033791,04/04/2026,18:07:21,4,Dine In,Walk-in,"₱1,125.00",₱100.45,nan,₱0.00,"₱1,225.45","₱1,125.00"
74812,002-000033790,04/04/2026,20:30:07,4,Dine In,Walk-in,"₱2,380.00",₱212.50,nan,₱0.00,"₱2,592.50","₱2,380.00"
74809,002-000033789,04/04/2026,12:39:35,1,Dine In,Walk-in,"₱1,260.00",₱112.50,nan,₱0.00,"₱1,372.50","₱1,260.00"
74805,002-000033788,04/04/2026,18:26:31,2,Dine In,Walk-in,"₱1,435.00",₱128.12,nan,₱0.00,"₱1,563.12","₱1,435.00"
74804,002-000033787,04/04/2026,18:59:12,5,Dine In,Walk-in,"₱2,314.00",₱206.61,nan,₱0.00,"₱2,520.61","₱2,314.00"
74802,002-000033786,04/04/2026,13:59:21,5,Dine In,Walk-in,"₱1,850.00",₱165.18,nan,₱0.00,"₱2,015.18","₱1,850.00"
74800,002-000033785,04/04/2026,12:07:47,2,Dine In,Walk-in,"₱3,785.00",₱337.95,nan,₱0.00,"₱4,122.95","₱3,785.00"
74797,002-000033784,04/04/2026,17:19:59,4,Dine In,Walk-in,₱795.00,₱70.98,Senior Citizen,₱159.00,₱706.98,₱795.00
74796,002-000033783,04/04/2026,12:47:37,5,Dine In,Walk-in,"₱1,655.00",₱147.77,nan,₱0.00,"₱1,802.77","₱1,655.00"
74794,002-000033782,04/04/2026,13:13:03,6,Dine In,Walk-in,"₱1,550.00",₱138.39,nan,₱0.00,"₱1,688.39","₱1,550.00"
74790,002-000033781,04/04/2026,12:02:56,6,Dine In,Walk-in,"₱1,415.00",₱126.34,PWD,₱283.00,"₱1,258.34","₱1,415.00"
74786,002-000033780,04/04/2026,12:33:02,3,Dine In,Walk-in,"₱7,970.00",₱711.61,Senior Citizen,"₱1,594.00","₱7,087.61","₱7,970.00"
74785,002-000033779,04/04/2026,11:01:00,5,Dine In,Walk-in,₱910.00,₱81.25,nan,₱0.00,₱991.25,₱910.00
74783,002-000033778,04/04/2026,19:12:41,3,Dine In,Walk-in,₱930.00,₱83.04,nan,₱0.00,"₱1,013.04",₱930.00
74782,002-000033777,04/04/2026,12:55:46,2,Dine In,Walk-in,"₱1,343.00",₱119.91,nan,₱0.00,"₱1,462.91","₱1,343.00"
74778,002-000033776,04/04/2026,18:57:10,5,Delivery,FoodPanda,"₱3,300.00",₱294.64,Employee Discount,₱660.00,"₱2,934.64","₱3,300.00"
74774,002-000033775,04/04/2026,19:05:41,3,Dine In,Walk-in,"₱2,970.00",₱265.18,nan,₱0.00,"₱3,235.18","₱2,970.00"
74772,002-000033774,04/04/2026,11:12:44,1,Dine In,Walk-in,₱940.00,₱83.93,nan,₱0.00,"₱1,023.93",₱940.00
74770,002-000033773,04/04/2026,19:29:19,2,Dine In,Walk-in,"₱2,560.00",₱228.57,nan,₱0.00,"₱2,788.57","₱2,560.00"
74767,002-000033772,04/04/2026,11:54:10,6,Dine In,Walk-in,"₱1,650.00",₱147.32,nan,₱0.00,"₱1,797.32","₱1,650.00"
74766,002-000033771,04/04/2026,17:18:39,2,Dine In,Walk-in,"₱2,150.00",₱191.96,nan,₱0.00,"₱2,341.96","₱2,150.00"
74764,002-000033770,04/04/2026,12:48:46,5,Take Out,Walk-in,"₱2,585.00",₱230.80,Employee Discount,₱517.00,"₱2,298.80","₱2,585.00"
74760,002-000033769,04/04/2026,12:42:24,3,Dine In,Walk-in,"₱2,850.00",₱254.46,nan,₱0.00,"₱3,104.46","₱2,850.00"
74758,002-000033768,04/04/2026,13:52:53,4,Dine In,Walk-in,"₱1,260.00",₱112.50,Senior Citizen,₱252.00,"₱1,120.50","₱1,260.00"
74755,002-000033767,03/04/2026,19:51:26,4,Dine In,Walk-in,"₱1,900.00",₱169.64,nan,₱0.00,"₱2,069.64","₱1,900.00"
74752,002-000033766,03/04/2026,18:18:02,5,Dine In,Walk-in,"₱1,615.00",₱144.20,nan,₱0.00,"₱1,759.20","₱1,615.00"
74750,002-000033765,03/04/2026,11:47:00,3,Dine In,Walk-in,₱780.00,₱69.64,nan,₱0.00,₱849.64,₱780.00
74748,002-000033764,03/04/2026,19:22:58,1,Dine In,Walk-in,"₱1,825.00",₱162.95,PWD,₱365.00,"₱1,622.95","₱1,825.00"
74747,002-000033763,03/04/2026,17:38:21,5,Dine In,Walk-in,"₱2,410.00",₱215.18,nan,₱0.00,"₱2,625.18","₱2,410.00"
74746,002-000033762,03/04/2026,20:37:15,5,Dine In,Walk-in,₱965.00,₱86.16,Senior Citizen,₱193.00,₱858.16,₱965.00
74743,002-000033761,03/04/2026,17:51:55,3,Dine In,Walk-in,"₱2,465.00",₱220.09,nan,₱0.00,"₱2,685.09","₱2,465.00"
74739,002-000033760,03/04/2026,13:10:12,6,Dine In,Walk-in,"₱1,361.00",₱121.52,nan,₱0.00,"₱1,482.52","₱1,361.00"
74738,002-000033759,03/04/2026,11:06:24,2,Dine In,Walk-in,₱995.00,₱88.84,nan,₱0.00,"₱1,083.84",₱995.00
74736,002-000033758,03/04/2026,17:14:42,2,Dine In,Walk-in,"₱2,498.00",₱223.04,Senior Citizen,₱499.60,"₱2,221.44","₱2,498.00"
74734,002-000033757,03/04/2026,11:56:39,3,Dine In,Walk-in,"₱1,265.00",₱112.95,nan,₱0.00,"₱1,377.95","₱1,265.00"
74733,002-000033756,03/04/2026,19:05:34,6,Dine In,Walk-in,"₱2,165.00",₱193.30,Senior Citizen,₱433.00,"₱1,925.30","₱2,165.00"
74731,002-000033755,03/04/2026,13:12:40,3,Dine In,Walk-in,"₱2,435.00",₱217.41,nan,₱0.00,"₱2,652.41","₱2,435.00"
74729,002-000033754,03/04/2026,20:44:15,2,Dine In,Walk-in,"₱1,245.00",₱111.16,PWD,₱249.00,"₱1,107.16","₱1,245.00"
74727,002-000033753,03/04/2026,20:43:23,5,Dine In,Walk-in,"₱1,330.00",₱118.75,nan,₱0.00,"₱1,448.75","₱1,330.00"
74725,002-000033752,03/04/2026,11:43:02,5,Dine In,Walk-in,"₱3,495.00",₱312.05,nan,₱0.00,"₱3,807.05","₱3,495.00"
74722,002-000033751,02/04/2026,13:23:25,5,Dine In,Walk-in,"₱1,070.00",₱95.54,nan,₱0.00,"₱1,165.54","₱1,070.00"
74719,002-000033750,02/04/2026,18:06:47,3,Dine In,Walk-in,₱245.00,₱21.87,nan,₱0.00,₱266.87,₱245.00
74717,002-000033749,02/04/2026,13:55:27,4,Dine In,Walk-in,"₱2,095.00",₱187.05,nan,₱0.00,"₱2,282.05","₱2,095.00"
74714,002-000033748,02/04/2026,17:42:59,4,Dine In,Walk-in,"₱1,425.00",₱127.23,nan,₱0.00,"₱1,552.23","₱1,425.00"
74713,002-000033747,02/04/2026,19:26:36,3,Dine In,Walk-in,"₱2,590.00",₱231.25,nan,₱0.00,"₱2,821.25","₱2,590.00"
74711,002-000033746,02/04/2026,20:39:11,4,Dine In,Walk-in,"₱3,150.00",₱281.25,nan,₱0.00,"₱3,431.25","₱3,150.00"
74707,002-000033745,02/04/2026,18:08:08,2,Delivery,FoodPanda,"₱4,285.00",₱382.59,nan,₱0.00,"₱4,667.59","₱4,285.00"
74704,002-000033744,02/04/2026,12:31:41,2,Dine In,Walk-in,"₱1,605.00",₱143.30,nan,₱0.00,"₱1,748.30","₱1,605.00"
74701,002-000033743,02/04/2026,19:11:36,6,Dine In,Walk-in,"₱1,120.00",₱100.00,nan,₱0.00,"₱1,220.00","₱1,120.00"
74698,002-000033742,02/04/2026,19:21:54,2,Dine In,Walk-in,"₱1,490.00",₱133.04,nan,₱0.00,"₱1,623.04","₱1,490.00"
74696,002-000033741,02/04/2026,19:42:01,3,Dine In,Walk-in,"₱2,623.00",₱234.20,nan,₱0.00,"₱2,857.20","₱2,623.00"
74694,002-000033740,02/04/2026,12:55:36,5,Dine In,Walk-in,"₱1,990.00",₱177.68,nan,₱0.00,"₱2,167.68","₱1,990.00"
74692,002-000033739,02/04/2026,19:49:44,3,Dine In,Walk-in,"₱2,445.00",₱218.30,nan,₱0.00,"₱2,663.30","₱2,445.00"
74690,002-000033738,02/04/2026,18:51:37,4,Dine In,Walk-in,"₱2,680.00",₱239.29,nan,₱0.00,"₱2,919.29","₱2,680.00"
74688,002-000033737,02/04/2026,12:07:06,3,Dine In,Walk-in,₱705.00,₱62.95,nan,₱0.00,₱767.95,₱705.00
74687,002-000033736,02/04/2026,17:43:23,4,Dine In,Walk-in,₱150.00,₱13.39,nan,₱0.00,₱163.39,₱150.00
74686,002-000033735,02/04/2026,19:04:32,4,Dine In,Walk-in,"₱1,595.00",₱142.41,nan,₱0.00,"₱1,737.41","₱1,595.00"
74685,002-000033734,02/04/2026,11:39:39,3,Dine In,Walk-in,"₱2,205.00",₱196.87,nan,₱0.00,"₱2,401.87","₱2,205.00"
74683,002-000033733,01/04/2026,18:42:22,4,Dine In,Walk-in,"₱2,114.00",₱188.75,nan,₱0.00,"₱2,302.75","₱2,114.00"
74682,002-000033732,01/04/2026,20:24:13,4,Take Out,Walk-in,"₱2,600.00",₱232.14,nan,₱0.00,"₱2,832.14","₱2,600.00"
74681,002-000033731,01/04/2026,19:05:09,1,Dine In,Walk-in,"₱3,390.00",₱302.68,nan,₱0.00,"₱3,692.68","₱3,390.00"
74680,002-000033730,01/04/2026,17:19:19,2,Dine In,Walk-in,"₱1,415.00",₱126.34,nan,₱0.00,"₱1,541.34","₱1,415.00"
74678,002-000033729,01/04/2026,19:22:16,3,Dine In,Walk-in,"₱2,110.00",₱188.39,nan,₱0.00,"₱2,298.39","₱2,110.00"
74675,002-000033728,01/04/2026,19:58:25,4,Dine In,Walk-in,"₱3,470.00",₱309.82,nan,₱0.00,"₱3,779.82","₱3,470.00"
74673,002-000033727,01/04/2026,20:13:24,4,Take Out,Walk-in,"₱2,765.00",₱246.87,PWD,₱553.00,"₱2,458.87","₱2,765.00"
74672,002-000033726,01/04/2026,19:21:17,3,Dine In,Walk-in,"₱4,890.00",₱436.61,nan,₱0.00,"₱5,326.61","₱4,890.00"
74669,002-000033725,01/04/2026,19:32:21,4,Dine In,Walk-in,"₱2,515.00",₱224.55,nan,₱0.00,"₱2,739.55","₱2,515.00"
74668,002-000033724,01/04/2026,11:29:14,1,Dine In,Walk-in,"₱2,120.00",₱189.29,nan,₱0.00,"₱2,309.29","₱2,120.00"
74665,002-000033723,01/04/2026,11:42:35,3,Dine In,Walk-in,"₱1,145.00",₱102.23,nan,₱0.00,"₱1,247.23","₱1,145.00"
74664,002-000033722,01/04/2026,13:10:43,5,Dine In,Walk-in,"₱1,180.00",₱105.36,nan,₱0.00,"₱1,285.36","₱1,180.00"
74663,002-000033721,01/04/2026,20:01:05,2,Dine In,Walk-in,"₱1,970.00",₱175.89,nan,₱0.00,"₱2,145.89","₱1,970.00"
74659,002-000033720,01/04/2026,12:02:37,6,Dine In,Walk-in,"₱5,140.00",₱458.93,nan,₱0.00,"₱5,598.93","₱5,140.00"
74658,002-000033719,01/04/2026,19:56:46,1,Dine In,Walk-in,"₱2,530.00",₱225.89,nan,₱0.00,"₱2,755.89","₱2,530.00"
74655,002-000033718,01/04/2026,13:25:40,3,Delivery,FoodPanda,"₱1,195.00",₱106.70,nan,₱0.00,"₱1,301.70","₱1,195.00"
74654,002-000033717,01/04/2026,20:21:14,4,Dine In,Walk-in,"₱1,300.00",₱116.07,nan,₱0.00,"₱1,416.07","₱1,300.00"
74576,002-000033716,31/03/2026,19:13:12,5,Dine In,Walk-in,"₱1,070.00",₱95.54,nan,₱0.00,"₱1,165.54","₱1,070.00"
74574,002-000033715,31/03/2026,19:30:57,2,Dine In,Walk-in,"₱1,950.00",₱174.11,nan,₱0.00,"₱2,124.11","₱1,950.00"
74573,002-000033714,31/03/2026,18:48:21,5,Dine In,Walk-in,"₱1,335.00",₱119.20,nan,₱0.00,"₱1,454.20","₱1,335.00"
74569,002-000033713,31/03/2026,19:32:35,1,Dine In,Walk-in,"₱1,770.00",₱158.04,nan,₱0.00,"₱1,928.04","₱1,770.00"
74565,002-000033712,31/03/2026,19:22:08,3,Dine In,Walk-in,"₱1,125.00",₱100.45,nan,₱0.00,"₱1,225.45","₱1,125.00"
74564,002-000033711,31/03/2026,20:05:28,4,Dine In,Walk-in,"₱2,620.00",₱233.93,nan,₱0.00,"₱2,853.93","₱2,620.00"
74563,002-000033710,31/03/2026,17:20:43,3,Dine In,Walk-in,"₱1,655.00",₱147.77,nan,₱0.00,"₱1,802.77","₱1,655.00"
74561,002-000033709,31/03/2026,19:48:24,5,Dine In,Walk-in,"₱1,640.00",₱146.43,nan,₱0.00,"₱1,786.43","₱1,640.00"
74558,002-000033708,31/03/2026,17:24:45,1,Dine In,Walk-in,"₱1,590.00",₱141.96,nan,₱0.00,"₱1,731.96","₱1,590.00"
74555,002-000033707,31/03/2026,20:04:59,2,Dine In,Walk-in,"₱2,635.00",₱235.27,nan,₱0.00,"₱2,870.27","₱2,635.00"
74554,002-000033706,31/03/2026,18:19:29,5,Dine In,Walk-in,₱225.00,₱20.09,nan,₱0.00,₱245.09,₱225.00
74552,002-000033705,31/03/2026,17:17:32,1,Dine In,Walk-in,"₱1,220.00",₱108.93,nan,₱0.00,"₱1,328.93","₱1,220.00"
74548,002-000033704,31/03/2026,20:32:08,6,Dine In,Walk-in,"₱1,765.00",₱157.59,nan,₱0.00,"₱1,922.59","₱1,765.00"
74544,002-000033703,31/03/2026,17:34:04,6,Dine In,Walk-in,"₱1,480.00",₱132.14,nan,₱0.00,"₱1,612.14","₱1,480.00"
74543,002-000033702,31/03/2026,13:01:25,4,Dine In,Walk-in,"₱2,365.00",₱211.16,nan,₱0.00,"₱2,576.16","₱2,365.00"
74539,002-000033701,30/03/2026,19:53:41,5,Dine In,Walk-in,"₱1,500.00",₱133.93,PWD,₱300.00,"₱1,333.93","₱1,500.00"
74538,002-000033700,30/03/2026,13:15:31,6,Dine In,Walk-in,"₱1,300.00",₱116.07,nan,₱0.00,"₱1,416.07","₱1,300.00"
74536,002-000033699,30/03/2026,17:30:31,3,Dine In,Walk-in,"₱1,270.00",₱113.39,nan,₱0.00,"₱1,383.39","₱1,270.00"
74534,002-000033698,30/03/2026,13:24:38,6,Dine In,Walk-in,"₱1,150.00",₱102.68,nan,₱0.00,"₱1,252.68","₱1,150.00"
74532,002-000033697,30/03/2026,11:28:48,3,Dine In,Walk-in,"₱3,895.00",₱347.77,nan,₱0.00,"₱4,242.77","₱3,895.00"
74529,002-000033696,30/03/2026,12:10:28,1,Dine In,Walk-in,"₱1,215.00",₱108.48,nan,₱0.00,"₱1,323.48","₱1,215.00"
74527,002-000033695,30/03/2026,13:04:06,5,Dine In,Walk-in,₱689.00,₱61.52,nan,₱0.00,₱750.52,₱689.00
74525,002-000033694,30/03/2026,19:37:07,2,Dine In,Walk-in,₱800.00,₱71.43,nan,₱0.00,₱871.43,₱800.00
74521,002-000033693,30/03/2026,13:13:30,2,Dine In,Walk-in,₱675.00,₱60.27,Senior Citizen,₱135.00,₱600.27,₱675.00
74519,002-000033692,30/03/2026,20:25:21,3,Dine In,Walk-in,₱875.00,₱78.12,nan,₱0.00,₱953.12,₱875.00
74516,002-000033691,30/03/2026,20:44:12,5,Dine In,Walk-in,"₱1,520.00",₱135.71,nan,₱0.00,"₱1,655.71","₱1,520.00"
74514,002-000033690,30/03/2026,17:26:34,1,Dine In,Walk-in,"₱1,145.00",₱102.23,Senior Citizen,₱229.00,"₱1,018.23","₱1,145.00"
74513,002-000033689,30/03/2026,19:41:30,4,Dine In,Walk-in,"₱2,210.00",₱197.32,nan,₱0.00,"₱2,407.32","₱2,210.00"
74512,002-000033688,30/03/2026,19:37:24,5,Dine In,Walk-in,"₱1,525.00",₱136.16,nan,₱0.00,"₱1,661.16","₱1,525.00"
74508,002-000033687,30/03/2026,11:25:57,6,Dine In,Walk-in,"₱1,065.00",₱95.09,nan,₱0.00,"₱1,160.09","₱1,065.00"
74505,002-000033686,30/03/2026,11:30:18,2,Dine In,Walk-in,"₱1,515.00",₱135.27,nan,₱0.00,"₱1,650.27","₱1,515.00"
74501,002-000033685,30/03/2026,18:32:20,4,Dine In,Walk-in,₱815.00,₱72.77,nan,₱0.00,₱887.77,₱815.00
74499,002-000033684,30/03/2026,13:06:53,6,Dine In,Walk-in,"₱2,745.00",₱245.09,nan,₱0.00,"₱2,990.09","₱2,745.00"
74497,002-000033683,29/03/2026,13:37:35,6,Take Out,Walk-in,"₱1,475.00",₱131.70,nan,₱0.00,"₱1,606.70","₱1,475.00"
74493,002-000033682,29/03/2026,20:42:35,6,Dine In,Walk-in,"₱3,670.00",₱327.68,nan,₱0.00,"₱3,997.68","₱3,670.00"
74489,002-000033681,29/03/2026,18:14:54,4,Dine In,Walk-in,₱879.00,₱78.48,nan,₱0.00,₱957.48,₱879.00
74485,002-000033680,29/03/2026,11:02:34,5,Dine In,Walk-in,"₱1,300.00",₱116.07,nan,₱0.00,"₱1,416.07","₱1,300.00"
74482,002-000033679,29/03/2026,13:48:56,4,Dine In,Walk-in,"₱2,290.00",₱204.46,nan,₱0.00,"₱2,494.46","₱2,290.00"
74480,002-000033678,29/03/2026,12:51:14,4,Take Out,Walk-in,"₱3,330.00",₱297.32,nan,₱0.00,"₱3,627.32","₱3,330.00"
74478,002-000033677,29/03/2026,17:06:26,1,Dine In,Walk-in,"₱1,540.00",₱137.50,nan,₱0.00,"₱1,677.50","₱1,540.00"
74474,002-000033676,29/03/2026,18:37:54,6,Dine In,Walk-in,"₱2,640.00",₱235.71,nan,₱0.00,"₱2,875.71","₱2,640.00"
74472,002-000033675,29/03/2026,18:10:41,5,Dine In,Walk-in,₱700.00,₱62.50,nan,₱0.00,₱762.50,₱700.00
74471,002-000033674,29/03/2026,12:43:50,1,Dine In,Walk-in,"₱2,355.00",₱210.27,nan,₱0.00,"₱2,565.27","₱2,355.00"
74469,002-000033673,29/03/2026,20:34:59,6,Dine In,Walk-in,"₱2,110.00",₱188.39,nan,₱0.00,"₱2,298.39","₱2,110.00"
74465,002-000033672,29/03/2026,11:36:35,3,Dine In,Walk-in,"₱2,115.00",₱188.84,nan,₱0.00,"₱2,303.84","₱2,115.00"
74463,002-000033671,29/03/2026,19:03:26,5,Dine In,Walk-in,"₱1,560.00",₱139.29,nan,₱0.00,"₱1,699.29","₱1,560.00"
74460,002-000033670,29/03/2026,12:37:31,3,Dine In,Walk-in,"₱1,745.00",₱155.80,nan,₱0.00,"₱1,900.80","₱1,745.00"
74457,002-000033669,29/03/2026,20:31:53,2,Dine In,Walk-in,"₱1,300.00",₱116.07,PWD,₱260.00,"₱1,156.07","₱1,300.00"
74456,002-000033668,29/03/2026,11:32:44,3,Dine In,Walk-in,"₱1,445.00",₱129.02,nan,₱0.00,"₱1,574.02","₱1,445.00"
74452,002-000033667,29/03/2026,13:11:18,6,Dine In,Walk-in,₱935.00,₱83.48,nan,₱0.00,"₱1,018.48",₱935.00
74451,002-000033666,29/03/2026,18:14:45,6,Dine In,Walk-in,₱360.00,₱32.14,nan,₱0.00,₱392.14,₱360.00
74448,002-000033665,29/03/2026,19:57:37,3,Dine In,Walk-in,"₱1,435.00",₱128.12,nan,₱0.00,"₱1,563.12","₱1,435.00"
74445,002-000033664,29/03/2026,18:27:22,3,Dine In,Walk-in,"₱1,765.00",₱157.59,nan,₱0.00,"₱1,922.59","₱1,765.00"
74443,002-000033663,29/03/2026,18:50:49,1,Dine In,Walk-in,₱550.00,₱49.11,nan,₱0.00,₱599.11,₱550.00
74440,002-000033662,29/03/2026,19:36:07,1,Delivery,FoodPanda,"₱1,090.00",₱97.32,nan,₱0.00,"₱1,187.32","₱1,090.00"
74438,002-000033661,29/03/2026,11:36:46,6,Dine In,Walk-in,"₱2,470.00",₱220.54,nan,₱0.00,"₱2,690.54","₱2,470.00"
74437,002-000033660,29/03/2026,12:27:25,6,Dine In,Walk-in,"₱1,730.00",₱154.46,nan,₱0.00,"₱1,884.46","₱1,730.00"
74436,002-000033659,28/03/2026,19:56:17,2,Dine In,Walk-in,"₱3,840.00",₱342.86,nan,₱0.00,"₱4,182.86","₱3,840.00"
74434,002-000033658,28/03/2026,11:28:43,4,Dine In,Walk-in,"₱1,155.00",₱103.12,nan,₱0.00,"₱1,258.12","₱1,155.00"
74430,002-000033657,28/03/2026,18:01:15,6,Dine In,Walk-in,₱475.00,₱42.41,nan,₱0.00,₱517.41,₱475.00
74427,002-000033656,28/03/2026,20:43:06,4,Dine In,Walk-in,"₱1,310.00",₱116.96,nan,₱0.00,"₱1,426.96","₱1,310.00"
74423,002-000033655,28/03/2026,11:32:38,2,Dine In,Walk-in,"₱2,631.00",₱234.91,nan,₱0.00,"₱2,865.91","₱2,631.00"
74420,002-000033654,28/03/2026,17:04:32,1,Dine In,Walk-in,₱390.00,₱34.82,nan,₱0.00,₱424.82,₱390.00
74417,002-000033653,28/03/2026,17:49:39,1,Dine In,Walk-in,"₱1,815.00",₱162.05,nan,₱0.00,"₱1,977.05","₱1,815.00"
74415,002-000033652,28/03/2026,18:56:06,6,Dine In,Walk-in,₱890.00,₱79.46,nan,₱0.00,₱969.46,₱890.00
74412,002-000033651,28/03/2026,11:37:59,4,Dine In,Walk-in,"₱1,935.00",₱172.77,nan,₱0.00,"₱2,107.77","₱1,935.00"
74408,002-000033650,28/03/2026,12:17:20,1,Dine In,Walk-in,"₱2,203.00",₱196.70,nan,₱0.00,"₱2,399.70","₱2,203.00"
74406,002-000033649,28/03/2026,12:21:30,1,Dine In,Walk-in,₱935.00,₱83.48,nan,₱0.00,"₱1,018.48",₱935.00
74405,002-000033648,28/03/2026,19:43:04,3,Dine In,Walk-in,₱875.00,₱78.12,nan,₱0.00,₱953.12,₱875.00
74404,002-000033647,28/03/2026,17:31:47,5,Dine In,Walk-in,"₱2,920.00",₱260.71,nan,₱0.00,"₱3,180.71","₱2,920.00"
74401,002-000033646,28/03/2026,19:36:08,3,Dine In,Walk-in,"₱3,260.00",₱291.07,nan,₱0.00,"₱3,551.07","₱3,260.00"
74399,002-000033645,28/03/2026,19:07:13,3,Dine In,Walk-in,"₱2,160.00",₱192.86,nan,₱0.00,"₱2,352.86","₱2,160.00"
74395,002-000033644,28/03/2026,12:46:27,2,Dine In,Walk-in,"₱1,518.00",₱135.54,nan,₱0.00,"₱1,653.54","₱1,518.00"
74393,002-000033643,28/03/2026,11:50:31,3,Dine In,Walk-in,₱920.00,₱82.14,nan,₱0.00,"₱1,002.14",₱920.00
74392,002-000033642,28/03/2026,20:25:10,2,Dine In,Walk-in,"₱4,370.00",₱390.18,nan,₱0.00,"₱4,760.18","₱4,370.00"
74389,002-000033641,28/03/2026,20:26:10,3,Dine In,Walk-in,"₱2,535.00",₱226.34,Senior Citizen,₱507.00,"₱2,254.34","₱2,535.00"
74387,002-000033640,28/03/2026,20:25:12,1,Dine In,Walk-in,"₱1,660.00",₱148.21,nan,₱0.00,"₱1,808.21","₱1,660.00"
74385,002-000033639,28/03/2026,18:50:41,3,Dine In,Walk-in,"₱1,410.00",₱125.89,Employee Discount,₱282.00,"₱1,253.89","₱1,410.00"
74382,002-000033638,28/03/2026,18:19:27,5,Dine In,Walk-in,"₱1,315.00",₱117.41,nan,₱0.00,"₱1,432.41","₱1,315.00"
74378,002-000033637,28/03/2026,13:30:38,1,Dine In,Walk-in,"₱2,108.00",₱188.21,Employee Discount,₱421.60,"₱1,874.61","₱2,108.00"
74376,002-000033636,28/03/2026,20:16:22,5,Dine In,Walk-in,"₱1,035.00",₱92.41,nan,₱0.00,"₱1,127.41","₱1,035.00"
74374,002-000033635,28/03/2026,19:47:07,4,Dine In,Walk-in,"₱1,925.00",₱171.87,nan,₱0.00,"₱2,096.87","₱1,925.00"
74372,002-000033634,28/03/2026,18:22:45,1,Dine In,Walk-in,₱0.00,₱0.00,PWD,₱0.00,₱0.00,₱0.00
74368,002-000033633,27/03/2026,12:13:11,4,Dine In,Walk-in,"₱2,255.00",₱201.34,nan,₱0.00,"₱2,456.34","₱2,255.00"
74367,002-000033632,27/03/2026,18:49:16,5,Take Out,Walk-in,"₱1,795.00",₱160.27,PWD,₱359.00,"₱1,596.27","₱1,795.00"
74364,002-000033631,27/03/2026,17:16:40,4,Dine In,Walk-in,"₱1,280.00",₱114.29,nan,₱0.00,"₱1,394.29","₱1,280.00"
74362,002-000033630,27/03/2026,12:22:50,3,Dine In,Walk-in,₱255.00,₱22.77,nan,₱0.00,₱277.77,₱255.00
74359,002-000033629,27/03/2026,12:13:34,3,Dine In,Walk-in,"₱1,325.00",₱118.30,nan,₱0.00,"₱1,443.30","₱1,325.00"
74355,002-000033628,27/03/2026,17:02:18,3,Dine In,Walk-in,"₱2,055.00",₱183.48,nan,₱0.00,"₱2,238.48","₱2,055.00"
74353,002-000033627,27/03/2026,18:28:16,1,Dine In,Walk-in,"₱1,815.00",₱162.05,nan,₱0.00,"₱1,977.05","₱1,815.00"
74352,002-000033626,27/03/2026,11:46:59,1,Dine In,Walk-in,"₱3,130.00",₱279.46,nan,₱0.00,"₱3,409.46","₱3,130.00"
74349,002-000033625,27/03/2026,19:24:08,1,Dine In,Walk-in,₱790.00,₱70.54,nan,₱0.00,₱860.54,₱790.00
74347,002-000033624,27/03/2026,13:04:39,3,Dine In,Walk-in,"₱1,215.00",₱108.48,nan,₱0.00,"₱1,323.48","₱1,215.00"
74344,002-000033623,27/03/2026,17:14:59,5,Dine In,Walk-in,"₱2,205.00",₱196.87,nan,₱0.00,"₱2,401.87","₱2,205.00"
74340,002-000033622,27/03/2026,20:57:39,3,Dine In,Walk-in,"₱3,315.00",₱295.98,nan,₱0.00,"₱3,610.98","₱3,315.00"
74336,002-000033621,27/03/2026,18:41:39,3,Dine In,Walk-in,"₱2,100.00",₱187.50,nan,₱0.00,"₱2,287.50","₱2,100.00"
74332,002-000033620,27/03/2026,11:43:04,3,Dine In,Walk-in,₱910.00,₱81.25,nan,₱0.00,₱991.25,₱910.00
74329,002-000033619,27/03/2026,20:08:59,2,Dine In,Walk-in,"₱1,580.00",₱141.07,nan,₱0.00,"₱1,721.07","₱1,580.00"
74326,002-000033618,27/03/2026,11:18:50,6,Dine In,Walk-in,"₱2,475.00",₱220.98,nan,₱0.00,"₱2,695.98","₱2,475.00"
74324,002-000033617,27/03/2026,20:07:22,3,Dine In,Walk-in,"₱2,545.00",₱227.23,nan,₱0.00,"₱2,772.23","₱2,545.00"
74322,002-000033616,27/03/2026,13:05:45,2,Dine In,Walk-in,"₱1,785.00",₱159.37,nan,₱0.00,"₱1,944.37","₱1,785.00"
74321,002-000033615,26/03/2026,18:00:21,4,Dine In,Walk-in,"₱2,180.00",₱194.64,nan,₱0.00,"₱2,374.64","₱2,180.00"
74319,002-000033614,26/03/2026,12:18:57,6,Dine In,Walk-in,₱830.00,₱74.11,nan,₱0.00,₱904.11,₱830.00
74316,002-000033613,26/03/2026,12:04:25,3,Dine In,Walk-in,"₱2,765.00",₱246.87,nan,₱0.00,"₱3,011.87","₱2,765.00"
74314,002-000033612,26/03/2026,17:02:07,2,Dine In,Walk-in,"₱2,810.00",₱250.89,Employee Discount,₱562.00,"₱2,498.89","₱2,810.00"
74312,002-000033611,26/03/2026,20:30:55,3,Dine In,Walk-in,₱725.00,₱64.73,nan,₱0.00,₱789.73,₱725.00
74309,002-000033610,26/03/2026,13:01:44,3,Take Out,Walk-in,₱589.00,₱52.59,nan,₱0.00,₱641.59,₱589.00
74307,002-000033609,26/03/2026,17:08:33,2,Dine In,Walk-in,"₱1,665.00",₱148.66,nan,₱0.00,"₱1,813.66","₱1,665.00"
74306,002-000033608,26/03/2026,13:42:04,3,Take Out,Walk-in,"₱1,140.00",₱101.79,nan,₱0.00,"₱1,241.79","₱1,140.00"
74303,002-000033607,26/03/2026,13:18:28,6,Dine In,Walk-in,"₱1,795.00",₱160.27,Senior Citizen,₱359.00,"₱1,596.27","₱1,795.00"
74299,002-000033606,26/03/2026,18:01:32,5,Dine In,Walk-in,"₱2,045.00",₱182.59,nan,₱0.00,"₱2,227.59","₱2,045.00"
74296,002-000033605,26/03/2026,11:50:54,3,Dine In,Walk-in,"₱1,570.00",₱140.18,nan,₱0.00,"₱1,710.18","₱1,570.00"
74295,002-000033604,26/03/2026,17:03:11,4,Dine In,Walk-in,"₱1,185.00",₱105.80,nan,₱0.00,"₱1,290.80","₱1,185.00"
74294,002-000033603,26/03/2026,17:15:53,5,Dine In,Walk-in,"₱1,945.00",₱173.66,nan,₱0.00,"₱2,118.66","₱1,945.00"
74290,002-000033602,26/03/2026,18:57:51,2,Dine In,Walk-in,"₱1,459.00",₱130.27,nan,₱0.00,"₱1,589.27","₱1,459.00"
74286,002-000033601,26/03/2026,20:07:45,6,Dine In,Walk-in,₱675.00,₱60.27,PWD,₱135.00,₱600.27,₱675.00
74284,002-000033600,26/03/2026,20:14:09,5,Dine In,Walk-in,"₱1,300.00",₱116.07,nan,₱0.00,"₱1,416.07","₱1,300.00"
74205,002-000033599,25/03/2026,12:17:36,2,Dine In,Walk-in,"₱2,445.00",₱218.30,nan,₱0.00,"₱2,663.30","₱2,445.00"
74203,002-000033598,25/03/2026,18:58:00,6,Dine In,Walk-in,₱409.00,₱36.52,Senior Citizen,₱81.80,₱363.72,₱409.00
74201,002-000033597,25/03/2026,18:11:28,3,Dine In,Walk-in,"₱1,085.00",₱96.87,nan,₱0.00,"₱1,181.87","₱1,085.00"
74197,002-000033596,25/03/2026,20:06:18,4,Dine In,Walk-in,"₱1,850.00",₱165.18,nan,₱0.00,"₱2,015.18","₱1,850.00"
74195,002-000033595,25/03/2026,13:40:30,1,Dine In,Walk-in,"₱3,730.00",₱333.04,nan,₱0.00,"₱4,063.04","₱3,730.00"
74193,002-000033594,25/03/2026,18:34:24,6,Dine In,Walk-in,"₱1,140.00",₱101.79,nan,₱0.00,"₱1,241.79","₱1,140.00"
74190,002-000033593,25/03/2026,11:06:40,5,Dine In,Walk-in,"₱1,230.00",₱109.82,nan,₱0.00,"₱1,339.82","₱1,230.00"
74187,002-000033592,25/03/2026,11:35:20,3,Delivery,FoodPanda,"₱2,730.00",₱243.75,nan,₱0.00,"₱2,973.75","₱2,730.00"
74185,002-000033591,25/03/2026,18:53:47,1,Dine In,Walk-in,"₱1,995.00",₱178.12,nan,₱0.00,"₱2,173.12","₱1,995.00"
74182,002-000033590,25/03/2026,12:16:05,6,Dine In,Walk-in,₱495.00,₱44.20,nan,₱0.00,₱539.20,₱495.00
74181,002-000033589,25/03/2026,20:14:52,4,Dine In,Walk-in,"₱2,850.00",₱254.46,nan,₱0.00,"₱3,104.46","₱2,850.00"
74178,002-000033588,25/03/2026,19:51:26,3,Take Out,Walk-in,"₱1,215.00",₱108.48,nan,₱0.00,"₱1,323.48","₱1,215.00"
74176,002-000033587,25/03/2026,17:51:49,6,Dine In,Walk-in,"₱1,400.00",₱125.00,nan,₱0.00,"₱1,525.00","₱1,400.00"
74173,002-000033586,25/03/2026,20:53:55,6,Dine In,Walk-in,"₱1,000.00",₱89.29,nan,₱0.00,"₱1,089.29","₱1,000.00"
74171,002-000033585,25/03/2026,19:02:55,1,Dine In,Walk-in,₱170.00,₱15.18,nan,₱0.00,₱185.18,₱170.00
74167,002-000033584,25/03/2026,12:47:30,1,Dine In,Walk-in,"₱2,640.00",₱235.71,Employee Discount,₱528.00,"₱2,347.71","₱2,640.00"
74163,002-000033583,25/03/2026,19:23:22,4,Dine In,Walk-in,"₱1,014.00",₱90.54,Senior Citizen,₱202.80,₱901.74,"₱1,014.00"
74159,002-000033582,24/03/2026,20:40:58,2,Dine In,Walk-in,₱545.00,₱48.66,nan,₱0.00,₱593.66,₱545.00
74157,002-000033581,24/03/2026,17:14:07,6,Dine In,Walk-in,"₱1,414.00",₱126.25,nan,₱0.00,"₱1,540.25","₱1,414.00"
74154,002-000033580,24/03/2026,20:10:30,4,Dine In,Walk-in,"₱1,290.00",₱115.18,nan,₱0.00,"₱1,405.18","₱1,290.00"
74153,002-000033579,24/03/2026,17:33:39,1,Dine In,Walk-in,₱100.00,₱8.93,nan,₱0.00,₱108.93,₱100.00
74150,002-000033578,24/03/2026,20:35:14,2,Dine In,Walk-in,"₱1,390.00",₱124.11,nan,₱0.00,"₱1,514.11","₱1,390.00"
74148,002-000033577,24/03/2026,18:18:33,1,Dine In,Walk-in,₱485.00,₱43.30,nan,₱0.00,₱528.30,₱485.00
74145,002-000033576,24/03/2026,18:25:13,2,Dine In,Walk-in,"₱2,395.00",₱213.84,nan,₱0.00,"₱2,608.84","₱2,395.00"
74141,002-000033575,24/03/2026,18:34:46,4,Dine In,Walk-in,"₱1,335.00",₱119.20,nan,₱0.00,"₱1,454.20","₱1,335.00"
74140,002-000033574,24/03/2026,12:47:33,3,Dine In,Walk-in,"₱1,650.00",₱147.32,nan,₱0.00,"₱1,797.32","₱1,650.00"
74138,002-000033573,24/03/2026,11:29:59,1,Dine In,Walk-in,₱620.00,₱55.36,nan,₱0.00,₱675.36,₱620.00
74136,002-000033572,24/03/2026,20:22:47,6,Dine In,Walk-in,₱710.00,₱63.39,nan,₱0.00,₱773.39,₱710.00
74134,002-000033571,24/03/2026,11:36:05,2,Dine In,Walk-in,"₱1,455.00",₱129.91,nan,₱0.00,"₱1,584.91","₱1,455.00"
74131,002-000033570,24/03/2026,20:25:58,6,Take Out,Walk-in,"₱1,970.00",₱175.89,nan,₱0.00,"₱2,145.89","₱1,970.00"
74130,002-000033569,24/03/2026,13:11:26,5,Dine In,Walk-in,₱595.00,₱53.12,nan,₱0.00,₱648.12,₱595.00
74126,002-000033568,24/03/2026,13:10:49,1,Dine In,Walk-in,"₱2,360.00",₱210.71,nan,₱0.00,"₱2,570.71","₱2,360.00"
74123,002-000033567,23/03/2026,18:23:22,6,Take Out,Walk-in,₱300.00,₱26.79,nan,₱0.00,₱326.79,₱300.00
74121,002-000033566,23/03/2026,11:50:32,4,Delivery,FoodPanda,₱840.00,₱75.00,nan,₱0.00,₱915.00,₱840.00
74117,002-000033565,23/03/2026,20:16:38,5,Dine In,Walk-in,"₱2,948.00",₱263.21,nan,₱0.00,"₱3,211.21","₱2,948.00"
74116,002-000033564,23/03/2026,13:13:16,4,Dine In,Walk-in,"₱1,385.00",₱123.66,nan,₱0.00,"₱1,508.66","₱1,385.00"
74113,002-000033563,23/03/2026,19:25:25,6,Dine In,Walk-in,"₱3,355.00",₱299.55,nan,₱0.00,"₱3,654.55","₱3,355.00"
74111,002-000033562,23/03/2026,13:39:05,3,Dine In,Walk-in,"₱2,355.00",₱210.27,nan,₱0.00,"₱2,565.27","₱2,355.00"
74108,002-000033561,23/03/2026,12:01:50,5,Dine In,Walk-in,"₱1,495.00",₱133.48,nan,₱0.00,"₱1,628.48","₱1,495.00"
74104,002-000033560,23/03/2026,13:07:45,4,Dine In,Walk-in,"₱2,730.00",₱243.75,nan,₱0.00,"₱2,973.75","₱2,730.00"
74103,002-000033559,23/03/2026,13:23:03,2,Dine In,Walk-in,"₱3,535.00",₱315.62,nan,₱0.00,"₱3,850.62","₱3,535.00"
74102,002-000033558,23/03/2026,12:15:50,4,Dine In,Walk-in,"₱1,645.00",₱146.87,nan,₱0.00,"₱1,791.87","₱1,645.00"
74100,002-000033557,23/03/2026,18:42:35,6,Dine In,Walk-in,₱925.00,₱82.59,nan,₱0.00,"₱1,007.59",₱925.00
74097,002-000033556,23/03/2026,19:30:51,3,Dine In,Walk-in,"₱1,880.00",₱167.86,nan,₱0.00,"₱2,047.86","₱1,880.00"
74093,002-000033555,23/03/2026,19:51:07,5,Delivery,FoodPanda,₱520.00,₱46.43,nan,₱0.00,₱566.43,₱520.00
74091,002-000033554,23/03/2026,13:59:04,6,Take Out,Walk-in,₱995.00,₱88.84,nan,₱0.00,"₱1,083.84",₱995.00
74089,002-000033553,23/03/2026,19:13:02,2,Dine In,Walk-in,"₱1,365.00",₱121.87,Employee Discount,₱273.00,"₱1,213.87","₱1,365.00"
74086,002-000033552,23/03/2026,19:36:48,6,Dine In,Walk-in,₱770.00,₱68.75,nan,₱0.00,₱838.75,₱770.00
74084,002-000033551,22/03/2026,12:10:10,4,Dine In,Walk-in,"₱2,490.00",₱222.32,nan,₱0.00,"₱2,712.32","₱2,490.00"
74080,002-000033550,22/03/2026,19:43:45,6,Dine In,Walk-in,"₱2,835.00",₱253.12,Employee Discount,₱567.00,"₱2,521.12","₱2,835.00"
74078,002-000033549,22/03/2026,18:57:26,3,Dine In,Walk-in,"₱2,480.00",₱221.43,nan,₱0.00,"₱2,701.43","₱2,480.00"
74076,002-000033548,22/03/2026,20:24:53,2,Dine In,Walk-in,"₱2,475.00",₱220.98,nan,₱0.00,"₱2,695.98","₱2,475.00"
74074,002-000033547,22/03/2026,11:20:03,2,Dine In,Walk-in,"₱1,830.00",₱163.39,nan,₱0.00,"₱1,993.39","₱1,830.00"
74071,002-000033546,22/03/2026,17:46:00,3,Take Out,Walk-in,"₱1,700.00",₱151.79,nan,₱0.00,"₱1,851.79","₱1,700.00"
74068,002-000033545,22/03/2026,11:08:56,4,Dine In,Walk-in,₱470.00,₱41.96,nan,₱0.00,₱511.96,₱470.00
74064,002-000033544,22/03/2026,19:33:20,2,Dine In,Walk-in,"₱1,470.00",₱131.25,nan,₱0.00,"₱1,601.25","₱1,470.00"
74061,002-000033543,22/03/2026,20:10:30,5,Dine In,Walk-in,"₱3,395.00",₱303.12,nan,₱0.00,"₱3,698.12","₱3,395.00"
74059,002-000033542,22/03/2026,17:09:36,4,Dine In,Walk-in,"₱3,425.00",₱305.80,Senior Citizen,₱685.00,"₱3,045.80","₱3,425.00"
74058,002-000033541,22/03/2026,12:20:33,5,Dine In,Walk-in,₱705.00,₱62.95,nan,₱0.00,₱767.95,₱705.00
74057,002-000033540,22/03/2026,18:32:05,4,Dine In,Walk-in,"₱1,135.00",₱101.34,nan,₱0.00,"₱1,236.34","₱1,135.00"
74055,002-000033539,22/03/2026,18:27:30,1,Delivery,FoodPanda,"₱1,990.00",₱177.68,Employee Discount,₱398.00,"₱1,769.68","₱1,990.00"
74054,002-000033538,22/03/2026,20:32:44,3,Dine In,Walk-in,"₱2,175.00",₱194.20,nan,₱0.00,"₱2,369.20","₱2,175.00"
74051,002-000033537,22/03/2026,17:35:27,1,Dine In,Walk-in,"₱1,445.00",₱129.02,nan,₱0.00,"₱1,574.02","₱1,445.00"
74049,002-000033536,22/03/2026,13:36:59,2,Dine In,Walk-in,"₱1,300.00",₱116.07,nan,₱0.00,"₱1,416.07","₱1,300.00"
74047,002-000033535,22/03/2026,12:07:42,2,Dine In,Walk-in,"₱1,760.00",₱157.14,nan,₱0.00,"₱1,917.14","₱1,760.00"
74045,002-000033534,22/03/2026,19:54:54,6,Dine In,Walk-in,"₱2,065.00",₱184.37,nan,₱0.00,"₱2,249.37","₱2,065.00"
74042,002-000033533,22/03/2026,20:06:41,4,Take Out,Walk-in,"₱1,905.00",₱170.09,nan,₱0.00,"₱2,075.09","₱1,905.00"
74038,002-000033532,22/03/2026,12:44:16,4,Dine In,Walk-in,"₱2,030.00",₱181.25,nan,₱0.00,"₱2,211.25","₱2,030.00"
74034,002-000033531,22/03/2026,12:14:29,6,Dine In,Walk-in,"₱1,050.00",₱93.75,Senior Citizen,₱210.00,₱933.75,"₱1,050.00"
74032,002-000033530,22/03/2026,13:22:36,2,Dine In,Walk-in,₱260.00,₱23.21,nan,₱0.00,₱283.21,₱260.00
74029,002-000033529,22/03/2026,20:03:34,5,Dine In,Walk-in,"₱1,203.00",₱107.41,Senior Citizen,₱240.60,"₱1,069.81","₱1,203.00"
74027,002-000033528,22/03/2026,13:26:48,3,Dine In,Walk-in,₱820.00,₱73.21,nan,₱0.00,₱893.21,₱820.00
74026,002-000033527,22/03/2026,13:16:12,3,Dine In,Walk-in,"₱1,275.00",₱113.84,nan,₱0.00,"₱1,388.84","₱1,275.00"
74022,002-000033526,21/03/2026,13:13:10,1,Dine In,Walk-in,"₱1,340.00",₱119.64,nan,₱0.00,"₱1,459.64","₱1,340.00"
74019,002-000033525,21/03/2026,13:40:44,4,Take Out,Walk-in,₱895.00,₱79.91,nan,₱0.00,₱974.91,₱895.00
74018,002-000033524,21/03/2026,17:41:41,6,Dine In,Walk-in,"₱2,050.00",₱183.04,nan,₱0.00,"₱2,233.04","₱2,050.00"
74016,002-000033523,21/03/2026,18:38:25,6,Dine In,Walk-in,"₱1,235.00",₱110.27,Employee Discount,₱247.00,"₱1,098.27","₱1,235.00"
74015,002-000033522,21/03/2026,13:02:06,6,Dine In,Walk-in,"₱1,560.00",₱139.29,nan,₱0.00,"₱1,699.29","₱1,560.00"
74011,002-000033521,21/03/2026,17:36:34,1,Dine In,Walk-in,₱875.00,₱78.12,Employee Discount,₱175.00,₱778.12,₱875.00
74010,002-000033520,21/03/2026,17:49:09,6,Dine In,Walk-in,"₱1,460.00",₱130.36,nan,₱0.00,"₱1,590.36","₱1,460.00"
74006,002-000033519,21/03/2026,11:27:26,5,Dine In,Walk-in,₱795.00,₱70.98,nan,₱0.00,₱865.98,₱795.00
74002,002-000033518,21/03/2026,11:21:04,4,Dine In,Walk-in,"₱2,165.00",₱193.30,nan,₱0.00,"₱2,358.30","₱2,165.00"
73998,002-000033517,21/03/2026,12:14:53,1,Dine In,Walk-in,₱710.00,₱63.39,nan,₱0.00,₱773.39,₱710.00
73994,002-000033516,21/03/2026,12:14:49,6,Dine In,Walk-in,"₱1,680.00",₱150.00,nan,₱0.00,"₱1,830.00","₱1,680.00"
73990,002-000033515,21/03/2026,20:52:15,4,Dine In,Walk-in,"₱3,005.00",₱268.30,nan,₱0.00,"₱3,273.30","₱3,005.00"
73987,002-000033514,21/03/2026,11:06:58,5,Dine In,Walk-in,₱630.00,₱56.25,nan,₱0.00,₱686.25,₱630.00
73983,002-000033513,21/03/2026,18:17:25,2,Dine In,Walk-in,"₱1,695.00",₱151.34,nan,₱0.00,"₱1,846.34","₱1,695.00"
73981,002-000033512,21/03/2026,13:36:09,4,Dine In,Walk-in,"₱1,310.00",₱116.96,nan,₱0.00,"₱1,426.96","₱1,310.00"
73978,002-000033511,21/03/2026,19:03:55,6,Dine In,Walk-in,"₱1,300.00",₱116.07,nan,₱0.00,"₱1,416.07","₱1,300.00"
73975,002-000033510,21/03/2026,17:08:08,2,Dine In,Walk-in,"₱1,145.00",₱102.23,nan,₱0.00,"₱1,247.23","₱1,145.00"
73972,002-000033509,21/03/2026,17:30:03,4,Take Out,Walk-in,"₱1,105.00",₱98.66,nan,₱0.00,"₱1,203.66","₱1,105.00"
73970,002-000033508,21/03/2026,17:02:22,6,Dine In,Walk-in,"₱1,110.00",₱99.11,nan,₱0.00,"₱1,209.11","₱1,110.00"
73967,002-000033507,21/03/2026,12:29:26,3,Dine In,Walk-in,"₱1,835.00",₱163.84,nan,₱0.00,"₱1,998.84","₱1,835.00"
73963,002-000033506,21/03/2026,13:13:09,4,Dine In,Walk-in,"₱1,340.00",₱119.64,nan,₱0.00,"₱1,459.64","₱1,340.00"
73959,002-000033505,21/03/2026,19:26:02,1,Dine In,Walk-in,"₱2,220.00",₱198.21,nan,₱0.00,"₱2,418.21","₱2,220.00"
73955,002-000033504,21/03/2026,19:25:30,2,Dine In,Walk-in,"₱1,960.00",₱175.00,nan,₱0.00,"₱2,135.00","₱1,960.00"
73954,002-000033503,21/03/2026,19:03:30,5,Dine In,Walk-in,₱725.00,₱64.73,nan,₱0.00,₱789.73,₱725.00
73864,002-000033502,20/03/2026,12:57:32,1,Dine In,Walk-in,₱445.00,₱39.73,nan,₱0.00,₱484.73,₱445.00
73860,002-000033501,20/03/2026,13:52:14,1,Dine In,Walk-in,₱345.00,₱30.80,nan,₱0.00,₱375.80,₱345.00
73858,002-000033500,20/03/2026,17:24:26,5,Dine In,Walk-in,"₱1,835.00",₱163.84,Senior Citizen,₱367.00,"₱1,631.84","₱1,835.00"
73856,002-000033499,20/03/2026,12:04:19,5,Dine In,Walk-in,"₱2,499.00",₱223.12,nan,₱0.00,"₱2,722.12","₱2,499.00"
73852,002-000033498,20/03/2026,18:34:21,6,Delivery,FoodPanda,"₱1,380.00",₱123.21,nan,₱0.00,"₱1,503.21","₱1,380.00"
73850,002-000033497,20/03/2026,11:43:47,4,Dine In,Walk-in,"₱2,120.00",₱189.29,nan,₱0.00,"₱2,309.29","₱2,120.00"
73848,002-000033496,20/03/2026,18:41:50,6,Dine In,Walk-in,"₱3,090.00",₱275.89,nan,₱0.00,"₱3,365.89","₱3,090.00"
73846,002-000033495,20/03/2026,17:19:06,3,Dine In,Walk-in,"₱1,240.00",₱110.71,nan,₱0.00,"₱1,350.71","₱1,240.00"
73844,002-000033494,20/03/2026,11:11:39,1,Dine In,Walk-in,"₱1,855.00",₱165.62,nan,₱0.00,"₱2,020.62","₱1,855.00"
73841,002-000033493,20/03/2026,11:58:10,4,Dine In,Walk-in,"₱1,510.00",₱134.82,Senior Citizen,₱302.00,"₱1,342.82","₱1,510.00"
73840,002-000033492,20/03/2026,18:14:56,1,Dine In,Walk-in,₱670.00,₱59.82,nan,₱0.00,₱729.82,₱670.00
73838,002-000033491,20/03/2026,11:05:18,3,Dine In,Walk-in,"₱1,370.00",₱122.32,nan,₱0.00,"₱1,492.32","₱1,370.00"
73836,002-000033490,20/03/2026,17:16:32,1,Dine In,Walk-in,₱395.00,₱35.27,nan,₱0.00,₱430.27,₱395.00
73834,002-000033489,20/03/2026,19:51:58,6,Dine In,Walk-in,"₱2,320.00",₱207.14,nan,₱0.00,"₱2,527.14","₱2,320.00"
73832,002-000033488,20/03/2026,19:50:06,3,Dine In,Walk-in,"₱1,143.00",₱102.05,nan,₱0.00,"₱1,245.05","₱1,143.00"
73829,002-000033487,20/03/2026,13:56:18,6,Dine In,Walk-in,"₱2,730.00",₱243.75,Employee Discount,₱546.00,"₱2,427.75","₱2,730.00"
73828,002-000033486,20/03/2026,17:47:12,2,Dine In,Walk-in,₱610.00,₱54.46,nan,₱0.00,₱664.46,₱610.00
73826,002-000033485,20/03/2026,17:56:21,3,Dine In,Walk-in,"₱2,180.00",₱194.64,nan,₱0.00,"₱2,374.64","₱2,180.00"
73824,002-000033484,19/03/2026,19:27:57,1,Dine In,Walk-in,₱620.00,₱55.36,Senior Citizen,₱124.00,₱551.36,₱620.00
73822,002-000033483,19/03/2026,12:51:12,6,Dine In,Walk-in,"₱1,538.00",₱137.32,nan,₱0.00,"₱1,675.32","₱1,538.00"
73821,002-000033482,19/03/2026,12:37:22,5,Delivery,FoodPanda,₱673.00,₱60.09,nan,₱0.00,₱733.09,₱673.00
73819,002-000033481,19/03/2026,17:30:46,1,Dine In,Walk-in,"₱2,020.00",₱180.36,nan,₱0.00,"₱2,200.36","₱2,020.00"
73818,002-000033480,19/03/2026,12:13:18,6,Dine In,Walk-in,"₱2,130.00",₱190.18,nan,₱0.00,"₱2,320.18","₱2,130.00"
73815,002-000033479,19/03/2026,19:12:07,6,Dine In,Walk-in,₱435.00,₱38.84,nan,₱0.00,₱473.84,₱435.00
73814,002-000033478,19/03/2026,18:47:27,2,Dine In,Walk-in,₱780.00,₱69.64,nan,₱0.00,₱849.64,₱780.00
73813,002-000033477,19/03/2026,12:17:59,2,Dine In,Walk-in,"₱1,445.00",₱129.02,nan,₱0.00,"₱1,574.02","₱1,445.00"
73811,002-000033476,19/03/2026,20:52:36,2,Dine In,Walk-in,"₱1,875.00",₱167.41,nan,₱0.00,"₱2,042.41","₱1,875.00"
73808,002-000033475,19/03/2026,17:23:44,6,Delivery,FoodPanda,"₱2,800.00",₱250.00,nan,₱0.00,"₱3,050.00","₱2,800.00"
73807,002-000033474,19/03/2026,17:39:35,6,Dine In,Walk-in,"₱2,048.00",₱182.86,nan,₱0.00,"₱2,230.86","₱2,048.00"
73806,002-000033473,19/03/2026,20:46:16,6,Dine In,Walk-in,₱975.00,₱87.05,nan,₱0.00,"₱1,062.05",₱975.00
73805,002-000033472,19/03/2026,11:15:00,6,Dine In,Walk-in,"₱1,085.00",₱96.87,nan,₱0.00,"₱1,181.87","₱1,085.00"
73801,002-000033471,19/03/2026,12:53:49,1,Dine In,Walk-in,"₱2,185.00",₱195.09,nan,₱0.00,"₱2,380.09","₱2,185.00"
73799,002-000033470,19/03/2026,20:50:30,1,Dine In,Walk-in,₱790.00,₱70.54,nan,₱0.00,₱860.54,₱790.00
73797,002-000033469,19/03/2026,17:59:47,5,Dine In,Walk-in,"₱2,083.00",₱185.98,nan,₱0.00,"₱2,268.98","₱2,083.00"
73795,002-000033468,18/03/2026,19:46:43,4,Dine In,Walk-in,"₱2,195.00",₱195.98,nan,₱0.00,"₱2,390.98","₱2,195.00"
73792,002-000033467,18/03/2026,11:11:03,4,Dine In,Walk-in,"₱1,890.00",₱168.75,Senior Citizen,₱378.00,"₱1,680.75","₱1,890.00"
73790,002-000033466,18/03/2026,17:17:22,5,Dine In,Walk-in,₱945.00,₱84.37,nan,₱0.00,"₱1,029.37",₱945.00
73788,002-000033465,18/03/2026,17:30:39,1,Delivery,FoodPanda,"₱1,740.00",₱155.36,nan,₱0.00,"₱1,895.36","₱1,740.00"
73786,002-000033464,18/03/2026,18:46:45,5,Delivery,FoodPanda,"₱1,775.00",₱158.48,nan,₱0.00,"₱1,933.48","₱1,775.00"
73784,002-000033463,18/03/2026,18:32:11,6,Dine In,Walk-in,"₱1,005.00",₱89.73,nan,₱0.00,"₱1,094.73","₱1,005.00"
73782,002-000033462,18/03/2026,20:05:19,3,Dine In,Walk-in,"₱1,065.00",₱95.09,nan,₱0.00,"₱1,160.09","₱1,065.00"
73780,002-000033461,18/03/2026,13:42:06,3,Dine In,Walk-in,"₱2,020.00",₱180.36,nan,₱0.00,"₱2,200.36","₱2,020.00"
73778,002-000033460,18/03/2026,17:47:06,2,Dine In,Walk-in,"₱2,065.00",₱184.37,nan,₱0.00,"₱2,249.37","₱2,065.00"
73777,002-000033459,18/03/2026,11:29:40,3,Dine In,Walk-in,"₱1,450.00",₱129.46,Senior Citizen,₱290.00,"₱1,289.46","₱1,450.00"
73773,002-000033458,18/03/2026,11:38:49,1,Take Out,Walk-in,₱900.00,₱80.36,nan,₱0.00,₱980.36,₱900.00
73770,002-000033457,18/03/2026,18:58:21,5,Dine In,Walk-in,"₱1,980.00",₱176.79,nan,₱0.00,"₱2,156.79","₱1,980.00"
73768,002-000033456,18/03/2026,19:56:35,6,Dine In,Walk-in,"₱2,205.00",₱196.87,PWD,₱441.00,"₱1,960.87","₱2,205.00"
73766,002-000033455,18/03/2026,11:26:33,5,Dine In,Walk-in,"₱3,049.00",₱272.23,nan,₱0.00,"₱3,321.23","₱3,049.00"
73763,002-000033454,18/03/2026,12:54:05,3,Dine In,Walk-in,"₱2,325.00",₱207.59,nan,₱0.00,"₱2,532.59","₱2,325.00"
73761,002-000033453,18/03/2026,18:00:46,2,Dine In,Walk-in,"₱1,715.00",₱153.12,nan,₱0.00,"₱1,868.12","₱1,715.00"
73757,002-000033452,18/03/2026,18:35:49,4,Dine In,Walk-in,"₱4,015.00",₱358.48,Employee Discount,₱803.00,"₱3,570.48","₱4,015.00"
73753,002-000033451,17/03/2026,12:22:40,5,Dine In,Walk-in,"₱1,360.00",₱121.43,nan,₱0.00,"₱1,481.43","₱1,360.00"
73750,002-000033450,17/03/2026,17:28:10,1,Dine In,Walk-in,"₱1,730.00",₱154.46,nan,₱0.00,"₱1,884.46","₱1,730.00"
73747,002-000033449,17/03/2026,11:31:24,6,Dine In,Walk-in,"₱3,025.00",₱270.09,nan,₱0.00,"₱3,295.09","₱3,025.00"
73745,002-000033448,17/03/2026,11:30:54,5,Dine In,Walk-in,"₱2,460.00",₱219.64,nan,₱0.00,"₱2,679.64","₱2,460.00"
73743,002-000033447,17/03/2026,18:02:15,1,Dine In,Walk-in,"₱1,830.00",₱163.39,nan,₱0.00,"₱1,993.39","₱1,830.00"
73741,002-000033446,17/03/2026,20:32:43,6,Dine In,Walk-in,"₱1,905.00",₱170.09,nan,₱0.00,"₱2,075.09","₱1,905.00"
73739,002-000033445,17/03/2026,17:21:51,6,Take Out,Walk-in,₱365.00,₱32.59,nan,₱0.00,₱397.59,₱365.00
73737,002-000033444,17/03/2026,20:09:41,2,Dine In,Walk-in,₱495.00,₱44.20,nan,₱0.00,₱539.20,₱495.00
73735,002-000033443,17/03/2026,13:18:48,3,Dine In,Walk-in,₱620.00,₱55.36,nan,₱0.00,₱675.36,₱620.00
73732,002-000033442,17/03/2026,12:14:38,2,Dine In,Walk-in,"₱1,445.00",₱129.02,nan,₱0.00,"₱1,574.02","₱1,445.00"
73728,002-000033441,17/03/2026,11:02:40,1,Dine In,Walk-in,"₱2,220.00",₱198.21,nan,₱0.00,"₱2,418.21","₱2,220.00"
73726,002-000033440,17/03/2026,19:56:45,4,Dine In,Walk-in,₱885.00,₱79.02,nan,₱0.00,₱964.02,₱885.00
73725,002-000033439,17/03/2026,11:48:30,3,Dine In,Walk-in,"₱3,135.00",₱279.91,Employee Discount,₱627.00,"₱2,787.91","₱3,135.00"
73722,002-000033438,17/03/2026,12:17:35,5,Dine In,Walk-in,"₱5,830.00",₱520.54,nan,₱0.00,"₱6,350.54","₱5,830.00"
73719,002-000033437,17/03/2026,12:30:14,4,Dine In,Walk-in,₱940.00,₱83.93,nan,₱0.00,"₱1,023.93",₱940.00
73715,002-000033436,17/03/2026,12:09:04,5,Dine In,Walk-in,"₱1,270.00",₱113.39,nan,₱0.00,"₱1,383.39","₱1,270.00"
73713,002-000033435,16/03/2026,13:03:01,5,Dine In,Walk-in,"₱2,805.00",₱250.45,nan,₱0.00,"₱3,055.45","₱2,805.00"
73711,002-000033434,16/03/2026,20:56:14,5,Dine In,Walk-in,₱675.00,₱60.27,nan,₱0.00,₱735.27,₱675.00
73707,002-000033433,16/03/2026,17:16:10,2,Dine In,Walk-in,"₱3,405.00",₱304.02,nan,₱0.00,"₱3,709.02","₱3,405.00"
73705,002-000033432,16/03/2026,13:40:01,6,Dine In,Walk-in,"₱1,335.00",₱119.20,nan,₱0.00,"₱1,454.20","₱1,335.00"
73701,002-000033431,16/03/2026,13:26:25,2,Dine In,Walk-in,"₱2,313.00",₱206.52,nan,₱0.00,"₱2,519.52","₱2,313.00"
73698,002-000033430,16/03/2026,11:58:35,1,Dine In,Walk-in,"₱2,120.00",₱189.29,nan,₱0.00,"₱2,309.29","₱2,120.00"
73695,002-000033429,16/03/2026,18:12:06,2,Delivery,FoodPanda,₱795.00,₱70.98,PWD,₱159.00,₱706.98,₱795.00
73694,002-000033428,16/03/2026,20:11:38,3,Dine In,Walk-in,₱975.00,₱87.05,nan,₱0.00,"₱1,062.05",₱975.00
73690,002-000033427,16/03/2026,17:47:03,2,Dine In,Walk-in,"₱1,615.00",₱144.20,nan,₱0.00,"₱1,759.20","₱1,615.00"
73687,002-000033426,16/03/2026,13:05:45,5,Dine In,Walk-in,₱700.00,₱62.50,nan,₱0.00,₱762.50,₱700.00
73686,002-000033425,16/03/2026,18:26:38,3,Dine In,Walk-in,₱0.00,₱0.00,nan,₱0.00,₱0.00,₱0.00
73683,002-000033424,16/03/2026,18:00:48,4,Dine In,Walk-in,₱325.00,₱29.02,nan,₱0.00,₱354.02,₱325.00
73679,002-000033423,16/03/2026,18:45:14,1,Dine In,Walk-in,"₱3,556.00",₱317.50,nan,₱0.00,"₱3,873.50","₱3,556.00"
73677,002-000033422,16/03/2026,13:33:28,1,Dine In,Walk-in,"₱1,325.00",₱118.30,nan,₱0.00,"₱1,443.30","₱1,325.00"
73673,002-000033421,16/03/2026,17:06:51,4,Dine In,Walk-in,₱975.00,₱87.05,nan,₱0.00,"₱1,062.05",₱975.00
73594,002-000033420,15/03/2026,18:04:31,2,Dine In,Walk-in,"₱2,790.00",₱249.11,nan,₱0.00,"₱3,039.11","₱2,790.00"
73592,002-000033419,15/03/2026,20:55:26,4,Dine In,Walk-in,"₱1,900.00",₱169.64,nan,₱0.00,"₱2,069.64","₱1,900.00"
73589,002-000033418,15/03/2026,19:30:53,6,Dine In,Walk-in,"₱1,655.00",₱147.77,nan,₱0.00,"₱1,802.77","₱1,655.00"
73585,002-000033417,15/03/2026,13:58:51,1,Dine In,Walk-in,"₱2,420.00",₱216.07,nan,₱0.00,"₱2,636.07","₱2,420.00"
73583,002-000033416,15/03/2026,13:29:10,4,Dine In,Walk-in,"₱1,640.00",₱146.43,nan,₱0.00,"₱1,786.43","₱1,640.00"
73582,002-000033415,15/03/2026,17:34:21,2,Dine In,Walk-in,"₱2,105.00",₱187.95,Senior Citizen,₱421.00,"₱1,871.95","₱2,105.00"
73580,002-000033414,15/03/2026,20:22:37,1,Dine In,Walk-in,"₱2,200.00",₱196.43,nan,₱0.00,"₱2,396.43","₱2,200.00"
73579,002-000033413,15/03/2026,17:42:06,2,Dine In,Walk-in,"₱1,375.00",₱122.77,nan,₱0.00,"₱1,497.77","₱1,375.00"
73577,002-000033412,15/03/2026,12:49:42,1,Dine In,Walk-in,"₱3,690.00",₱329.46,nan,₱0.00,"₱4,019.46","₱3,690.00"
73574,002-000033411,15/03/2026,17:51:19,5,Dine In,Walk-in,"₱1,065.00",₱95.09,nan,₱0.00,"₱1,160.09","₱1,065.00"
73571,002-000033410,15/03/2026,11:17:29,1,Dine In,Walk-in,"₱1,725.00",₱154.02,nan,₱0.00,"₱1,879.02","₱1,725.00"
73568,002-000033409,15/03/2026,18:00:51,6,Dine In,Walk-in,"₱1,238.00",₱110.54,nan,₱0.00,"₱1,348.54","₱1,238.00"
73567,002-000033408,15/03/2026,19:29:29,2,Dine In,Walk-in,₱905.00,₱80.80,nan,₱0.00,₱985.80,₱905.00
73564,002-000033407,15/03/2026,18:34:14,5,Dine In,Walk-in,"₱2,363.00",₱210.98,nan,₱0.00,"₱2,573.98","₱2,363.00"
73562,002-000033406,15/03/2026,19:25:04,2,Dine In,Walk-in,"₱1,300.00",₱116.07,nan,₱0.00,"₱1,416.07","₱1,300.00"
73559,002-000033405,15/03/2026,12:09:07,3,Dine In,Walk-in,"₱1,215.00",₱108.48,nan,₱0.00,"₱1,323.48","₱1,215.00"
73558,002-000033404,15/03/2026,11:44:19,4,Dine In,Walk-in,"₱3,470.00",₱309.82,Employee Discount,₱694.00,"₱3,085.82","₱3,470.00"
73556,002-000033403,15/03/2026,13:08:55,3,Dine In,Walk-in,"₱2,355.00",₱210.27,nan,₱0.00,"₱2,565.27","₱2,355.00"
73555,002-000033402,15/03/2026,11:27:53,6,Take Out,Walk-in,"₱1,715.00",₱153.12,nan,₱0.00,"₱1,868.12","₱1,715.00"
73552,002-000033401,15/03/2026,12:22:08,3,Dine In,Walk-in,"₱2,000.00",₱178.57,nan,₱0.00,"₱2,178.57","₱2,000.00"
73549,002-000033400,15/03/2026,18:48:09,5,Dine In,Walk-in,"₱1,154.00",₱103.04,nan,₱0.00,"₱1,257.04","₱1,154.00"
73546,002-000033399,15/03/2026,12:09:35,1,Dine In,Walk-in,₱415.00,₱37.05,nan,₱0.00,₱452.05,₱415.00
73543,002-000033398,15/03/2026,17:14:37,6,Dine In,Walk-in,"₱1,344.00",₱120.00,nan,₱0.00,"₱1,464.00","₱1,344.00"
73541,002-000033397,15/03/2026,18:37:47,5,Dine In,Walk-in,"₱2,915.00",₱260.27,Senior Citizen,₱583.00,"₱2,592.27","₱2,915.00"
73539,002-000033396,14/03/2026,20:42:28,1,Dine In,Walk-in,"₱1,135.00",₱101.34,nan,₱0.00,"₱1,236.34","₱1,135.00"
73536,002-000033395,14/03/2026,17:46:42,6,Take Out,Walk-in,₱915.00,₱81.70,nan,₱0.00,₱996.70,₱915.00
73532,002-000033394,14/03/2026,20:31:43,1,Dine In,Walk-in,₱285.00,₱25.45,nan,₱0.00,₱310.45,₱285.00
73531,002-000033393,14/03/2026,13:24:30,1,Take Out,Walk-in,"₱2,335.00",₱208.48,nan,₱0.00,"₱2,543.48","₱2,335.00"
73529,002-000033392,14/03/2026,17:59:34,4,Dine In,Walk-in,"₱1,835.00",₱163.84,nan,₱0.00,"₱1,998.84","₱1,835.00"
73527,002-000033391,14/03/2026,13:47:23,6,Dine In,Walk-in,"₱1,160.00",₱103.57,nan,₱0.00,"₱1,263.57","₱1,160.00"
73526,002-000033390,14/03/2026,19:46:08,1,Dine In,Walk-in,₱725.00,₱64.73,nan,₱0.00,₱789.73,₱725.00
73525,002-000033389,14/03/2026,17:35:02,2,Dine In,Walk-in,"₱1,455.00",₱129.91,nan,₱0.00,"₱1,584.91","₱1,455.00"
73521,002-000033388,14/03/2026,11:56:15,5,Dine In,Walk-in,₱965.00,₱86.16,nan,₱0.00,"₱1,051.16",₱965.00
73517,002-000033387,14/03/2026,13:40:19,2,Dine In,Walk-in,"₱2,440.00",₱217.86,nan,₱0.00,"₱2,657.86","₱2,440.00"
73516,002-000033386,14/03/2026,18:48:09,4,Dine In,Walk-in,"₱1,370.00",₱122.32,nan,₱0.00,"₱1,492.32","₱1,370.00"
73515,002-000033385,14/03/2026,13:16:00,6,Dine In,Walk-in,"₱1,975.00",₱176.34,nan,₱0.00,"₱2,151.34","₱1,975.00"
73513,002-000033384,14/03/2026,18:49:08,3,Dine In,Walk-in,"₱5,345.00",₱477.23,nan,₱0.00,"₱5,822.23","₱5,345.00"
73511,002-000033383,14/03/2026,17:28:22,3,Dine In,Walk-in,"₱1,140.00",₱101.79,nan,₱0.00,"₱1,241.79","₱1,140.00"
73508,002-000033382,14/03/2026,11:57:07,6,Dine In,Walk-in,₱705.00,₱62.95,nan,₱0.00,₱767.95,₱705.00
73506,002-000033381,14/03/2026,12:19:38,1,Dine In,Walk-in,₱695.00,₱62.05,nan,₱0.00,₱757.05,₱695.00
73505,002-000033380,14/03/2026,11:30:11,4,Dine In,Walk-in,"₱5,750.00",₱513.39,nan,₱0.00,"₱6,263.39","₱5,750.00"
73501,002-000033379,14/03/2026,19:29:45,2,Dine In,Walk-in,"₱1,160.00",₱103.57,nan,₱0.00,"₱1,263.57","₱1,160.00"
73500,002-000033378,14/03/2026,12:26:56,4,Delivery,FoodPanda,"₱2,765.00",₱246.87,nan,₱0.00,"₱3,011.87","₱2,765.00"
73498,002-000033377,14/03/2026,11:48:27,5,Take Out,Walk-in,"₱4,460.00",₱398.21,nan,₱0.00,"₱4,858.21","₱4,460.00"
73494,002-000033376,14/03/2026,11:27:25,5,Dine In,Walk-in,"₱1,410.00",₱125.89,nan,₱0.00,"₱1,535.89","₱1,410.00"
73491,002-000033375,14/03/2026,17:36:00,6,Dine In,Walk-in,"₱1,755.00",₱156.70,nan,₱0.00,"₱1,911.70","₱1,755.00"
73487,002-000033374,14/03/2026,20:04:04,5,Dine In,Walk-in,"₱1,685.00",₱150.45,nan,₱0.00,"₱1,835.45","₱1,685.00"
73485,002-000033373,13/03/2026,11:54:51,4,Take Out,Walk-in,"₱1,765.00",₱157.59,nan,₱0.00,"₱1,922.59","₱1,765.00"
73484,002-000033372,13/03/2026,17:41:13,3,Dine In,Walk-in,"₱2,835.00",₱253.12,nan,₱0.00,"₱3,088.12","₱2,835.00"
73482,002-000033371,13/03/2026,12:44:28,1,Dine In,Walk-in,"₱2,473.00",₱220.80,nan,₱0.00,"₱2,693.80","₱2,473.00"
73481,002-000033370,13/03/2026,13:41:34,1,Dine In,Walk-in,"₱4,950.00",₱441.96,nan,₱0.00,"₱5,391.96","₱4,950.00"
73478,002-000033369,13/03/2026,13:01:01,6,Take Out,Walk-in,"₱1,710.00",₱152.68,nan,₱0.00,"₱1,862.68","₱1,710.00"
73476,002-000033368,13/03/2026,12:33:50,3,Dine In,Walk-in,"₱1,825.00",₱162.95,nan,₱0.00,"₱1,987.95","₱1,825.00"
73474,002-000033367,13/03/2026,17:51:33,6,Dine In,Walk-in,"₱1,270.00",₱113.39,nan,₱0.00,"₱1,383.39","₱1,270.00"
73470,002-000033366,13/03/2026,17:54:29,6,Dine In,Walk-in,"₱2,790.00",₱249.11,nan,₱0.00,"₱3,039.11","₱2,790.00"
73468,002-000033365,13/03/2026,17:31:16,6,Dine In,Walk-in,₱290.00,₱25.89,nan,₱0.00,₱315.89,₱290.00
73464,002-000033364,13/03/2026,13:27:03,5,Dine In,Walk-in,"₱2,235.00",₱199.55,nan,₱0.00,"₱2,434.55","₱2,235.00"
73463,002-000033363,13/03/2026,20:38:57,1,Dine In,Walk-in,"₱1,225.00",₱109.37,nan,₱0.00,"₱1,334.37","₱1,225.00"
73461,002-000033362,13/03/2026,17:02:35,4,Dine In,Walk-in,"₱1,030.00",₱91.96,nan,₱0.00,"₱1,121.96","₱1,030.00"
73457,002-000033361,13/03/2026,17:00:04,3,Dine In,Walk-in,"₱2,225.00",₱198.66,nan,₱0.00,"₱2,423.66","₱2,225.00"
73455,002-000033360,13/03/2026,13:42:31,3,Dine In,Walk-in,"₱2,060.00",₱183.93,nan,₱0.00,"₱2,243.93","₱2,060.00"
73453,002-000033359,13/03/2026,13:30:04,2,Dine In,Walk-in,₱425.00,₱37.95,nan,₱0.00,₱462.95,₱425.00
73449,002-000033358,12/03/2026,12:12:23,3,Dine In,Walk-in,"₱1,845.00",₱164.73,PWD,₱369.00,"₱1,640.73","₱1,845.00"
73446,002-000033357,12/03/2026,13:06:19,6,Dine In,Walk-in,"₱1,230.00",₱109.82,nan,₱0.00,"₱1,339.82","₱1,230.00"
73443,002-000033356,12/03/2026,20:32:51,3,Dine In,Walk-in,₱850.00,₱75.89,nan,₱0.00,₱925.89,₱850.00
73440,002-000033355,12/03/2026,13:06:16,4,Dine In,Walk-in,"₱1,720.00",₱153.57,nan,₱0.00,"₱1,873.57","₱1,720.00"
73437,002-000033354,12/03/2026,12:56:41,3,Dine In,Walk-in,"₱1,200.00",₱107.14,nan,₱0.00,"₱1,307.14","₱1,200.00"
73435,002-000033353,12/03/2026,20:38:15,5,Dine In,Walk-in,"₱2,920.00",₱260.71,nan,₱0.00,"₱3,180.71","₱2,920.00"
73434,002-000033352,12/03/2026,17:06:54,1,Dine In,Walk-in,"₱1,095.00",₱97.77,nan,₱0.00,"₱1,192.77","₱1,095.00"
73432,002-000033351,12/03/2026,18:49:21,5,Dine In,Walk-in,"₱1,440.00",₱128.57,nan,₱0.00,"₱1,568.57","₱1,440.00"
73431,002-000033350,12/03/2026,17:32:31,6,Dine In,Walk-in,"₱2,115.00",₱188.84,nan,₱0.00,"₱2,303.84","₱2,115.00"
73427,002-000033349,12/03/2026,12:02:48,4,Dine In,Walk-in,₱900.00,₱80.36,Employee Discount,₱180.00,₱800.36,₱900.00
73423,002-000033348,12/03/2026,12:58:25,1,Dine In,Walk-in,₱310.00,₱27.68,nan,₱0.00,₱337.68,₱310.00
73419,002-000033347,12/03/2026,13:56:52,6,Dine In,Walk-in,"₱2,390.00",₱213.39,nan,₱0.00,"₱2,603.39","₱2,390.00"
73417,002-000033346,12/03/2026,12:31:03,4,Delivery,FoodPanda,"₱1,585.00",₱141.52,nan,₱0.00,"₱1,726.52","₱1,585.00"
73415,002-000033345,12/03/2026,20:18:22,3,Dine In,Walk-in,₱850.00,₱75.89,nan,₱0.00,₱925.89,₱850.00
73412,002-000033344,12/03/2026,17:43:49,2,Dine In,Walk-in,"₱1,428.00",₱127.50,nan,₱0.00,"₱1,555.50","₱1,428.00"
73408,002-000033343,12/03/2026,12:12:29,1,Dine In,Walk-in,"₱3,655.00",₱326.34,nan,₱0.00,"₱3,981.34","₱3,655.00"
73406,002-000033342,12/03/2026,19:16:43,5,Dine In,Walk-in,₱775.00,₱69.20,nan,₱0.00,₱844.20,₱775.00
73404,002-000033341,11/03/2026,17:14:22,2,Dine In,Walk-in,₱955.00,₱85.27,nan,₱0.00,"₱1,040.27",₱955.00
73402,002-000033340,11/03/2026,20:01:56,3,Dine In,Walk-in,"₱1,520.00",₱135.71,nan,₱0.00,"₱1,655.71","₱1,520.00"
73400,002-000033339,11/03/2026,17:14:57,3,Dine In,Walk-in,"₱2,170.00",₱193.75,nan,₱0.00,"₱2,363.75","₱2,170.00"
73397,002-000033338,11/03/2026,19:37:12,3,Dine In,Walk-in,"₱5,333.00",₱476.16,nan,₱0.00,"₱5,809.16","₱5,333.00"
73396,002-000033337,11/03/2026,11:17:43,2,Dine In,Walk-in,₱435.00,₱38.84,nan,₱0.00,₱473.84,₱435.00
73393,002-000033336,11/03/2026,12:00:31,4,Dine In,Walk-in,₱785.00,₱70.09,nan,₱0.00,₱855.09,₱785.00
73389,002-000033335,11/03/2026,11:09:40,2,Dine In,Walk-in,"₱2,160.00",₱192.86,nan,₱0.00,"₱2,352.86","₱2,160.00"
73387,002-000033334,11/03/2026,13:40:05,3,Dine In,Walk-in,"₱1,060.00",₱94.64,Employee Discount,₱212.00,₱942.64,"₱1,060.00"
73384,002-000033333,11/03/2026,17:57:12,3,Dine In,Walk-in,"₱1,790.00",₱159.82,PWD,₱358.00,"₱1,591.82","₱1,790.00"
73382,002-000033332,11/03/2026,11:28:35,6,Dine In,Walk-in,₱980.00,₱87.50,PWD,₱196.00,₱871.50,₱980.00
73380,002-000033331,11/03/2026,18:52:55,6,Dine In,Walk-in,₱365.00,₱32.59,nan,₱0.00,₱397.59,₱365.00
73376,002-000033330,11/03/2026,11:37:45,1,Dine In,Walk-in,"₱2,045.00",₱182.59,nan,₱0.00,"₱2,227.59","₱2,045.00"
73374,002-000033329,11/03/2026,11:21:20,1,Dine In,Walk-in,"₱2,385.00",₱212.95,nan,₱0.00,"₱2,597.95","₱2,385.00"
73370,002-000033328,11/03/2026,17:01:06,1,Dine In,Walk-in,"₱1,470.00",₱131.25,nan,₱0.00,"₱1,601.25","₱1,470.00"
73368,002-000033327,11/03/2026,17:34:30,3,Dine In,Walk-in,"₱3,060.00",₱273.21,nan,₱0.00,"₱3,333.21","₱3,060.00"
73364,002-000033326,11/03/2026,11:43:57,3,Dine In,Walk-in,"₱2,120.00",₱189.29,PWD,₱424.00,"₱1,885.29","₱2,120.00"
73274,002-000033325,10/03/2026,17:51:28,5,Dine In,Walk-in,"₱2,755.00",₱245.98,nan,₱0.00,"₱3,000.98","₱2,755.00"
73270,002-000033324,10/03/2026,17:33:56,5,Dine In,Walk-in,"₱3,530.00",₱315.18,nan,₱0.00,"₱3,845.18","₱3,530.00"
73268,002-000033323,10/03/2026,17:05:20,4,Dine In,Walk-in,"₱1,840.00",₱164.29,nan,₱0.00,"₱2,004.29","₱1,840.00"
73264,002-000033322,10/03/2026,13:58:20,1,Dine In,Walk-in,₱608.00,₱54.29,nan,₱0.00,₱662.29,₱608.00
73260,002-000033321,10/03/2026,13:06:22,4,Dine In,Walk-in,"₱1,910.00",₱170.54,nan,₱0.00,"₱2,080.54","₱1,910.00"
73258,002-000033320,10/03/2026,17:18:54,6,Dine In,Walk-in,"₱2,800.00",₱250.00,nan,₱0.00,"₱3,050.00","₱2,800.00"
73257,002-000033319,10/03/2026,11:54:17,2,Dine In,Walk-in,"₱2,290.00",₱204.46,Employee Discount,₱458.00,"₱2,036.46","₱2,290.00"
73255,002-000033318,10/03/2026,19:31:46,1,Dine In,Walk-in,"₱1,145.00",₱102.23,nan,₱0.00,"₱1,247.23","₱1,145.00"
73253,002-000033317,10/03/2026,11:00:27,5,Take Out,Walk-in,"₱2,640.00",₱235.71,nan,₱0.00,"₱2,875.71","₱2,640.00"
73251,002-000033316,10/03/2026,18:59:11,3,Dine In,Walk-in,"₱2,025.00",₱180.80,nan,₱0.00,"₱2,205.80","₱2,025.00"
73250,002-000033315,10/03/2026,20:37:31,5,Dine In,Walk-in,"₱1,105.00",₱98.66,nan,₱0.00,"₱1,203.66","₱1,105.00"
73249,002-000033314,10/03/2026,18:52:44,6,Dine In,Walk-in,₱960.00,₱85.71,nan,₱0.00,"₱1,045.71",₱960.00
73248,002-000033313,10/03/2026,18:29:21,6,Dine In,Walk-in,"₱1,135.00",₱101.34,nan,₱0.00,"₱1,236.34","₱1,135.00"
73245,002-000033312,10/03/2026,19:50:15,5,Dine In,Walk-in,"₱1,905.00",₱170.09,nan,₱0.00,"₱2,075.09","₱1,905.00"
73244,002-000033311,10/03/2026,20:22:12,6,Dine In,Walk-in,₱950.00,₱84.82,nan,₱0.00,"₱1,034.82",₱950.00
73242,002-000033310,10/03/2026,18:39:41,5,Dine In,Walk-in,"₱2,305.00",₱205.80,nan,₱0.00,"₱2,510.80","₱2,305.00"
73241,002-000033309,09/03/2026,11:02:55,6,Dine In,Walk-in,"₱1,075.00",₱95.98,nan,₱0.00,"₱1,170.98","₱1,075.00"
73238,002-000033308,09/03/2026,17:20:14,3,Dine In,Walk-in,"₱1,865.00",₱166.52,nan,₱0.00,"₱2,031.52","₱1,865.00"
73236,002-000033307,09/03/2026,11:33:28,1,Dine In,Walk-in,"₱3,430.00",₱306.25,Senior Citizen,₱686.00,"₱3,050.25","₱3,430.00"
73232,002-000033306,09/03/2026,12:39:42,1,Dine In,Walk-in,"₱1,285.00",₱114.73,nan,₱0.00,"₱1,399.73","₱1,285.00"
73230,002-000033305,09/03/2026,12:58:21,3,Dine In,Walk-in,"₱1,310.00",₱116.96,nan,₱0.00,"₱1,426.96","₱1,310.00"
73228,002-000033304,09/03/2026,11:59:53,1,Dine In,Walk-in,₱690.00,₱61.61,nan,₱0.00,₱751.61,₱690.00
73227,002-000033303,09/03/2026,12:37:08,2,Dine In,Walk-in,"₱2,090.00",₱186.61,nan,₱0.00,"₱2,276.61","₱2,090.00"
73226,002-000033302,09/03/2026,17:13:16,1,Dine In,Walk-in,₱960.00,₱85.71,Senior Citizen,₱192.00,₱853.71,₱960.00
73224,002-000033301,09/03/2026,17:47:51,2,Dine In,Walk-in,"₱1,735.00",₱154.91,nan,₱0.00,"₱1,889.91","₱1,735.00"
73222,002-000033300,09/03/2026,20:41:26,2,Dine In,Walk-in,"₱4,370.00",₱390.18,nan,₱0.00,"₱4,760.18","₱4,370.00"
73221,002-000033299,09/03/2026,20:00:25,2,Dine In,Walk-in,"₱1,050.00",₱93.75,nan,₱0.00,"₱1,143.75","₱1,050.00"
73217,002-000033298,09/03/2026,13:12:27,5,Dine In,Walk-in,₱90.00,₱8.04,nan,₱0.00,₱98.04,₱90.00
73213,002-000033297,09/03/2026,19:09:20,3,Dine In,Walk-in,"₱1,445.00",₱129.02,PWD,₱289.00,"₱1,285.02","₱1,445.00"
73211,002-000033296,09/03/2026,12:43:37,4,Dine In,Walk-in,"₱1,660.00",₱148.21,nan,₱0.00,"₱1,808.21","₱1,660.00"
73210,002-000033295,08/03/2026,19:20:45,4,Dine In,Walk-in,"₱1,785.00",₱159.37,nan,₱0.00,"₱1,944.37","₱1,785.00"
73209,002-000033294,08/03/2026,11:57:30,5,Dine In,Walk-in,"₱1,710.00",₱152.68,nan,₱0.00,"₱1,862.68","₱1,710.00"
73208,002-000033293,08/03/2026,17:43:42,4,Dine In,Walk-in,₱315.00,₱28.12,nan,₱0.00,₱343.12,₱315.00
73206,002-000033292,08/03/2026,12:06:59,6,Dine In,Walk-in,"₱1,525.00",₱136.16,nan,₱0.00,"₱1,661.16","₱1,525.00"
73204,002-000033291,08/03/2026,18:36:37,1,Dine In,Walk-in,"₱1,645.00",₱146.87,nan,₱0.00,"₱1,791.87","₱1,645.00"
73201,002-000033290,08/03/2026,11:45:47,1,Dine In,Walk-in,"₱2,035.00",₱181.70,PWD,₱407.00,"₱1,809.70","₱2,035.00"
73197,002-000033289,08/03/2026,17:05:07,2,Dine In,Walk-in,"₱2,135.00",₱190.62,nan,₱0.00,"₱2,325.62","₱2,135.00"
73195,002-000033288,08/03/2026,13:37:01,3,Take Out,Walk-in,"₱2,165.00",₱193.30,nan,₱0.00,"₱2,358.30","₱2,165.00"
73193,002-000033287,08/03/2026,18:18:28,5,Dine In,Walk-in,"₱1,585.00",₱141.52,nan,₱0.00,"₱1,726.52","₱1,585.00"
73189,002-000033286,08/03/2026,18:36:32,1,Dine In,Walk-in,"₱2,640.00",₱235.71,nan,₱0.00,"₱2,875.71","₱2,640.00"
73188,002-000033285,08/03/2026,13:22:18,2,Dine In,Walk-in,₱990.00,₱88.39,nan,₱0.00,"₱1,078.39",₱990.00
73186,002-000033284,08/03/2026,17:20:39,5,Dine In,Walk-in,"₱1,345.00",₱120.09,nan,₱0.00,"₱1,465.09","₱1,345.00"
73183,002-000033283,08/03/2026,13:16:58,5,Dine In,Walk-in,"₱1,745.00",₱155.80,nan,₱0.00,"₱1,900.80","₱1,745.00"
73181,002-000033282,08/03/2026,20:18:36,6,Dine In,Walk-in,"₱5,200.00",₱464.29,nan,₱0.00,"₱5,664.29","₱5,200.00"
73179,002-000033281,08/03/2026,17:32:35,1,Take Out,Walk-in,"₱3,165.00",₱282.59,nan,₱0.00,"₱3,447.59","₱3,165.00"
73178,002-000033280,08/03/2026,20:46:58,2,Dine In,Walk-in,"₱1,660.00",₱148.21,nan,₱0.00,"₱1,808.21","₱1,660.00"
73176,002-000033279,08/03/2026,12:38:38,3,Dine In,Walk-in,"₱1,960.00",₱175.00,nan,₱0.00,"₱2,135.00","₱1,960.00"
73174,002-000033278,08/03/2026,11:22:00,1,Dine In,Walk-in,₱550.00,₱49.11,nan,₱0.00,₱599.11,₱550.00
73170,002-000033277,08/03/2026,20:41:55,4,Dine In,Walk-in,"₱1,139.00",₱101.70,PWD,₱227.80,"₱1,012.90","₱1,139.00"
73166,002-000033276,08/03/2026,19:41:34,6,Dine In,Walk-in,"₱1,650.00",₱147.32,nan,₱0.00,"₱1,797.32","₱1,650.00"
73164,002-000033275,08/03/2026,20:39:35,5,Dine In,Walk-in,"₱2,315.00",₱206.70,nan,₱0.00,"₱2,521.70","₱2,315.00"
73163,002-000033274,08/03/2026,12:53:05,6,Dine In,Walk-in,"₱1,605.00",₱143.30,nan,₱0.00,"₱1,748.30","₱1,605.00"
73160,002-000033273,08/03/2026,13:14:33,4,Take Out,Walk-in,₱940.00,₱83.93,nan,₱0.00,"₱1,023.93",₱940.00
73158,002-000033272,07/03/2026,18:33:02,2,Dine In,Walk-in,"₱3,240.00",₱289.29,nan,₱0.00,"₱3,529.29","₱3,240.00"
73156,002-000033271,07/03/2026,11:51:04,6,Dine In,Walk-in,"₱1,715.00",₱153.12,nan,₱0.00,"₱1,868.12","₱1,715.00"
73154,002-000033270,07/03/2026,20:50:04,1,Take Out,Walk-in,"₱2,300.00",₱205.36,PWD,₱460.00,"₱2,045.36","₱2,300.00"
73152,002-000033269,07/03/2026,12:37:48,6,Dine In,Walk-in,₱850.00,₱75.89,nan,₱0.00,₱925.89,₱850.00
73148,002-000033268,07/03/2026,18:12:52,4,Dine In,Walk-in,"₱1,355.00",₱120.98,nan,₱0.00,"₱1,475.98","₱1,355.00"
73146,002-000033267,07/03/2026,18:00:47,5,Dine In,Walk-in,₱390.00,₱34.82,nan,₱0.00,₱424.82,₱390.00
73145,002-000033266,07/03/2026,12:10:05,1,Delivery,FoodPanda,₱355.00,₱31.70,nan,₱0.00,₱386.70,₱355.00
73141,002-000033265,07/03/2026,20:23:00,5,Dine In,Walk-in,"₱3,360.00",₱300.00,nan,₱0.00,"₱3,660.00","₱3,360.00"
73140,002-000033264,07/03/2026,18:32:38,5,Dine In,Walk-in,"₱2,120.00",₱189.29,nan,₱0.00,"₱2,309.29","₱2,120.00"
73138,002-000033263,07/03/2026,11:56:01,5,Take Out,Walk-in,"₱1,365.00",₱121.87,nan,₱0.00,"₱1,486.87","₱1,365.00"
73134,002-000033262,07/03/2026,17:50:04,4,Dine In,Walk-in,₱480.00,₱42.86,nan,₱0.00,₱522.86,₱480.00
73131,002-000033261,07/03/2026,20:39:20,4,Dine In,Walk-in,"₱2,010.00",₱179.46,nan,₱0.00,"₱2,189.46","₱2,010.00"
73129,002-000033260,07/03/2026,11:12:51,2,Dine In,Walk-in,"₱2,595.00",₱231.70,nan,₱0.00,"₱2,826.70","₱2,595.00"
73125,002-000033259,07/03/2026,19:19:00,5,Dine In,Walk-in,"₱1,460.00",₱130.36,nan,₱0.00,"₱1,590.36","₱1,460.00"
73123,002-000033258,07/03/2026,13:51:07,5,Dine In,Walk-in,"₱1,040.00",₱92.86,nan,₱0.00,"₱1,132.86","₱1,040.00"
73121,002-000033257,07/03/2026,12:39:09,3,Dine In,Walk-in,"₱1,880.00",₱167.86,nan,₱0.00,"₱2,047.86","₱1,880.00"
73120,002-000033256,07/03/2026,17:05:31,1,Dine In,Walk-in,"₱1,825.00",₱162.95,nan,₱0.00,"₱1,987.95","₱1,825.00"
73118,002-000033255,07/03/2026,18:24:01,2,Dine In,Walk-in,₱850.00,₱75.89,nan,₱0.00,₱925.89,₱850.00
73116,002-000033254,07/03/2026,13:54:42,1,Dine In,Walk-in,"₱1,580.00",₱141.07,nan,₱0.00,"₱1,721.07","₱1,580.00"
73114,002-000033253,07/03/2026,18:08:18,5,Dine In,Walk-in,₱0.00,₱0.00,nan,₱0.00,₱0.00,₱0.00
73113,002-000033252,07/03/2026,20:25:49,4,Dine In,Walk-in,"₱2,825.00",₱252.23,nan,₱0.00,"₱3,077.23","₱2,825.00"
73111,002-000033251,07/03/2026,20:04:30,6,Dine In,Walk-in,₱90.00,₱8.04,nan,₱0.00,₱98.04,₱90.00
73108,002-000033250,06/03/2026,17:13:09,5,Dine In,Walk-in,₱160.00,₱14.29,nan,₱0.00,₱174.29,₱160.00
73104,002-000033249,06/03/2026,13:32:41,2,Dine In,Walk-in,₱440.00,₱39.29,nan,₱0.00,₱479.29,₱440.00
73103,002-000033248,06/03/2026,11:20:18,5,Dine In,Walk-in,"₱1,095.00",₱97.77,nan,₱0.00,"₱1,192.77","₱1,095.00"
73102,002-000033247,06/03/2026,11:07:21,6,Dine In,Walk-in,"₱2,570.00",₱229.46,nan,₱0.00,"₱2,799.46","₱2,570.00"
73100,002-000033246,06/03/2026,19:50:09,4,Dine In,Walk-in,₱405.00,₱36.16,Employee Discount,₱81.00,₱360.16,₱405.00
73098,002-000033245,06/03/2026,18:43:39,2,Dine In,Walk-in,₱285.00,₱25.45,nan,₱0.00,₱310.45,₱285.00
73097,002-000033244,06/03/2026,18:36:11,4,Dine In,Walk-in,₱935.00,₱83.48,nan,₱0.00,"₱1,018.48",₱935.00
73095,002-000033243,06/03/2026,20:46:10,5,Dine In,Walk-in,"₱3,535.00",₱315.62,nan,₱0.00,"₱3,850.62","₱3,535.00"
73094,002-000033242,06/03/2026,17:42:37,2,Dine In,Walk-in,₱710.00,₱63.39,nan,₱0.00,₱773.39,₱710.00
73093,002-000033241,06/03/2026,13:09:26,5,Dine In,Walk-in,₱895.00,₱79.91,nan,₱0.00,₱974.91,₱895.00
73091,002-000033240,06/03/2026,19:08:16,1,Delivery,FoodPanda,₱240.00,₱21.43,nan,₱0.00,₱261.43,₱240.00
73090,002-000033239,06/03/2026,18:36:12,4,Delivery,FoodPanda,"₱1,859.00",₱165.98,nan,₱0.00,"₱2,024.98","₱1,859.00"
73086,002-000033238,06/03/2026,11:49:34,5,Dine In,Walk-in,"₱1,370.00",₱122.32,nan,₱0.00,"₱1,492.32","₱1,370.00"
73085,002-000033237,06/03/2026,20:47:13,6,Dine In,Walk-in,₱855.00,₱76.34,nan,₱0.00,₱931.34,₱855.00
73082,002-000033236,06/03/2026,11:45:10,2,Dine In,Walk-in,"₱2,480.00",₱221.43,nan,₱0.00,"₱2,701.43","₱2,480.00"
73033,002-000033235,05/03/2026,19:29:44,2,Dine In,Walk-in,"₱2,920.00",₱260.71,nan,₱0.00,"₱3,180.71","₱2,920.00"
73031,002-000033234,05/03/2026,13:37:13,1,Dine In,Walk-in,₱965.00,₱86.16,nan,₱0.00,"₱1,051.16",₱965.00
73028,002-000033233,05/03/2026,13:33:28,3,Dine In,Walk-in,"₱1,040.00",₱92.86,nan,₱0.00,"₱1,132.86","₱1,040.00"
73026,002-000033232,05/03/2026,13:55:40,3,Dine In,Walk-in,"₱1,120.00",₱100.00,nan,₱0.00,"₱1,220.00","₱1,120.00"
73024,002-000033231,05/03/2026,19:28:27,2,Dine In,Walk-in,₱610.00,₱54.46,nan,₱0.00,₱664.46,₱610.00
73022,002-000033230,05/03/2026,17:33:22,1,Dine In,Walk-in,"₱2,480.00",₱221.43,nan,₱0.00,"₱2,701.43","₱2,480.00"
73018,002-000033229,05/03/2026,13:01:10,4,Dine In,Walk-in,₱380.00,₱33.93,Senior Citizen,₱76.00,₱337.93,₱380.00
73015,002-000033228,05/03/2026,17:22:55,1,Take Out,Walk-in,"₱2,345.00",₱209.37,nan,₱0.00,"₱2,554.37","₱2,345.00"
73013,002-000033227,05/03/2026,11:46:05,3,Dine In,Walk-in,"₱2,910.00",₱259.82,nan,₱0.00,"₱3,169.82","₱2,910.00"
73010,002-000033226,05/03/2026,13:01:11,3,Dine In,Walk-in,"₱1,170.00",₱104.46,nan,₱0.00,"₱1,274.46","₱1,170.00"
73006,002-000033225,05/03/2026,18:18:03,4,Dine In,Walk-in,"₱3,145.00",₱280.80,nan,₱0.00,"₱3,425.80","₱3,145.00"
73002,002-000033224,05/03/2026,13:15:38,3,Dine In,Walk-in,"₱2,003.00",₱178.84,nan,₱0.00,"₱2,181.84","₱2,003.00"
72999,002-000033223,05/03/2026,19:53:48,6,Take Out,Walk-in,₱890.00,₱79.46,nan,₱0.00,₱969.46,₱890.00
72996,002-000033222,05/03/2026,17:02:59,5,Dine In,Walk-in,"₱1,480.00",₱132.14,nan,₱0.00,"₱1,612.14","₱1,480.00"
72994,002-000033221,04/03/2026,20:21:13,6,Dine In,Walk-in,"₱1,785.00",₱159.37,nan,₱0.00,"₱1,944.37","₱1,785.00"
72992,002-000033220,04/03/2026,11:45:55,1,Dine In,Walk-in,"₱2,065.00",₱184.37,nan,₱0.00,"₱2,249.37","₱2,065.00"
72988,002-000033219,04/03/2026,19:59:24,3,Dine In,Walk-in,₱655.00,₱58.48,nan,₱0.00,₱713.48,₱655.00
72986,002-000033218,04/03/2026,13:31:58,3,Take Out,Walk-in,"₱1,105.00",₱98.66,nan,₱0.00,"₱1,203.66","₱1,105.00"
72984,002-000033217,04/03/2026,12:45:45,5,Dine In,Walk-in,"₱1,705.00",₱152.23,nan,₱0.00,"₱1,857.23","₱1,705.00"
72980,002-000033216,04/03/2026,11:57:16,5,Dine In,Walk-in,"₱1,600.00",₱142.86,nan,₱0.00,"₱1,742.86","₱1,600.00"
72979,002-000033215,04/03/2026,20:01:44,6,Dine In,Walk-in,"₱2,810.00",₱250.89,nan,₱0.00,"₱3,060.89","₱2,810.00"
72975,002-000033214,04/03/2026,17:54:00,4,Dine In,Walk-in,"₱4,400.00",₱392.86,nan,₱0.00,"₱4,792.86","₱4,400.00"
72973,002-000033213,04/03/2026,11:26:00,6,Dine In,Walk-in,₱970.00,₱86.61,nan,₱0.00,"₱1,056.61",₱970.00
72971,002-000033212,04/03/2026,18:14:44,2,Dine In,Walk-in,"₱1,015.00",₱90.62,nan,₱0.00,"₱1,105.62","₱1,015.00"
72969,002-000033211,04/03/2026,13:07:45,4,Dine In,Walk-in,₱990.00,₱88.39,nan,₱0.00,"₱1,078.39",₱990.00
72968,002-000033210,04/03/2026,13:46:28,4,Delivery,FoodPanda,₱825.00,₱73.66,Senior Citizen,₱165.00,₱733.66,₱825.00
72966,002-000033209,04/03/2026,18:08:06,5,Dine In,Walk-in,"₱1,375.00",₱122.77,nan,₱0.00,"₱1,497.77","₱1,375.00"
72964,002-000033208,04/03/2026,20:02:22,3,Dine In,Walk-in,₱840.00,₱75.00,nan,₱0.00,₱915.00,₱840.00
72962,002-000033207,04/03/2026,12:52:06,6,Dine In,Walk-in,"₱1,425.00",₱127.23,nan,₱0.00,"₱1,552.23","₱1,425.00"
72959,002-000033206,04/03/2026,12:46:24,2,Dine In,Walk-in,"₱1,130.00",₱100.89,nan,₱0.00,"₱1,230.89","₱1,130.00"
72955,002-000033205,04/03/2026,13:38:24,2,Dine In,Walk-in,"₱1,700.00",₱151.79,nan,₱0.00,"₱1,851.79","₱1,700.00"
72954,002-000033204,03/03/2026,19:04:32,2,Dine In,Walk-in,₱690.00,₱61.61,nan,₱0.00,₱751.61,₱690.00
72951,002-000033203,03/03/2026,12:32:28,3,Dine In,Walk-in,"₱1,085.00",₱96.87,nan,₱0.00,"₱1,181.87","₱1,085.00"
72948,002-000033202,03/03/2026,17:06:58,5,Dine In,Walk-in,"₱1,310.00",₱116.96,nan,₱0.00,"₱1,426.96","₱1,310.00"
72946,002-000033201,03/03/2026,12:30:12,2,Take Out,Walk-in,"₱6,751.00",₱602.77,nan,₱0.00,"₱7,353.77","₱6,751.00"
72943,002-000033200,03/03/2026,11:53:19,6,Dine In,Walk-in,₱650.00,₱58.04,nan,₱0.00,₱708.04,₱650.00
72941,002-000033199,03/03/2026,20:25:48,3,Dine In,Walk-in,₱550.00,₱49.11,nan,₱0.00,₱599.11,₱550.00
72937,002-000033198,03/03/2026,12:02:05,2,Dine In,Walk-in,"₱1,755.00",₱156.70,nan,₱0.00,"₱1,911.70","₱1,755.00"
72935,002-000033197,03/03/2026,18:25:43,4,Dine In,Walk-in,"₱1,460.00",₱130.36,nan,₱0.00,"₱1,590.36","₱1,460.00"
72933,002-000033196,03/03/2026,17:03:52,1,Dine In,Walk-in,₱945.00,₱84.37,nan,₱0.00,"₱1,029.37",₱945.00
72932,002-000033195,03/03/2026,12:53:17,6,Dine In,Walk-in,₱780.00,₱69.64,nan,₱0.00,₱849.64,₱780.00
72928,002-000033194,03/03/2026,12:42:53,6,Dine In,Walk-in,₱555.00,₱49.55,nan,₱0.00,₱604.55,₱555.00
72925,002-000033193,03/03/2026,18:06:36,3,Dine In,Walk-in,₱755.00,₱67.41,nan,₱0.00,₱822.41,₱755.00
72923,002-000033192,03/03/2026,20:31:23,5,Dine In,Walk-in,"₱1,980.00",₱176.79,Senior Citizen,₱396.00,"₱1,760.79","₱1,980.00"
72919,002-000033191,03/03/2026,12:20:54,4,Dine In,Walk-in,"₱4,720.00",₱421.43,nan,₱0.00,"₱5,141.43","₱4,720.00"
72916,002-000033190,03/03/2026,18:09:14,4,Dine In,Walk-in,₱980.00,₱87.50,nan,₱0.00,"₱1,067.50",₱980.00
72914,002-000033189,03/03/2026,18:23:48,5,Dine In,Walk-in,"₱1,775.00",₱158.48,nan,₱0.00,"₱1,933.48","₱1,775.00"
72911,002-000033188,02/03/2026,13:30:29,4,Dine In,Walk-in,"₱2,790.00",₱249.11,nan,₱0.00,"₱3,039.11","₱2,790.00"
72909,002-000033187,02/03/2026,13:42:34,3,Dine In,Walk-in,₱790.00,₱70.54,nan,₱0.00,₱860.54,₱790.00
72906,002-000033186,02/03/2026,17:59:19,6,Take Out,Walk-in,"₱3,460.00",₱308.93,nan,₱0.00,"₱3,768.93","₱3,460.00"
72903,002-000033185,02/03/2026,12:23:15,4,Dine In,Walk-in,"₱1,150.00",₱102.68,nan,₱0.00,"₱1,252.68","₱1,150.00"
72901,002-000033184,02/03/2026,18:39:29,4,Dine In,Walk-in,"₱2,310.00",₱206.25,nan,₱0.00,"₱2,516.25","₱2,310.00"
72897,002-000033183,02/03/2026,13:48:27,1,Dine In,Walk-in,"₱1,440.00",₱128.57,nan,₱0.00,"₱1,568.57","₱1,440.00"
72893,002-000033182,02/03/2026,19:09:06,1,Dine In,Walk-in,"₱3,080.00",₱275.00,nan,₱0.00,"₱3,355.00","₱3,080.00"
72891,002-000033181,02/03/2026,18:34:25,2,Dine In,Walk-in,₱990.00,₱88.39,nan,₱0.00,"₱1,078.39",₱990.00
72889,002-000033180,02/03/2026,18:14:53,4,Dine In,Walk-in,"₱1,015.00",₱90.62,nan,₱0.00,"₱1,105.62","₱1,015.00"
72886,002-000033179,02/03/2026,17:31:58,5,Dine In,Walk-in,"₱1,615.00",₱144.20,nan,₱0.00,"₱1,759.20","₱1,615.00"
72884,002-000033178,02/03/2026,18:07:26,6,Dine In,Walk-in,₱945.00,₱84.37,Senior Citizen,₱189.00,₱840.37,₱945.00
72883,002-000033177,02/03/2026,13:41:34,1,Dine In,Walk-in,₱420.00,₱37.50,nan,₱0.00,₱457.50,₱420.00
72881,002-000033176,02/03/2026,11:26:40,4,Dine In,Walk-in,"₱1,490.00",₱133.04,nan,₱0.00,"₱1,623.04","₱1,490.00"
72877,002-000033175,02/03/2026,20:36:46,3,Dine In,Walk-in,"₱2,405.00",₱214.73,nan,₱0.00,"₱2,619.73","₱2,405.00"
72874,002-000033174,02/03/2026,11:43:55,1,Delivery,FoodPanda,"₱1,990.00",₱177.68,nan,₱0.00,"₱2,167.68","₱1,990.00"
72871,002-000033173,01/03/2026,13:53:23,2,Dine In,Walk-in,₱980.00,₱87.50,nan,₱0.00,"₱1,067.50",₱980.00
72870,002-000033172,01/03/2026,17:34:48,2,Dine In,Walk-in,₱988.00,₱88.21,nan,₱0.00,"₱1,076.21",₱988.00
72868,002-000033171,01/03/2026,13:46:04,2,Dine In,Walk-in,₱405.00,₱36.16,nan,₱0.00,₱441.16,₱405.00
72867,002-000033170,01/03/2026,18:24:05,6,Dine In,Walk-in,₱830.00,₱74.11,nan,₱0.00,₱904.11,₱830.00
72863,002-000033169,01/03/2026,20:06:29,5,Dine In,Walk-in,₱115.00,₱10.27,Employee Discount,₱23.00,₱102.27,₱115.00
72861,002-000033168,01/03/2026,11:56:52,6,Dine In,Walk-in,"₱2,620.00",₱233.93,nan,₱0.00,"₱2,853.93","₱2,620.00"
72858,002-000033167,01/03/2026,17:18:24,5,Dine In,Walk-in,"₱1,995.00",₱178.12,nan,₱0.00,"₱2,173.12","₱1,995.00"
72856,002-000033166,01/03/2026,13:19:53,1,Dine In,Walk-in,"₱1,590.00",₱141.96,nan,₱0.00,"₱1,731.96","₱1,590.00"
72854,002-000033165,01/03/2026,11:00:09,6,Dine In,Walk-in,₱635.00,₱56.70,nan,₱0.00,₱691.70,₱635.00
72852,002-000033164,01/03/2026,12:30:25,1,Dine In,Walk-in,₱950.00,₱84.82,nan,₱0.00,"₱1,034.82",₱950.00
72849,002-000033163,01/03/2026,13:42:45,1,Dine In,Walk-in,"₱1,550.00",₱138.39,nan,₱0.00,"₱1,688.39","₱1,550.00"
72846,002-000033162,01/03/2026,18:27:10,6,Dine In,Walk-in,"₱3,520.00",₱314.29,nan,₱0.00,"₱3,834.29","₱3,520.00"
72844,002-000033161,01/03/2026,13:08:35,5,Dine In,Walk-in,₱240.00,₱21.43,nan,₱0.00,₱261.43,₱240.00
72843,002-000033160,01/03/2026,18:15:20,4,Delivery,FoodPanda,₱605.00,₱54.02,nan,₱0.00,₱659.02,₱605.00
72841,002-000033159,01/03/2026,12:24:13,3,Dine In,Walk-in,"₱2,220.00",₱198.21,nan,₱0.00,"₱2,418.21","₱2,220.00"
72838,002-000033158,01/03/2026,19:07:00,6,Dine In,Walk-in,₱135.00,₱12.05,nan,₱0.00,₱147.05,₱135.00
72837,002-000033157,01/03/2026,11:22:48,2,Dine In,Walk-in,"₱1,565.00",₱139.73,nan,₱0.00,"₱1,704.73","₱1,565.00"
72835,002-000033156,01/03/2026,12:42:17,2,Dine In,Walk-in,"₱1,455.00",₱129.91,nan,₱0.00,"₱1,584.91","₱1,455.00"
72832,002-000033155,01/03/2026,18:58:12,6,Dine In,Walk-in,"₱2,318.00",₱206.96,nan,₱0.00,"₱2,524.96","₱2,318.00"
72830,002-000033154,01/03/2026,20:45:37,4,Dine In,Walk-in,₱590.00,₱52.68,nan,₱0.00,₱642.68,₱590.00
72828,002-000033153,01/03/2026,20:00:11,2,Take Out,Walk-in,"₱2,115.00",₱188.84,nan,₱0.00,"₱2,303.84","₱2,115.00"
72826,002-000033152,01/03/2026,18:00:35,2,Dine In,Walk-in,"₱1,925.00",₱171.87,nan,₱0.00,"₱2,096.87","₱1,925.00"
72823,002-000033151,01/03/2026,13:11:27,1,Dine In,Walk-in,"₱1,220.00",₱108.93,nan,₱0.00,"₱1,328.93","₱1,220.00"
72821,002-000033150,01/03/2026,20:40:27,1,Dine In,Walk-in,"₱1,970.00",₱175.89,nan,₱0.00,"₱2,145.89","₱1,970.00"
72773,002-000033149,28/02/2026,18:30:34,1,Dine In,Walk-in,"₱1,785.00",₱159.37,nan,₱0.00,"₱1,944.37","₱1,785.00"
72771,002-000033148,28/02/2026,11:01:25,5,Dine In,Walk-in,₱850.00,₱75.89,nan,₱0.00,₱925.89,₱850.00
72769,002-000033147,28/02/2026,18:26:12,5,Dine In,Walk-in,"₱1,530.00",₱136.61,nan,₱0.00,"₱1,666.61","₱1,530.00"
72768,002-000033146,28/02/2026,17:09:12,6,Dine In,Walk-in,₱415.00,₱37.05,nan,₱0.00,₱452.05,₱415.00
72767,002-000033145,28/02/2026,12:52:10,4,Dine In,Walk-in,"₱1,330.00",₱118.75,Employee Discount,₱266.00,"₱1,182.75","₱1,330.00"
72763,002-000033144,28/02/2026,13:54:42,5,Dine In,Walk-in,"₱3,180.00",₱283.93,nan,₱0.00,"₱3,463.93","₱3,180.00"
72759,002-000033143,28/02/2026,18:04:42,1,Dine In,Walk-in,"₱2,510.00",₱224.11,nan,₱0.00,"₱2,734.11","₱2,510.00"
72755,002-000033142,28/02/2026,13:26:42,5,Dine In,Walk-in,"₱2,415.00",₱215.62,nan,₱0.00,"₱2,630.62","₱2,415.00"
72753,002-000033141,28/02/2026,19:54:43,3,Dine In,Walk-in,₱750.00,₱66.96,nan,₱0.00,₱816.96,₱750.00
72751,002-000033140,28/02/2026,19:52:06,4,Dine In,Walk-in,"₱2,225.00",₱198.66,nan,₱0.00,"₱2,423.66","₱2,225.00"
72750,002-000033139,28/02/2026,13:26:04,6,Dine In,Walk-in,"₱1,495.00",₱133.48,nan,₱0.00,"₱1,628.48","₱1,495.00"
72746,002-000033138,28/02/2026,17:46:20,4,Dine In,Walk-in,"₱2,660.00",₱237.50,nan,₱0.00,"₱2,897.50","₱2,660.00"
72744,002-000033137,28/02/2026,11:09:44,3,Dine In,Walk-in,"₱1,440.00",₱128.57,nan,₱0.00,"₱1,568.57","₱1,440.00"
72742,002-000033136,28/02/2026,17:46:57,1,Dine In,Walk-in,₱930.00,₱83.04,PWD,₱186.00,₱827.04,₱930.00
72740,002-000033135,28/02/2026,13:49:55,4,Dine In,Walk-in,"₱2,978.00",₱265.89,nan,₱0.00,"₱3,243.89","₱2,978.00"
72739,002-000033134,28/02/2026,13:05:39,2,Delivery,FoodPanda,₱705.00,₱62.95,nan,₱0.00,₱767.95,₱705.00
72737,002-000033133,28/02/2026,18:58:45,3,Dine In,Walk-in,"₱2,025.00",₱180.80,nan,₱0.00,"₱2,205.80","₱2,025.00"
72736,002-000033132,28/02/2026,17:38:41,5,Dine In,Walk-in,₱390.00,₱34.82,nan,₱0.00,₱424.82,₱390.00
72732,002-000033131,28/02/2026,17:44:10,4,Dine In,Walk-in,"₱2,198.00",₱196.25,nan,₱0.00,"₱2,394.25","₱2,198.00"
72731,002-000033130,28/02/2026,11:22:57,6,Dine In,Walk-in,"₱1,450.00",₱129.46,nan,₱0.00,"₱1,579.46","₱1,450.00"
72727,002-000033129,28/02/2026,13:31:50,5,Dine In,Walk-in,"₱2,600.00",₱232.14,nan,₱0.00,"₱2,832.14","₱2,600.00"
72723,002-000033128,28/02/2026,20:18:00,1,Dine In,Walk-in,"₱3,040.00",₱271.43,nan,₱0.00,"₱3,311.43","₱3,040.00"
72720,002-000033127,28/02/2026,18:51:11,4,Dine In,Walk-in,"₱1,160.00",₱103.57,nan,₱0.00,"₱1,263.57","₱1,160.00"
72718,002-000033126,28/02/2026,12:46:48,1,Dine In,Walk-in,"₱1,480.00",₱132.14,nan,₱0.00,"₱1,612.14","₱1,480.00"
72715,002-000033125,28/02/2026,12:08:05,6,Dine In,Walk-in,₱785.00,₱70.09,Employee Discount,₱157.00,₱698.09,₱785.00
72711,002-000033124,28/02/2026,19:39:00,4,Dine In,Walk-in,"₱1,225.00",₱109.37,nan,₱0.00,"₱1,334.37","₱1,225.00"
72707,002-000033123,27/02/2026,11:23:25,3,Dine In,Walk-in,₱979.00,₱87.41,nan,₱0.00,"₱1,066.41",₱979.00
72704,002-000033122,27/02/2026,20:39:40,6,Dine In,Walk-in,₱520.00,₱46.43,nan,₱0.00,₱566.43,₱520.00
72701,002-000033121,27/02/2026,19:40:54,2,Delivery,FoodPanda,"₱2,180.00",₱194.64,nan,₱0.00,"₱2,374.64","₱2,180.00"
72697,002-000033120,27/02/2026,17:20:23,6,Dine In,Walk-in,₱945.00,₱84.37,nan,₱0.00,"₱1,029.37",₱945.00
72695,002-000033119,27/02/2026,13:57:22,3,Dine In,Walk-in,"₱3,063.00",₱273.48,nan,₱0.00,"₱3,336.48","₱3,063.00"
72693,002-000033118,27/02/2026,20:06:33,3,Dine In,Walk-in,₱835.00,₱74.55,nan,₱0.00,₱909.55,₱835.00
72692,002-000033117,27/02/2026,12:35:02,4,Dine In,Walk-in,"₱1,755.00",₱156.70,nan,₱0.00,"₱1,911.70","₱1,755.00"
72691,002-000033116,27/02/2026,13:20:07,1,Dine In,Walk-in,₱395.00,₱35.27,nan,₱0.00,₱430.27,₱395.00
72687,002-000033115,27/02/2026,13:02:50,4,Dine In,Walk-in,"₱2,055.00",₱183.48,nan,₱0.00,"₱2,238.48","₱2,055.00"
72684,002-000033114,27/02/2026,17:28:24,4,Dine In,Walk-in,₱725.00,₱64.73,Employee Discount,₱145.00,₱644.73,₱725.00
72680,002-000033113,27/02/2026,19:47:44,6,Take Out,Walk-in,"₱2,795.00",₱249.55,nan,₱0.00,"₱3,044.55","₱2,795.00"
72679,002-000033112,27/02/2026,20:00:20,3,Dine In,Walk-in,₱300.00,₱26.79,nan,₱0.00,₱326.79,₱300.00
72676,002-000033111,27/02/2026,18:06:26,4,Dine In,Walk-in,"₱1,155.00",₱103.12,nan,₱0.00,"₱1,258.12","₱1,155.00"
72674,002-000033110,27/02/2026,13:07:02,6,Dine In,Walk-in,"₱2,065.00",₱184.37,nan,₱0.00,"₱2,249.37","₱2,065.00"
72670,002-000033109,27/02/2026,20:24:38,2,Dine In,Walk-in,"₱1,440.00",₱128.57,nan,₱0.00,"₱1,568.57","₱1,440.00"
72666,002-000033108,27/02/2026,13:25:03,6,Dine In,Walk-in,₱415.00,₱37.05,nan,₱0.00,₱452.05,₱415.00
72662,002-000033107,27/02/2026,18:53:13,3,Dine In,Walk-in,"₱3,979.00",₱355.27,nan,₱0.00,"₱4,334.27","₱3,979.00"
72659,002-000033106,27/02/2026,20:10:58,5,Dine In,Walk-in,₱935.00,₱83.48,Senior Citizen,₱187.00,₱831.48,₱935.00
72658,002-000033105,27/02/2026,13:05:54,2,Dine In,Walk-in,"₱2,470.00",₱220.54,nan,₱0.00,"₱2,690.54","₱2,470.00"
72656,002-000033104,26/02/2026,18:31:28,4,Dine In,Walk-in,"₱2,640.00",₱235.71,nan,₱0.00,"₱2,875.71","₱2,640.00"
72653,002-000033103,26/02/2026,19:07:13,6,Take Out,Walk-in,"₱2,580.00",₱230.36,nan,₱0.00,"₱2,810.36","₱2,580.00"
72651,002-000033102,26/02/2026,12:40:11,3,Dine In,Walk-in,"₱2,300.00",₱205.36,nan,₱0.00,"₱2,505.36","₱2,300.00"
72649,002-000033101,26/02/2026,17:16:31,6,Take Out,Walk-in,"₱3,735.00",₱333.48,nan,₱0.00,"₱4,068.48","₱3,735.00"
72648,002-000033100,26/02/2026,18:41:49,6,Dine In,Walk-in,"₱1,940.00",₱173.21,nan,₱0.00,"₱2,113.21","₱1,940.00"
72646,002-000033099,26/02/2026,19:30:34,3,Dine In,Walk-in,"₱2,450.00",₱218.75,nan,₱0.00,"₱2,668.75","₱2,450.00"
72643,002-000033098,26/02/2026,18:37:30,1,Dine In,Walk-in,"₱1,780.00",₱158.93,nan,₱0.00,"₱1,938.93","₱1,780.00"
72642,002-000033097,26/02/2026,13:17:35,5,Dine In,Walk-in,"₱3,900.00",₱348.21,nan,₱0.00,"₱4,248.21","₱3,900.00"
72638,002-000033096,26/02/2026,17:53:47,5,Dine In,Walk-in,"₱1,735.00",₱154.91,nan,₱0.00,"₱1,889.91","₱1,735.00"
72636,002-000033095,26/02/2026,12:57:40,5,Dine In,Walk-in,₱905.00,₱80.80,nan,₱0.00,₱985.80,₱905.00
72635,002-000033094,26/02/2026,20:05:49,4,Dine In,Walk-in,"₱1,000.00",₱89.29,nan,₱0.00,"₱1,089.29","₱1,000.00"
72632,002-000033093,26/02/2026,20:50:30,1,Dine In,Walk-in,"₱1,050.00",₱93.75,nan,₱0.00,"₱1,143.75","₱1,050.00"
72631,002-000033092,26/02/2026,18:36:44,3,Take Out,Walk-in,"₱1,285.00",₱114.73,nan,₱0.00,"₱1,399.73","₱1,285.00"
72629,002-000033091,26/02/2026,18:37:01,3,Delivery,FoodPanda,₱170.00,₱15.18,nan,₱0.00,₱185.18,₱170.00
72626,002-000033090,26/02/2026,19:56:44,3,Dine In,Walk-in,"₱1,520.00",₱135.71,nan,₱0.00,"₱1,655.71","₱1,520.00"
72625,002-000033089,26/02/2026,11:55:27,5,Dine In,Walk-in,₱845.00,₱75.45,nan,₱0.00,₱920.45,₱845.00
72622,002-000033088,26/02/2026,12:42:29,4,Dine In,Walk-in,"₱1,275.00",₱113.84,nan,₱0.00,"₱1,388.84","₱1,275.00"
72554,002-000033087,25/02/2026,11:25:48,1,Dine In,Walk-in,"₱1,115.00",₱99.55,nan,₱0.00,"₱1,214.55","₱1,115.00"
72552,002-000033086,25/02/2026,13:18:14,3,Dine In,Walk-in,"₱2,060.00",₱183.93,nan,₱0.00,"₱2,243.93","₱2,060.00"
72548,002-000033085,25/02/2026,20:15:43,1,Dine In,Walk-in,"₱1,065.00",₱95.09,nan,₱0.00,"₱1,160.09","₱1,065.00"
72547,002-000033084,25/02/2026,12:58:16,4,Dine In,Walk-in,"₱1,978.00",₱176.61,nan,₱0.00,"₱2,154.61","₱1,978.00"
72546,002-000033083,25/02/2026,17:54:30,4,Dine In,Walk-in,"₱4,685.00",₱418.30,nan,₱0.00,"₱5,103.30","₱4,685.00"
72545,002-000033082,25/02/2026,17:39:29,6,Take Out,Walk-in,₱985.00,₱87.95,nan,₱0.00,"₱1,072.95",₱985.00
72541,002-000033081,25/02/2026,11:33:50,3,Dine In,Walk-in,"₱1,210.00",₱108.04,Employee Discount,₱242.00,"₱1,076.04","₱1,210.00"
72538,002-000033080,25/02/2026,12:15:17,4,Dine In,Walk-in,"₱1,435.00",₱128.12,Employee Discount,₱287.00,"₱1,276.12","₱1,435.00"
72534,002-000033079,25/02/2026,11:24:59,1,Take Out,Walk-in,"₱1,655.00",₱147.77,nan,₱0.00,"₱1,802.77","₱1,655.00"
72532,002-000033078,25/02/2026,17:54:39,3,Take Out,Walk-in,"₱2,480.00",₱221.43,nan,₱0.00,"₱2,701.43","₱2,480.00"
72528,002-000033077,25/02/2026,13:35:09,2,Dine In,Walk-in,₱555.00,₱49.55,nan,₱0.00,₱604.55,₱555.00
72527,002-000033076,25/02/2026,12:29:37,4,Dine In,Walk-in,₱495.00,₱44.20,nan,₱0.00,₱539.20,₱495.00
72526,002-000033075,25/02/2026,13:47:10,2,Dine In,Walk-in,"₱1,510.00",₱134.82,nan,₱0.00,"₱1,644.82","₱1,510.00"
72525,002-000033074,25/02/2026,19:52:52,5,Dine In,Walk-in,"₱1,865.00",₱166.52,nan,₱0.00,"₱2,031.52","₱1,865.00"
72523,002-000033073,25/02/2026,18:25:43,1,Dine In,Walk-in,"₱2,040.00",₱182.14,nan,₱0.00,"₱2,222.14","₱2,040.00"
72521,002-000033072,25/02/2026,17:30:02,4,Dine In,Walk-in,"₱3,535.00",₱315.62,nan,₱0.00,"₱3,850.62","₱3,535.00"
72517,002-000033071,25/02/2026,20:54:18,4,Dine In,Walk-in,"₱1,025.00",₱91.52,nan,₱0.00,"₱1,116.52","₱1,025.00"
72515,002-000033070,24/02/2026,17:03:55,4,Dine In,Walk-in,"₱2,450.00",₱218.75,nan,₱0.00,"₱2,668.75","₱2,450.00"
72511,002-000033069,24/02/2026,20:15:53,2,Dine In,Walk-in,₱908.00,₱81.07,nan,₱0.00,₱989.07,₱908.00
72508,002-000033068,24/02/2026,20:01:11,2,Dine In,Walk-in,₱940.00,₱83.93,nan,₱0.00,"₱1,023.93",₱940.00
72507,002-000033067,24/02/2026,18:39:19,2,Dine In,Walk-in,"₱2,865.00",₱255.80,nan,₱0.00,"₱3,120.80","₱2,865.00"
72505,002-000033066,24/02/2026,19:58:35,4,Dine In,Walk-in,₱915.00,₱81.70,nan,₱0.00,₱996.70,₱915.00
72502,002-000033065,24/02/2026,13:16:34,5,Dine In,Walk-in,"₱1,738.00",₱155.18,nan,₱0.00,"₱1,893.18","₱1,738.00"
72498,002-000033064,24/02/2026,17:21:59,3,Dine In,Walk-in,"₱2,160.00",₱192.86,nan,₱0.00,"₱2,352.86","₱2,160.00"
72494,002-000033063,24/02/2026,12:05:35,6,Take Out,Walk-in,"₱3,695.00",₱329.91,nan,₱0.00,"₱4,024.91","₱3,695.00"
72490,002-000033062,24/02/2026,13:18:22,6,Take Out,Walk-in,₱970.00,₱86.61,nan,₱0.00,"₱1,056.61",₱970.00
72489,002-000033061,24/02/2026,19:21:47,4,Dine In,Walk-in,₱905.00,₱80.80,nan,₱0.00,₱985.80,₱905.00
72488,002-000033060,24/02/2026,20:25:59,6,Dine In,Walk-in,"₱1,770.00",₱158.04,nan,₱0.00,"₱1,928.04","₱1,770.00"
72487,002-000033059,24/02/2026,19:23:59,1,Dine In,Walk-in,"₱1,680.00",₱150.00,Senior Citizen,₱336.00,"₱1,494.00","₱1,680.00"
72484,002-000033058,24/02/2026,13:47:24,5,Delivery,FoodPanda,"₱1,360.00",₱121.43,nan,₱0.00,"₱1,481.43","₱1,360.00"
72482,002-000033057,24/02/2026,13:23:54,1,Dine In,Walk-in,"₱1,985.00",₱177.23,nan,₱0.00,"₱2,162.23","₱1,985.00"
72478,002-000033056,24/02/2026,19:14:32,5,Dine In,Walk-in,"₱1,905.00",₱170.09,nan,₱0.00,"₱2,075.09","₱1,905.00"
72476,002-000033055,23/02/2026,17:21:25,2,Dine In,Walk-in,"₱1,190.00",₱106.25,nan,₱0.00,"₱1,296.25","₱1,190.00"
72473,002-000033054,23/02/2026,12:48:34,4,Dine In,Walk-in,"₱1,220.00",₱108.93,nan,₱0.00,"₱1,328.93","₱1,220.00"
72469,002-000033053,23/02/2026,17:29:56,3,Dine In,Walk-in,₱645.00,₱57.59,nan,₱0.00,₱702.59,₱645.00
72467,002-000033052,23/02/2026,18:12:53,3,Dine In,Walk-in,"₱1,895.00",₱169.20,nan,₱0.00,"₱2,064.20","₱1,895.00"
72464,002-000033051,23/02/2026,17:09:53,6,Dine In,Walk-in,"₱1,820.00",₱162.50,nan,₱0.00,"₱1,982.50","₱1,820.00"
72461,002-000033050,23/02/2026,19:50:14,1,Dine In,Walk-in,"₱2,915.00",₱260.27,nan,₱0.00,"₱3,175.27","₱2,915.00"
72457,002-000033049,23/02/2026,18:32:41,4,Dine In,Walk-in,"₱2,200.00",₱196.43,nan,₱0.00,"₱2,396.43","₱2,200.00"
72455,002-000033048,23/02/2026,12:48:53,4,Dine In,Walk-in,"₱1,795.00",₱160.27,nan,₱0.00,"₱1,955.27","₱1,795.00"
72452,002-000033047,23/02/2026,18:35:59,6,Dine In,Walk-in,"₱1,765.00",₱157.59,nan,₱0.00,"₱1,922.59","₱1,765.00"
72450,002-000033046,23/02/2026,20:55:06,1,Dine In,Walk-in,"₱2,430.00",₱216.96,nan,₱0.00,"₱2,646.96","₱2,430.00"
72446,002-000033045,23/02/2026,12:56:17,5,Dine In,Walk-in,"₱1,825.00",₱162.95,nan,₱0.00,"₱1,987.95","₱1,825.00"
72445,002-000033044,23/02/2026,19:00:11,4,Dine In,Walk-in,₱865.00,₱77.23,nan,₱0.00,₱942.23,₱865.00
72441,002-000033043,23/02/2026,20:34:25,5,Dine In,Walk-in,₱375.00,₱33.48,nan,₱0.00,₱408.48,₱375.00
72438,002-000033042,23/02/2026,11:01:53,6,Dine In,Walk-in,"₱1,260.00",₱112.50,nan,₱0.00,"₱1,372.50","₱1,260.00"
72436,002-000033041,23/02/2026,18:43:21,1,Dine In,Walk-in,"₱2,010.00",₱179.46,nan,₱0.00,"₱2,189.46","₱2,010.00"
72434,002-000033040,23/02/2026,20:14:12,1,Dine In,Walk-in,₱893.00,₱79.73,nan,₱0.00,₱972.73,₱893.00
72430,002-000033039,22/02/2026,17:21:48,2,Dine In,Walk-in,"₱1,900.00",₱169.64,nan,₱0.00,"₱2,069.64","₱1,900.00"
72426,002-000033038,22/02/2026,19:03:40,1,Dine In,Walk-in,"₱1,215.00",₱108.48,nan,₱0.00,"₱1,323.48","₱1,215.00"
72425,002-000033037,22/02/2026,13:38:04,1,Dine In,Walk-in,₱915.00,₱81.70,PWD,₱183.00,₱813.70,₱915.00
72423,002-000033036,22/02/2026,17:54:35,4,Dine In,Walk-in,₱525.00,₱46.87,nan,₱0.00,₱571.87,₱525.00
72420,002-000033035,22/02/2026,19:00:08,3,Dine In,Walk-in,"₱2,280.00",₱203.57,Employee Discount,₱456.00,"₱2,027.57","₱2,280.00"
72419,002-000033034,22/02/2026,12:43:47,3,Dine In,Walk-in,"₱1,075.00",₱95.98,nan,₱0.00,"₱1,170.98","₱1,075.00"
72415,002-000033033,22/02/2026,18:39:21,5,Dine In,Walk-in,"₱1,300.00",₱116.07,nan,₱0.00,"₱1,416.07","₱1,300.00"
72412,002-000033032,22/02/2026,20:59:02,5,Dine In,Walk-in,₱430.00,₱38.39,nan,₱0.00,₱468.39,₱430.00
72410,002-000033031,22/02/2026,19:54:17,1,Dine In,Walk-in,"₱1,220.00",₱108.93,nan,₱0.00,"₱1,328.93","₱1,220.00"
72409,002-000033030,22/02/2026,18:37:18,2,Dine In,Walk-in,"₱1,625.00",₱145.09,nan,₱0.00,"₱1,770.09","₱1,625.00"
72407,002-000033029,22/02/2026,18:30:49,6,Dine In,Walk-in,"₱3,605.00",₱321.87,Senior Citizen,₱721.00,"₱3,205.87","₱3,605.00"
72405,002-000033028,22/02/2026,11:46:14,2,Dine In,Walk-in,"₱1,050.00",₱93.75,nan,₱0.00,"₱1,143.75","₱1,050.00"
72403,002-000033027,22/02/2026,13:23:52,2,Dine In,Walk-in,"₱2,125.00",₱189.73,nan,₱0.00,"₱2,314.73","₱2,125.00"
72401,002-000033026,22/02/2026,11:56:45,2,Dine In,Walk-in,₱585.00,₱52.23,nan,₱0.00,₱637.23,₱585.00
72399,002-000033025,22/02/2026,11:03:05,4,Dine In,Walk-in,"₱1,825.00",₱162.95,nan,₱0.00,"₱1,987.95","₱1,825.00"
72396,002-000033024,22/02/2026,12:19:56,4,Dine In,Walk-in,"₱2,075.00",₱185.27,nan,₱0.00,"₱2,260.27","₱2,075.00"
72394,002-000033023,22/02/2026,13:45:32,2,Dine In,Walk-in,"₱2,930.00",₱261.61,nan,₱0.00,"₱3,191.61","₱2,930.00"
72393,002-000033022,22/02/2026,12:39:08,5,Dine In,Walk-in,"₱1,200.00",₱107.14,nan,₱0.00,"₱1,307.14","₱1,200.00"
72391,002-000033021,22/02/2026,12:16:13,4,Dine In,Walk-in,"₱1,505.00",₱134.37,nan,₱0.00,"₱1,639.37","₱1,505.00"
72389,002-000033020,22/02/2026,19:24:20,2,Dine In,Walk-in,"₱2,230.00",₱199.11,nan,₱0.00,"₱2,429.11","₱2,230.00"
72386,002-000033019,22/02/2026,13:02:09,3,Dine In,Walk-in,"₱2,018.00",₱180.18,nan,₱0.00,"₱2,198.18","₱2,018.00"
72384,002-000033018,22/02/2026,12:30:31,3,Dine In,Walk-in,₱590.00,₱52.68,nan,₱0.00,₱642.68,₱590.00
72380,002-000033017,22/02/2026,18:08:35,6,Dine In,Walk-in,"₱1,925.00",₱171.87,nan,₱0.00,"₱2,096.87","₱1,925.00"
72376,002-000033016,22/02/2026,17:10:48,1,Dine In,Walk-in,"₱2,380.00",₱212.50,nan,₱0.00,"₱2,592.50","₱2,380.00"
72374,002-000033015,21/02/2026,18:18:08,3,Dine In,Walk-in,₱300.00,₱26.79,nan,₱0.00,₱326.79,₱300.00
72370,002-000033014,21/02/2026,12:26:56,5,Dine In,Walk-in,"₱2,975.00",₱265.62,nan,₱0.00,"₱3,240.62","₱2,975.00"
72368,002-000033013,21/02/2026,17:53:06,6,Dine In,Walk-in,₱770.00,₱68.75,nan,₱0.00,₱838.75,₱770.00
72365,002-000033012,21/02/2026,12:42:01,3,Dine In,Walk-in,"₱2,111.00",₱188.48,nan,₱0.00,"₱2,299.48","₱2,111.00"
72364,002-000033011,21/02/2026,12:21:49,1,Dine In,Walk-in,"₱1,945.00",₱173.66,nan,₱0.00,"₱2,118.66","₱1,945.00"
72362,002-000033010,21/02/2026,17:57:15,4,Dine In,Walk-in,"₱1,949.00",₱174.02,nan,₱0.00,"₱2,123.02","₱1,949.00"
72361,002-000033009,21/02/2026,12:44:03,1,Dine In,Walk-in,₱794.00,₱70.89,nan,₱0.00,₱864.89,₱794.00
72359,002-000033008,21/02/2026,11:21:57,5,Dine In,Walk-in,₱719.00,₱64.20,nan,₱0.00,₱783.20,₱719.00
72355,002-000033007,21/02/2026,11:14:46,2,Dine In,Walk-in,₱430.00,₱38.39,nan,₱0.00,₱468.39,₱430.00
72352,002-000033006,21/02/2026,13:33:46,1,Delivery,FoodPanda,"₱1,980.00",₱176.79,nan,₱0.00,"₱2,156.79","₱1,980.00"
72349,002-000033005,21/02/2026,18:59:53,1,Dine In,Walk-in,₱655.00,₱58.48,nan,₱0.00,₱713.48,₱655.00
72346,002-000033004,21/02/2026,12:03:37,3,Dine In,Walk-in,"₱2,068.00",₱184.64,nan,₱0.00,"₱2,252.64","₱2,068.00"
72344,002-000033003,21/02/2026,19:43:52,3,Dine In,Walk-in,"₱1,815.00",₱162.05,Employee Discount,₱363.00,"₱1,614.05","₱1,815.00"
72342,002-000033002,21/02/2026,17:40:03,6,Dine In,Walk-in,"₱1,783.00",₱159.20,nan,₱0.00,"₱1,942.20","₱1,783.00"
72340,002-000033001,21/02/2026,17:41:36,1,Dine In,Walk-in,₱660.00,₱58.93,nan,₱0.00,₱718.93,₱660.00
72338,002-000033000,21/02/2026,12:27:07,5,Dine In,Walk-in,"₱1,350.00",₱120.54,Senior Citizen,₱270.00,"₱1,200.54","₱1,350.00"
72335,002-000032999,21/02/2026,13:24:04,1,Dine In,Walk-in,"₱3,600.00",₱321.43,Senior Citizen,₱720.00,"₱3,201.43","₱3,600.00"
72334,002-000032998,21/02/2026,11:05:04,1,Dine In,Walk-in,"₱1,475.00",₱131.70,nan,₱0.00,"₱1,606.70","₱1,475.00"
72332,002-000032997,21/02/2026,11:27:11,3,Dine In,Walk-in,"₱1,725.00",₱154.02,Employee Discount,₱345.00,"₱1,534.02","₱1,725.00"
72328,002-000032996,21/02/2026,19:42:26,1,Dine In,Walk-in,"₱3,385.00",₱302.23,nan,₱0.00,"₱3,687.23","₱3,385.00"
72325,002-000032995,21/02/2026,20:25:27,2,Dine In,Walk-in,"₱1,835.00",₱163.84,nan,₱0.00,"₱1,998.84","₱1,835.00"
72324,002-000032994,21/02/2026,17:44:50,2,Dine In,Walk-in,₱665.00,₱59.37,nan,₱0.00,₱724.37,₱665.00
72283,002-000032993,20/02/2026,20:25:09,1,Dine In,Walk-in,"₱3,795.00",₱338.84,nan,₱0.00,"₱4,133.84","₱3,795.00"
72282,002-000032992,20/02/2026,17:15:20,6,Dine In,Walk-in,₱949.00,₱84.73,nan,₱0.00,"₱1,033.73",₱949.00
72280,002-000032991,20/02/2026,13:55:32,2,Dine In,Walk-in,"₱2,000.00",₱178.57,nan,₱0.00,"₱2,178.57","₱2,000.00"
72279,002-000032990,20/02/2026,13:58:43,3,Dine In,Walk-in,"₱2,650.00",₱236.61,nan,₱0.00,"₱2,886.61","₱2,650.00"
72278,002-000032989,20/02/2026,18:55:17,4,Dine In,Walk-in,"₱3,290.00",₱293.75,nan,₱0.00,"₱3,583.75","₱3,290.00"
72276,002-000032988,20/02/2026,19:47:23,4,Dine In,Walk-in,"₱2,530.00",₱225.89,nan,₱0.00,"₱2,755.89","₱2,530.00"
72273,002-000032987,20/02/2026,19:05:52,4,Dine In,Walk-in,"₱1,910.00",₱170.54,nan,₱0.00,"₱2,080.54","₱1,910.00"
72271,002-000032986,20/02/2026,12:45:27,6,Dine In,Walk-in,"₱1,050.00",₱93.75,nan,₱0.00,"₱1,143.75","₱1,050.00"
72269,002-000032985,20/02/2026,13:27:34,3,Dine In,Walk-in,"₱2,485.00",₱221.87,nan,₱0.00,"₱2,706.87","₱2,485.00"
72267,002-000032984,20/02/2026,17:31:59,5,Dine In,Walk-in,"₱1,395.00",₱124.55,nan,₱0.00,"₱1,519.55","₱1,395.00"
72266,002-000032983,20/02/2026,13:20:57,6,Dine In,Walk-in,"₱2,030.00",₱181.25,nan,₱0.00,"₱2,211.25","₱2,030.00"
72265,002-000032982,20/02/2026,18:39:41,1,Dine In,Walk-in,₱575.00,₱51.34,Employee Discount,₱115.00,₱511.34,₱575.00
72263,002-000032981,20/02/2026,17:44:49,5,Dine In,Walk-in,"₱1,640.00",₱146.43,nan,₱0.00,"₱1,786.43","₱1,640.00"
72260,002-000032980,20/02/2026,18:04:32,6,Dine In,Walk-in,"₱3,545.00",₱316.52,nan,₱0.00,"₱3,861.52","₱3,545.00"
72258,002-000032979,19/02/2026,19:28:41,5,Dine In,Walk-in,"₱2,035.00",₱181.70,nan,₱0.00,"₱2,216.70","₱2,035.00"
72255,002-000032978,19/02/2026,20:16:44,5,Dine In,Walk-in,"₱1,605.00",₱143.30,nan,₱0.00,"₱1,748.30","₱1,605.00"
72253,002-000032977,19/02/2026,11:35:00,6,Dine In,Walk-in,"₱2,670.00",₱238.39,nan,₱0.00,"₱2,908.39","₱2,670.00"
72250,002-000032976,19/02/2026,18:53:41,1,Dine In,Walk-in,₱850.00,₱75.89,nan,₱0.00,₱925.89,₱850.00
72248,002-000032975,19/02/2026,13:57:05,1,Dine In,Walk-in,₱830.00,₱74.11,nan,₱0.00,₱904.11,₱830.00
72246,002-000032974,19/02/2026,13:31:32,6,Dine In,Walk-in,"₱2,075.00",₱185.27,nan,₱0.00,"₱2,260.27","₱2,075.00"
72242,002-000032973,19/02/2026,12:25:21,3,Dine In,Walk-in,"₱1,415.00",₱126.34,nan,₱0.00,"₱1,541.34","₱1,415.00"
72239,002-000032972,19/02/2026,12:51:10,5,Dine In,Walk-in,"₱1,080.00",₱96.43,nan,₱0.00,"₱1,176.43","₱1,080.00"
72237,002-000032971,19/02/2026,18:09:42,6,Take Out,Walk-in,"₱1,230.00",₱109.82,nan,₱0.00,"₱1,339.82","₱1,230.00"
72235,002-000032970,19/02/2026,11:19:34,6,Dine In,Walk-in,"₱1,645.00",₱146.87,Senior Citizen,₱329.00,"₱1,462.87","₱1,645.00"
72231,002-000032969,19/02/2026,20:51:08,3,Dine In,Walk-in,₱805.00,₱71.87,nan,₱0.00,₱876.87,₱805.00
72229,002-000032968,19/02/2026,17:11:51,4,Dine In,Walk-in,₱615.00,₱54.91,nan,₱0.00,₱669.91,₱615.00
72228,002-000032967,19/02/2026,18:32:14,2,Dine In,Walk-in,"₱1,940.00",₱173.21,nan,₱0.00,"₱2,113.21","₱1,940.00"
72226,002-000032966,19/02/2026,12:53:48,3,Dine In,Walk-in,"₱1,450.00",₱129.46,nan,₱0.00,"₱1,579.46","₱1,450.00"
72222,002-000032965,19/02/2026,17:15:47,6,Dine In,Walk-in,"₱1,060.00",₱94.64,nan,₱0.00,"₱1,154.64","₱1,060.00"
72221,002-000032964,19/02/2026,18:26:43,3,Dine In,Walk-in,₱500.00,₱44.64,nan,₱0.00,₱544.64,₱500.00
72219,002-000032963,19/02/2026,11:13:40,3,Dine In,Walk-in,"₱2,210.00",₱197.32,nan,₱0.00,"₱2,407.32","₱2,210.00"
72216,002-000032962,18/02/2026,19:11:34,4,Dine In,Walk-in,"₱1,235.00",₱110.27,nan,₱0.00,"₱1,345.27","₱1,235.00"
72215,002-000032961,18/02/2026,11:07:52,6,Dine In,Walk-in,"₱1,380.00",₱123.21,nan,₱0.00,"₱1,503.21","₱1,380.00"
72213,002-000032960,18/02/2026,17:40:49,3,Dine In,Walk-in,"₱1,295.00",₱115.62,nan,₱0.00,"₱1,410.62","₱1,295.00"
72209,002-000032959,18/02/2026,19:46:22,2,Dine In,Walk-in,"₱1,700.00",₱151.79,nan,₱0.00,"₱1,851.79","₱1,700.00"
72207,002-000032958,18/02/2026,18:40:37,2,Dine In,Walk-in,"₱1,850.00",₱165.18,nan,₱0.00,"₱2,015.18","₱1,850.00"
72204,002-000032957,18/02/2026,17:34:27,6,Dine In,Walk-in,"₱1,140.00",₱101.79,nan,₱0.00,"₱1,241.79","₱1,140.00"
72203,002-000032956,18/02/2026,19:05:02,6,Dine In,Walk-in,₱885.00,₱79.02,nan,₱0.00,₱964.02,₱885.00
72201,002-000032955,18/02/2026,12:04:46,3,Dine In,Walk-in,₱830.00,₱74.11,PWD,₱166.00,₱738.11,₱830.00
72198,002-000032954,18/02/2026,17:02:24,1,Dine In,Walk-in,"₱3,420.00",₱305.36,nan,₱0.00,"₱3,725.36","₱3,420.00"
72196,002-000032953,18/02/2026,11:02:04,6,Dine In,Walk-in,₱705.00,₱62.95,nan,₱0.00,₱767.95,₱705.00
72195,002-000032952,18/02/2026,19:49:24,6,Dine In,Walk-in,"₱1,485.00",₱132.59,nan,₱0.00,"₱1,617.59","₱1,485.00"
72193,002-000032951,18/02/2026,11:05:34,6,Dine In,Walk-in,₱665.00,₱59.37,nan,₱0.00,₱724.37,₱665.00
72191,002-000032950,18/02/2026,17:42:02,2,Dine In,Walk-in,"₱2,180.00",₱194.64,nan,₱0.00,"₱2,374.64","₱2,180.00"
72188,002-000032949,18/02/2026,19:07:54,3,Dine In,Walk-in,"₱2,840.00",₱253.57,nan,₱0.00,"₱3,093.57","₱2,840.00"
72186,002-000032948,18/02/2026,13:48:17,4,Dine In,Walk-in,"₱1,615.00",₱144.20,nan,₱0.00,"₱1,759.20","₱1,615.00"
72182,002-000032947,18/02/2026,20:33:24,3,Dine In,Walk-in,₱405.00,₱36.16,Senior Citizen,₱81.00,₱360.16,₱405.00
72178,002-000032946,17/02/2026,17:07:33,5,Dine In,Walk-in,"₱2,035.00",₱181.70,nan,₱0.00,"₱2,216.70","₱2,035.00"
72177,002-000032945,17/02/2026,13:36:56,3,Dine In,Walk-in,"₱3,580.00",₱319.64,nan,₱0.00,"₱3,899.64","₱3,580.00"
72173,002-000032944,17/02/2026,18:43:22,5,Dine In,Walk-in,₱395.00,₱35.27,Employee Discount,₱79.00,₱351.27,₱395.00
72172,002-000032943,17/02/2026,17:54:34,3,Dine In,Walk-in,"₱1,045.00",₱93.30,PWD,₱209.00,₱929.30,"₱1,045.00"
72170,002-000032942,17/02/2026,18:40:53,2,Dine In,Walk-in,₱195.00,₱17.41,nan,₱0.00,₱212.41,₱195.00
72169,002-000032941,17/02/2026,20:45:29,4,Dine In,Walk-in,"₱1,030.00",₱91.96,Senior Citizen,₱206.00,₱915.96,"₱1,030.00"
72167,002-000032940,17/02/2026,13:27:55,1,Dine In,Walk-in,"₱1,560.00",₱139.29,nan,₱0.00,"₱1,699.29","₱1,560.00"
72165,002-000032939,17/02/2026,11:46:01,4,Dine In,Walk-in,"₱1,915.00",₱170.98,nan,₱0.00,"₱2,085.98","₱1,915.00"
72163,002-000032938,17/02/2026,13:39:41,4,Dine In,Walk-in,"₱2,275.00",₱203.12,nan,₱0.00,"₱2,478.12","₱2,275.00"
72162,002-000032937,17/02/2026,11:35:28,2,Dine In,Walk-in,"₱2,485.00",₱221.87,nan,₱0.00,"₱2,706.87","₱2,485.00"
72158,002-000032936,17/02/2026,17:04:44,2,Dine In,Walk-in,"₱1,275.00",₱113.84,nan,₱0.00,"₱1,388.84","₱1,275.00"
72156,002-000032935,17/02/2026,17:40:21,4,Dine In,Walk-in,"₱1,040.00",₱92.86,nan,₱0.00,"₱1,132.86","₱1,040.00"
72155,002-000032934,17/02/2026,18:56:19,3,Dine In,Walk-in,"₱2,590.00",₱231.25,nan,₱0.00,"₱2,821.25","₱2,590.00"
72153,002-000032933,17/02/2026,19:38:26,1,Dine In,Walk-in,"₱1,900.00",₱169.64,nan,₱0.00,"₱2,069.64","₱1,900.00"
72149,002-000032932,17/02/2026,13:03:39,4,Dine In,Walk-in,"₱2,680.00",₱239.29,nan,₱0.00,"₱2,919.29","₱2,680.00"
72145,002-000032931,16/02/2026,11:34:27,4,Dine In,Walk-in,₱655.00,₱58.48,nan,₱0.00,₱713.48,₱655.00
72143,002-000032930,16/02/2026,12:21:11,4,Delivery,FoodPanda,"₱2,640.00",₱235.71,nan,₱0.00,"₱2,875.71","₱2,640.00"
72141,002-000032929,16/02/2026,12:12:38,3,Dine In,Walk-in,₱470.00,₱41.96,nan,₱0.00,₱511.96,₱470.00
72089,002-000032928,15/02/2026,18:33:40,4,Dine In,Walk-in,-₱140.00,-₱12.50,nan,₱0.00,-₱152.50,-₱140.00
72087,002-000032927,15/02/2026,17:55:14,1,Dine In,Walk-in,"₱1,695.00",₱151.34,nan,₱0.00,"₱1,846.34","₱1,695.00"
72083,002-000032926,15/02/2026,18:42:34,3,Dine In,Walk-in,"₱1,205.00",₱107.59,nan,₱0.00,"₱1,312.59","₱1,205.00"
72081,002-000032925,15/02/2026,20:14:58,6,Dine In,Walk-in,"₱2,395.00",₱213.84,nan,₱0.00,"₱2,608.84","₱2,395.00"
72079,002-000032924,15/02/2026,20:38:33,3,Dine In,Walk-in,"₱1,990.00",₱177.68,PWD,₱398.00,"₱1,769.68","₱1,990.00"
72075,002-000032923,15/02/2026,18:41:43,1,Take Out,Walk-in,₱903.00,₱80.62,nan,₱0.00,₱983.62,₱903.00
72072,002-000032922,15/02/2026,18:43:32,3,Dine In,Walk-in,"₱1,260.00",₱112.50,nan,₱0.00,"₱1,372.50","₱1,260.00"
72071,002-000032921,15/02/2026,12:51:02,6,Dine In,Walk-in,"₱2,150.00",₱191.96,nan,₱0.00,"₱2,341.96","₱2,150.00"
72068,002-000032920,15/02/2026,19:42:35,6,Delivery,FoodPanda,"₱3,765.00",₱336.16,nan,₱0.00,"₱4,101.16","₱3,765.00"
72067,002-000032919,15/02/2026,12:22:33,2,Dine In,Walk-in,"₱1,817.00",₱162.23,nan,₱0.00,"₱1,979.23","₱1,817.00"
72063,002-000032918,15/02/2026,18:27:57,2,Dine In,Walk-in,₱615.00,₱54.91,nan,₱0.00,₱669.91,₱615.00
72060,002-000032917,15/02/2026,17:09:26,4,Delivery,FoodPanda,"₱1,255.00",₱112.05,nan,₱0.00,"₱1,367.05","₱1,255.00"
72058,002-000032916,15/02/2026,17:39:04,1,Dine In,Walk-in,₱840.00,₱75.00,nan,₱0.00,₱915.00,₱840.00
72056,002-000032915,15/02/2026,19:42:40,6,Dine In,Walk-in,"₱2,570.00",₱229.46,PWD,₱514.00,"₱2,285.46","₱2,570.00"
72055,002-000032914,15/02/2026,13:08:32,5,Dine In,Walk-in,"₱6,055.00",₱540.62,nan,₱0.00,"₱6,595.62","₱6,055.00"
72054,002-000032913,15/02/2026,18:10:02,1,Dine In,Walk-in,"₱2,104.00",₱187.86,nan,₱0.00,"₱2,291.86","₱2,104.00"
72052,002-000032912,15/02/2026,11:49:03,2,Dine In,Walk-in,"₱1,410.00",₱125.89,nan,₱0.00,"₱1,535.89","₱1,410.00"
72050,002-000032911,15/02/2026,20:56:32,4,Dine In,Walk-in,"₱1,090.00",₱97.32,nan,₱0.00,"₱1,187.32","₱1,090.00"
72047,002-000032910,15/02/2026,19:22:32,4,Dine In,Walk-in,₱990.00,₱88.39,nan,₱0.00,"₱1,078.39",₱990.00
72045,002-000032909,15/02/2026,20:58:39,2,Dine In,Walk-in,"₱1,690.00",₱150.89,nan,₱0.00,"₱1,840.89","₱1,690.00"
72041,002-000032908,15/02/2026,11:24:26,3,Dine In,Walk-in,₱105.00,₱9.37,nan,₱0.00,₱114.37,₱105.00
72039,002-000032907,15/02/2026,12:29:33,5,Dine In,Walk-in,"₱3,565.00",₱318.30,nan,₱0.00,"₱3,883.30","₱3,565.00"
72038,002-000032906,15/02/2026,19:49:04,1,Dine In,Walk-in,"₱1,545.00",₱137.95,Employee Discount,₱309.00,"₱1,373.95","₱1,545.00"
72034,002-000032905,15/02/2026,13:34:01,5,Dine In,Walk-in,"₱1,960.00",₱175.00,nan,₱0.00,"₱2,135.00","₱1,960.00"
72032,002-000032904,14/02/2026,19:23:33,3,Dine In,Walk-in,"₱3,735.00",₱333.48,nan,₱0.00,"₱4,068.48","₱3,735.00"
72031,002-000032903,14/02/2026,19:27:31,6,Dine In,Walk-in,"₱1,690.00",₱150.89,nan,₱0.00,"₱1,840.89","₱1,690.00"
72027,002-000032902,14/02/2026,19:19:32,2,Dine In,Walk-in,"₱1,690.00",₱150.89,nan,₱0.00,"₱1,840.89","₱1,690.00"
72024,002-000032901,14/02/2026,11:07:01,3,Dine In,Walk-in,"₱2,000.00",₱178.57,nan,₱0.00,"₱2,178.57","₱2,000.00"
72021,002-000032900,14/02/2026,17:08:10,2,Delivery,FoodPanda,"₱2,390.00",₱213.39,nan,₱0.00,"₱2,603.39","₱2,390.00"
72020,002-000032899,14/02/2026,17:29:12,5,Dine In,Walk-in,₱995.00,₱88.84,nan,₱0.00,"₱1,083.84",₱995.00
72016,002-000032898,14/02/2026,13:06:24,2,Dine In,Walk-in,"₱2,485.00",₱221.87,nan,₱0.00,"₱2,706.87","₱2,485.00"
72012,002-000032897,14/02/2026,12:00:20,2,Dine In,Walk-in,"₱2,940.00",₱262.50,nan,₱0.00,"₱3,202.50","₱2,940.00"
72008,002-000032896,14/02/2026,18:51:39,5,Dine In,Walk-in,"₱1,770.00",₱158.04,nan,₱0.00,"₱1,928.04","₱1,770.00"
72007,002-000032895,14/02/2026,13:54:54,4,Dine In,Walk-in,"₱2,795.00",₱249.55,Employee Discount,₱559.00,"₱2,485.55","₱2,795.00"
72005,002-000032894,14/02/2026,17:27:36,4,Dine In,Walk-in,"₱1,560.00",₱139.29,nan,₱0.00,"₱1,699.29","₱1,560.00"
72003,002-000032893,14/02/2026,11:21:17,4,Dine In,Walk-in,₱475.00,₱42.41,PWD,₱95.00,₱422.41,₱475.00
71999,002-000032892,14/02/2026,19:08:30,6,Dine In,Walk-in,₱765.00,₱68.30,nan,₱0.00,₱833.30,₱765.00
71997,002-000032891,14/02/2026,11:00:55,6,Dine In,Walk-in,"₱2,920.00",₱260.71,nan,₱0.00,"₱3,180.71","₱2,920.00"
71996,002-000032890,14/02/2026,18:33:40,2,Dine In,Walk-in,"₱1,130.00",₱100.89,nan,₱0.00,"₱1,230.89","₱1,130.00"
71994,002-000032889,14/02/2026,18:41:06,4,Dine In,Walk-in,"₱1,110.00",₱99.11,Senior Citizen,₱222.00,₱987.11,"₱1,110.00"
71992,002-000032888,14/02/2026,20:02:06,3,Dine In,Walk-in,"₱1,800.00",₱160.71,nan,₱0.00,"₱1,960.71","₱1,800.00"
71990,002-000032887,14/02/2026,19:12:56,1,Dine In,Walk-in,"₱1,675.00",₱149.55,nan,₱0.00,"₱1,824.55","₱1,675.00"
71988,002-000032886,14/02/2026,12:05:38,5,Dine In,Walk-in,"₱1,025.00",₱91.52,nan,₱0.00,"₱1,116.52","₱1,025.00"
71987,002-000032885,14/02/2026,13:03:57,6,Dine In,Walk-in,₱930.00,₱83.04,nan,₱0.00,"₱1,013.04",₱930.00
71984,002-000032884,14/02/2026,12:22:47,1,Dine In,Walk-in,"₱1,720.00",₱153.57,nan,₱0.00,"₱1,873.57","₱1,720.00"
71980,002-000032883,14/02/2026,11:07:36,5,Dine In,Walk-in,"₱1,117.00",₱99.73,nan,₱0.00,"₱1,216.73","₱1,117.00"
71979,002-000032882,14/02/2026,13:29:46,1,Dine In,Walk-in,"₱1,295.00",₱115.62,Senior Citizen,₱259.00,"₱1,151.62","₱1,295.00"
71976,002-000032881,13/02/2026,13:38:01,2,Dine In,Walk-in,₱105.00,₱9.37,nan,₱0.00,₱114.37,₱105.00
71973,002-000032880,13/02/2026,20:56:49,2,Dine In,Walk-in,"₱1,985.00",₱177.23,nan,₱0.00,"₱2,162.23","₱1,985.00"
71969,002-000032879,13/02/2026,18:24:24,6,Dine In,Walk-in,₱805.00,₱71.87,nan,₱0.00,₱876.87,₱805.00
71968,002-000032878,13/02/2026,11:55:16,4,Dine In,Walk-in,"₱1,695.00",₱151.34,nan,₱0.00,"₱1,846.34","₱1,695.00"
71965,002-000032877,13/02/2026,12:24:19,3,Dine In,Walk-in,"₱2,200.00",₱196.43,nan,₱0.00,"₱2,396.43","₱2,200.00"
71962,002-000032876,13/02/2026,20:10:38,2,Dine In,Walk-in,₱785.00,₱70.09,nan,₱0.00,₱855.09,₱785.00
71960,002-000032875,13/02/2026,17:25:41,6,Dine In,Walk-in,"₱2,410.00",₱215.18,nan,₱0.00,"₱2,625.18","₱2,410.00"
71958,002-000032874,13/02/2026,11:11:23,4,Delivery,FoodPanda,"₱1,790.00",₱159.82,nan,₱0.00,"₱1,949.82","₱1,790.00"
71956,002-000032873,13/02/2026,11:55:09,2,Dine In,Walk-in,"₱1,825.00",₱162.95,nan,₱0.00,"₱1,987.95","₱1,825.00"
71955,002-000032872,13/02/2026,17:29:57,5,Dine In,Walk-in,₱425.00,₱37.95,nan,₱0.00,₱462.95,₱425.00
71953,002-000032871,13/02/2026,13:13:47,4,Dine In,Walk-in,₱640.00,₱57.14,nan,₱0.00,₱697.14,₱640.00
71950,002-000032870,13/02/2026,18:22:58,2,Dine In,Walk-in,"₱1,900.00",₱169.64,Employee Discount,₱380.00,"₱1,689.64","₱1,900.00"
71947,002-000032869,13/02/2026,17:30:25,5,Delivery,FoodPanda,"₱1,515.00",₱135.27,nan,₱0.00,"₱1,650.27","₱1,515.00"
71943,002-000032868,13/02/2026,12:19:08,3,Dine In,Walk-in,"₱2,210.00",₱197.32,Employee Discount,₱442.00,"₱1,965.32","₱2,210.00"
71939,002-000032867,12/02/2026,20:41:12,4,Dine In,Walk-in,₱840.00,₱75.00,Employee Discount,₱168.00,₱747.00,₱840.00
71937,002-000032866,12/02/2026,12:29:44,3,Dine In,Walk-in,"₱1,360.00",₱121.43,nan,₱0.00,"₱1,481.43","₱1,360.00"
71933,002-000032865,12/02/2026,18:16:45,3,Dine In,Walk-in,₱920.00,₱82.14,nan,₱0.00,"₱1,002.14",₱920.00
71931,002-000032864,12/02/2026,18:17:48,4,Dine In,Walk-in,"₱1,085.00",₱96.87,nan,₱0.00,"₱1,181.87","₱1,085.00"
71929,002-000032863,12/02/2026,20:56:29,2,Take Out,Walk-in,"₱1,350.00",₱120.54,nan,₱0.00,"₱1,470.54","₱1,350.00"
71927,002-000032862,12/02/2026,20:32:08,4,Dine In,Walk-in,"₱3,115.00",₱278.12,nan,₱0.00,"₱3,393.12","₱3,115.00"
71923,002-000032861,12/02/2026,19:04:57,5,Dine In,Walk-in,"₱2,650.00",₱236.61,nan,₱0.00,"₱2,886.61","₱2,650.00"
71921,002-000032860,12/02/2026,18:50:24,3,Dine In,Walk-in,"₱2,090.00",₱186.61,nan,₱0.00,"₱2,276.61","₱2,090.00"
71919,002-000032859,12/02/2026,13:16:45,4,Dine In,Walk-in,₱850.00,₱75.89,nan,₱0.00,₱925.89,₱850.00
71916,002-000032858,12/02/2026,17:27:49,1,Dine In,Walk-in,"₱1,205.00",₱107.59,nan,₱0.00,"₱1,312.59","₱1,205.00"
71913,002-000032857,12/02/2026,13:58:39,2,Dine In,Walk-in,"₱2,635.00",₱235.27,nan,₱0.00,"₱2,870.27","₱2,635.00"
71911,002-000032856,12/02/2026,12:57:48,5,Dine In,Walk-in,"₱1,170.00",₱104.46,nan,₱0.00,"₱1,274.46","₱1,170.00"
71910,002-000032855,12/02/2026,18:00:22,4,Dine In,Walk-in,"₱3,260.00",₱291.07,nan,₱0.00,"₱3,551.07","₱3,260.00"
71908,002-000032854,12/02/2026,19:01:23,6,Dine In,Walk-in,"₱1,890.00",₱168.75,nan,₱0.00,"₱2,058.75","₱1,890.00"
71905,002-000032853,12/02/2026,13:28:35,3,Dine In,Walk-in,"₱1,368.00",₱122.14,nan,₱0.00,"₱1,490.14","₱1,368.00"
71903,002-000032852,12/02/2026,11:28:09,3,Delivery,FoodPanda,"₱1,465.00",₱130.80,nan,₱0.00,"₱1,595.80","₱1,465.00"
71900,002-000032851,11/02/2026,20:44:05,3,Dine In,Walk-in,"₱2,965.00",₱264.73,nan,₱0.00,"₱3,229.73","₱2,965.00"
71899,002-000032850,11/02/2026,18:34:20,4,Take Out,Walk-in,"₱1,315.00",₱117.41,Senior Citizen,₱263.00,"₱1,169.41","₱1,315.00"
71896,002-000032849,11/02/2026,12:41:17,6,Dine In,Walk-in,"₱3,085.00",₱275.45,Senior Citizen,₱617.00,"₱2,743.45","₱3,085.00"
71895,002-000032848,11/02/2026,13:19:31,2,Dine In,Walk-in,"₱2,725.00",₱243.30,nan,₱0.00,"₱2,968.30","₱2,725.00"
71891,002-000032847,11/02/2026,11:09:20,2,Delivery,FoodPanda,"₱1,910.00",₱170.54,nan,₱0.00,"₱2,080.54","₱1,910.00"
71890,002-000032846,11/02/2026,17:28:27,4,Dine In,Walk-in,"₱4,185.00",₱373.66,nan,₱0.00,"₱4,558.66","₱4,185.00"
71886,002-000032845,11/02/2026,19:29:08,5,Dine In,Walk-in,"₱1,800.00",₱160.71,nan,₱0.00,"₱1,960.71","₱1,800.00"
71884,002-000032844,11/02/2026,20:14:14,3,Dine In,Walk-in,"₱1,200.00",₱107.14,nan,₱0.00,"₱1,307.14","₱1,200.00"
71882,002-000032843,11/02/2026,19:49:19,5,Take Out,Walk-in,₱450.00,₱40.18,nan,₱0.00,₱490.18,₱450.00
71878,002-000032842,11/02/2026,20:58:25,3,Dine In,Walk-in,"₱2,340.00",₱208.93,nan,₱0.00,"₱2,548.93","₱2,340.00"
71874,002-000032841,11/02/2026,19:02:27,2,Dine In,Walk-in,"₱4,145.00",₱370.09,nan,₱0.00,"₱4,515.09","₱4,145.00"
71873,002-000032840,11/02/2026,20:02:01,4,Dine In,Walk-in,₱995.00,₱88.84,nan,₱0.00,"₱1,083.84",₱995.00
71870,002-000032839,11/02/2026,20:17:55,2,Dine In,Walk-in,"₱1,870.00",₱166.96,nan,₱0.00,"₱2,036.96","₱1,870.00"
71868,002-000032838,11/02/2026,19:28:01,5,Dine In,Walk-in,"₱1,310.00",₱116.96,nan,₱0.00,"₱1,426.96","₱1,310.00"
71864,002-000032837,11/02/2026,13:43:08,5,Dine In,Walk-in,"₱2,375.00",₱212.05,nan,₱0.00,"₱2,587.05","₱2,375.00"
71783,002-000032836,10/02/2026,17:24:57,5,Dine In,Walk-in,"₱1,290.00",₱115.18,nan,₱0.00,"₱1,405.18","₱1,290.00"
71782,002-000032835,10/02/2026,18:21:31,1,Dine In,Walk-in,"₱1,315.00",₱117.41,nan,₱0.00,"₱1,432.41","₱1,315.00"
71779,002-000032834,10/02/2026,17:38:49,1,Dine In,Walk-in,"₱2,490.00",₱222.32,nan,₱0.00,"₱2,712.32","₱2,490.00"
71778,002-000032833,10/02/2026,11:55:40,3,Dine In,Walk-in,₱710.00,₱63.39,nan,₱0.00,₱773.39,₱710.00
71776,002-000032832,10/02/2026,19:11:45,1,Dine In,Walk-in,"₱2,585.00",₱230.80,nan,₱0.00,"₱2,815.80","₱2,585.00"
71775,002-000032831,10/02/2026,18:22:00,2,Dine In,Walk-in,"₱1,205.00",₱107.59,nan,₱0.00,"₱1,312.59","₱1,205.00"
71771,002-000032830,10/02/2026,13:22:20,3,Dine In,Walk-in,₱855.00,₱76.34,nan,₱0.00,₱931.34,₱855.00
71767,002-000032829,10/02/2026,17:17:34,3,Delivery,FoodPanda,"₱2,460.00",₱219.64,nan,₱0.00,"₱2,679.64","₱2,460.00"
71765,002-000032828,10/02/2026,17:14:11,1,Dine In,Walk-in,"₱1,885.00",₱168.30,nan,₱0.00,"₱2,053.30","₱1,885.00"
71764,002-000032827,10/02/2026,18:30:19,1,Dine In,Walk-in,"₱1,975.00",₱176.34,nan,₱0.00,"₱2,151.34","₱1,975.00"
71760,002-000032826,10/02/2026,13:03:00,3,Dine In,Walk-in,₱659.00,₱58.84,nan,₱0.00,₱717.84,₱659.00
71758,002-000032825,10/02/2026,20:07:23,2,Dine In,Walk-in,"₱1,450.00",₱129.46,nan,₱0.00,"₱1,579.46","₱1,450.00"
71757,002-000032824,10/02/2026,20:44:34,4,Dine In,Walk-in,"₱1,840.00",₱164.29,nan,₱0.00,"₱2,004.29","₱1,840.00"
71754,002-000032823,10/02/2026,19:47:12,3,Dine In,Walk-in,"₱2,393.00",₱213.66,nan,₱0.00,"₱2,606.66","₱2,393.00"
71753,002-000032822,10/02/2026,11:15:03,3,Dine In,Walk-in,"₱1,745.00",₱155.80,nan,₱0.00,"₱1,900.80","₱1,745.00"
71749,002-000032821,10/02/2026,18:11:29,6,Dine In,Walk-in,₱895.00,₱79.91,nan,₱0.00,₱974.91,₱895.00
71747,002-000032820,09/02/2026,20:17:24,2,Dine In,Walk-in,"₱2,175.00",₱194.20,nan,₱0.00,"₱2,369.20","₱2,175.00"
71745,002-000032819,09/02/2026,17:43:50,1,Dine In,Walk-in,"₱1,200.00",₱107.14,nan,₱0.00,"₱1,307.14","₱1,200.00"
71741,002-000032818,09/02/2026,13:00:31,2,Dine In,Walk-in,"₱1,185.00",₱105.80,nan,₱0.00,"₱1,290.80","₱1,185.00"
71737,002-000032817,09/02/2026,18:34:33,5,Dine In,Walk-in,"₱2,390.00",₱213.39,nan,₱0.00,"₱2,603.39","₱2,390.00"
71735,002-000032816,09/02/2026,17:37:48,3,Dine In,Walk-in,"₱2,320.00",₱207.14,nan,₱0.00,"₱2,527.14","₱2,320.00"
71733,002-000032815,09/02/2026,18:05:20,4,Dine In,Walk-in,"₱1,615.00",₱144.20,nan,₱0.00,"₱1,759.20","₱1,615.00"
71732,002-000032814,09/02/2026,13:46:09,6,Dine In,Walk-in,"₱1,935.00",₱172.77,nan,₱0.00,"₱2,107.77","₱1,935.00"
71730,002-000032813,09/02/2026,11:01:16,2,Dine In,Walk-in,"₱1,100.00",₱98.21,PWD,₱220.00,₱978.21,"₱1,100.00"
71728,002-000032812,09/02/2026,20:57:50,3,Dine In,Walk-in,"₱1,740.00",₱155.36,nan,₱0.00,"₱1,895.36","₱1,740.00"
71727,002-000032811,09/02/2026,19:52:20,3,Dine In,Walk-in,"₱1,135.00",₱101.34,nan,₱0.00,"₱1,236.34","₱1,135.00"
71724,002-000032810,09/02/2026,12:10:57,4,Dine In,Walk-in,"₱2,010.00",₱179.46,PWD,₱402.00,"₱1,787.46","₱2,010.00"
71721,002-000032809,09/02/2026,20:27:05,1,Dine In,Walk-in,"₱2,285.00",₱204.02,nan,₱0.00,"₱2,489.02","₱2,285.00"
71720,002-000032808,09/02/2026,12:41:38,6,Dine In,Walk-in,"₱1,210.00",₱108.04,nan,₱0.00,"₱1,318.04","₱1,210.00"
71718,002-000032807,09/02/2026,17:04:27,2,Dine In,Walk-in,"₱3,598.00",₱321.25,nan,₱0.00,"₱3,919.25","₱3,598.00"
71715,002-000032806,08/02/2026,17:36:55,6,Dine In,Walk-in,₱895.00,₱79.91,nan,₱0.00,₱974.91,₱895.00
71713,002-000032805,08/02/2026,12:32:25,3,Dine In,Walk-in,₱780.00,₱69.64,nan,₱0.00,₱849.64,₱780.00
71709,002-000032804,08/02/2026,18:03:20,6,Dine In,Walk-in,"₱1,970.00",₱175.89,nan,₱0.00,"₱2,145.89","₱1,970.00"
71707,002-000032803,08/02/2026,18:47:44,6,Dine In,Walk-in,₱960.00,₱85.71,nan,₱0.00,"₱1,045.71",₱960.00
71706,002-000032802,08/02/2026,12:31:33,3,Take Out,Walk-in,"₱1,700.00",₱151.79,nan,₱0.00,"₱1,851.79","₱1,700.00"
71704,002-000032801,08/02/2026,19:27:40,5,Dine In,Walk-in,"₱2,190.00",₱195.54,nan,₱0.00,"₱2,385.54","₱2,190.00"
71702,002-000032800,08/02/2026,20:25:53,5,Dine In,Walk-in,"₱1,188.00",₱106.07,nan,₱0.00,"₱1,294.07","₱1,188.00"
71700,002-000032799,08/02/2026,13:29:41,4,Dine In,Walk-in,"₱1,745.00",₱155.80,nan,₱0.00,"₱1,900.80","₱1,745.00"
71699,002-000032798,08/02/2026,17:25:44,4,Dine In,Walk-in,"₱3,020.00",₱269.64,nan,₱0.00,"₱3,289.64","₱3,020.00"
71695,002-000032797,08/02/2026,18:22:36,3,Dine In,Walk-in,"₱1,855.00",₱165.62,Employee Discount,₱371.00,"₱1,649.62","₱1,855.00"
71693,002-000032796,08/02/2026,20:02:05,2,Dine In,Walk-in,"₱2,065.00",₱184.37,Employee Discount,₱413.00,"₱1,836.37","₱2,065.00"
71691,002-000032795,08/02/2026,18:47:18,4,Dine In,Walk-in,₱425.00,₱37.95,nan,₱0.00,₱462.95,₱425.00
71690,002-000032794,08/02/2026,19:41:38,6,Take Out,Walk-in,₱925.00,₱82.59,nan,₱0.00,"₱1,007.59",₱925.00
71688,002-000032793,08/02/2026,12:04:14,5,Dine In,Walk-in,"₱1,100.00",₱98.21,nan,₱0.00,"₱1,198.21","₱1,100.00"
71686,002-000032792,08/02/2026,12:17:15,1,Dine In,Walk-in,"₱1,040.00",₱92.86,PWD,₱208.00,₱924.86,"₱1,040.00"
71684,002-000032791,08/02/2026,11:22:28,5,Dine In,Walk-in,"₱1,375.00",₱122.77,nan,₱0.00,"₱1,497.77","₱1,375.00"
71681,002-000032790,08/02/2026,18:30:48,5,Dine In,Walk-in,"₱1,850.00",₱165.18,nan,₱0.00,"₱2,015.18","₱1,850.00"
71679,002-000032789,08/02/2026,12:00:08,3,Dine In,Walk-in,"₱2,945.00",₱262.95,Senior Citizen,₱589.00,"₱2,618.95","₱2,945.00"
71677,002-000032788,08/02/2026,18:50:24,2,Dine In,Walk-in,"₱1,553.00",₱138.66,nan,₱0.00,"₱1,691.66","₱1,553.00"
71675,002-000032787,08/02/2026,11:47:17,5,Dine In,Walk-in,₱785.00,₱70.09,nan,₱0.00,₱855.09,₱785.00
71671,002-000032786,08/02/2026,17:13:41,1,Dine In,Walk-in,"₱2,230.00",₱199.11,nan,₱0.00,"₱2,429.11","₱2,230.00"
71667,002-000032785,08/02/2026,12:03:20,4,Dine In,Walk-in,"₱2,380.00",₱212.50,nan,₱0.00,"₱2,592.50","₱2,380.00"
71666,002-000032784,07/02/2026,20:09:06,1,Dine In,Walk-in,"₱3,000.00",₱267.86,nan,₱0.00,"₱3,267.86","₱3,000.00"
71664,002-000032783,07/02/2026,19:09:28,5,Dine In,Walk-in,₱510.00,₱45.54,nan,₱0.00,₱555.54,₱510.00
71662,002-000032782,07/02/2026,20:53:27,1,Dine In,Walk-in,"₱1,665.00",₱148.66,nan,₱0.00,"₱1,813.66","₱1,665.00"
71658,002-000032781,07/02/2026,12:53:25,6,Take Out,Walk-in,"₱1,280.00",₱114.29,nan,₱0.00,"₱1,394.29","₱1,280.00"
71656,002-000032780,07/02/2026,17:02:30,3,Dine In,Walk-in,"₱1,105.00",₱98.66,nan,₱0.00,"₱1,203.66","₱1,105.00"
71655,002-000032779,07/02/2026,17:15:18,1,Dine In,Walk-in,₱984.00,₱87.86,nan,₱0.00,"₱1,071.86",₱984.00
71652,002-000032778,07/02/2026,20:29:09,1,Dine In,Walk-in,₱135.00,₱12.05,nan,₱0.00,₱147.05,₱135.00
71648,002-000032777,07/02/2026,12:26:59,5,Dine In,Walk-in,₱480.00,₱42.86,nan,₱0.00,₱522.86,₱480.00
71647,002-000032776,07/02/2026,13:56:58,1,Delivery,FoodPanda,"₱2,945.00",₱262.95,nan,₱0.00,"₱3,207.95","₱2,945.00"
71646,002-000032775,07/02/2026,20:33:10,3,Dine In,Walk-in,"₱1,460.00",₱130.36,nan,₱0.00,"₱1,590.36","₱1,460.00"
71644,002-000032774,07/02/2026,18:11:22,6,Dine In,Walk-in,₱935.00,₱83.48,nan,₱0.00,"₱1,018.48",₱935.00
71640,002-000032773,07/02/2026,20:03:14,4,Dine In,Walk-in,"₱2,475.00",₱220.98,Employee Discount,₱495.00,"₱2,200.98","₱2,475.00"
71638,002-000032772,07/02/2026,18:47:33,5,Dine In,Walk-in,"₱1,935.00",₱172.77,nan,₱0.00,"₱2,107.77","₱1,935.00"
71636,002-000032771,07/02/2026,13:27:43,5,Take Out,Walk-in,"₱1,290.00",₱115.18,nan,₱0.00,"₱1,405.18","₱1,290.00"
71634,002-000032770,07/02/2026,11:58:00,1,Take Out,Walk-in,₱810.00,₱72.32,nan,₱0.00,₱882.32,₱810.00
71631,002-000032769,07/02/2026,17:38:41,1,Dine In,Walk-in,"₱1,125.00",₱100.45,nan,₱0.00,"₱1,225.45","₱1,125.00"
71627,002-000032768,07/02/2026,19:55:17,5,Dine In,Walk-in,₱875.00,₱78.12,PWD,₱175.00,₱778.12,₱875.00
71625,002-000032767,07/02/2026,17:04:02,2,Dine In,Walk-in,₱850.00,₱75.89,nan,₱0.00,₱925.89,₱850.00
71623,002-000032766,07/02/2026,18:10:15,6,Dine In,Walk-in,"₱2,475.00",₱220.98,nan,₱0.00,"₱2,695.98","₱2,475.00"
71621,002-000032765,07/02/2026,18:11:24,1,Dine In,Walk-in,₱340.00,₱30.36,nan,₱0.00,₱370.36,₱340.00
71617,002-000032764,07/02/2026,12:33:49,2,Dine In,Walk-in,₱389.00,₱34.73,nan,₱0.00,₱423.73,₱389.00
71616,002-000032763,06/02/2026,19:47:04,2,Dine In,Walk-in,"₱2,900.00",₱258.93,nan,₱0.00,"₱3,158.93","₱2,900.00"
71613,002-000032762,06/02/2026,19:04:16,2,Dine In,Walk-in,"₱1,940.00",₱173.21,nan,₱0.00,"₱2,113.21","₱1,940.00"
71609,002-000032761,06/02/2026,19:41:43,6,Dine In,Walk-in,"₱1,765.00",₱157.59,nan,₱0.00,"₱1,922.59","₱1,765.00"
71608,002-000032760,06/02/2026,19:55:47,3,Dine In,Walk-in,"₱1,895.00",₱169.20,nan,₱0.00,"₱2,064.20","₱1,895.00"
71605,002-000032759,06/02/2026,19:48:09,6,Dine In,Walk-in,"₱3,450.00",₱308.04,Employee Discount,₱690.00,"₱3,068.04","₱3,450.00"
71604,002-000032758,06/02/2026,12:39:52,2,Dine In,Walk-in,"₱2,875.00",₱256.70,nan,₱0.00,"₱3,131.70","₱2,875.00"
71600,002-000032757,06/02/2026,17:43:55,3,Dine In,Walk-in,"₱2,340.00",₱208.93,nan,₱0.00,"₱2,548.93","₱2,340.00"
71596,002-000032756,06/02/2026,19:09:58,4,Dine In,Walk-in,"₱1,698.00",₱151.61,nan,₱0.00,"₱1,849.61","₱1,698.00"
71595,002-000032755,06/02/2026,11:54:26,2,Dine In,Walk-in,"₱2,678.00",₱239.11,nan,₱0.00,"₱2,917.11","₱2,678.00"
71593,002-000032754,06/02/2026,11:31:34,4,Dine In,Walk-in,"₱3,435.00",₱306.70,nan,₱0.00,"₱3,741.70","₱3,435.00"
71592,002-000032753,06/02/2026,19:39:48,5,Dine In,Walk-in,"₱1,700.00",₱151.79,nan,₱0.00,"₱1,851.79","₱1,700.00"
71591,002-000032752,06/02/2026,17:49:36,5,Dine In,Walk-in,₱600.00,₱53.57,nan,₱0.00,₱653.57,₱600.00
71589,002-000032751,06/02/2026,20:32:22,3,Dine In,Walk-in,₱55.00,₱4.91,nan,₱0.00,₱59.91,₱55.00
71586,002-000032750,06/02/2026,18:12:09,3,Dine In,Walk-in,"₱2,435.00",₱217.41,nan,₱0.00,"₱2,652.41","₱2,435.00"
71582,002-000032749,06/02/2026,11:38:12,5,Dine In,Walk-in,₱525.00,₱46.87,nan,₱0.00,₱571.87,₱525.00
71525,002-000032748,05/02/2026,13:51:24,1,Dine In,Walk-in,"₱2,983.00",₱266.34,nan,₱0.00,"₱3,249.34","₱2,983.00"
71522,002-000032747,05/02/2026,12:36:35,4,Dine In,Walk-in,"₱4,195.00",₱374.55,nan,₱0.00,"₱4,569.55","₱4,195.00"
71520,002-000032746,05/02/2026,17:46:06,5,Dine In,Walk-in,"₱2,135.00",₱190.62,nan,₱0.00,"₱2,325.62","₱2,135.00"
71519,002-000032745,05/02/2026,19:11:48,1,Dine In,Walk-in,₱760.00,₱67.86,nan,₱0.00,₱827.86,₱760.00
71516,002-000032744,05/02/2026,11:50:09,3,Dine In,Walk-in,"₱3,155.00",₱281.70,nan,₱0.00,"₱3,436.70","₱3,155.00"
71513,002-000032743,05/02/2026,20:48:37,1,Dine In,Walk-in,"₱2,690.00",₱240.18,nan,₱0.00,"₱2,930.18","₱2,690.00"
71512,002-000032742,05/02/2026,19:53:57,4,Dine In,Walk-in,"₱1,595.00",₱142.41,nan,₱0.00,"₱1,737.41","₱1,595.00"
71510,002-000032741,05/02/2026,17:42:41,1,Dine In,Walk-in,₱900.00,₱80.36,nan,₱0.00,₱980.36,₱900.00
71507,002-000032740,05/02/2026,12:13:15,6,Dine In,Walk-in,"₱2,125.00",₱189.73,nan,₱0.00,"₱2,314.73","₱2,125.00"
71503,002-000032739,05/02/2026,20:17:38,5,Dine In,Walk-in,"₱1,035.00",₱92.41,nan,₱0.00,"₱1,127.41","₱1,035.00"
71499,002-000032738,05/02/2026,12:31:37,5,Dine In,Walk-in,₱545.00,₱48.66,nan,₱0.00,₱593.66,₱545.00
71497,002-000032737,05/02/2026,20:18:24,4,Dine In,Walk-in,"₱1,325.00",₱118.30,nan,₱0.00,"₱1,443.30","₱1,325.00"
71493,002-000032736,05/02/2026,13:26:09,4,Dine In,Walk-in,"₱1,365.00",₱121.87,nan,₱0.00,"₱1,486.87","₱1,365.00"
71491,002-000032735,05/02/2026,19:19:01,6,Dine In,Walk-in,"₱2,635.00",₱235.27,nan,₱0.00,"₱2,870.27","₱2,635.00"
71489,002-000032734,04/02/2026,11:54:01,4,Dine In,Walk-in,₱850.00,₱75.89,nan,₱0.00,₱925.89,₱850.00
71487,002-000032733,04/02/2026,13:48:40,2,Dine In,Walk-in,₱820.00,₱73.21,nan,₱0.00,₱893.21,₱820.00
71485,002-000032732,04/02/2026,19:40:00,4,Dine In,Walk-in,"₱1,205.00",₱107.59,nan,₱0.00,"₱1,312.59","₱1,205.00"
71484,002-000032731,04/02/2026,19:51:34,3,Dine In,Walk-in,₱460.00,₱41.07,nan,₱0.00,₱501.07,₱460.00
71480,002-000032730,04/02/2026,11:46:18,3,Dine In,Walk-in,"₱3,020.00",₱269.64,nan,₱0.00,"₱3,289.64","₱3,020.00"
71478,002-000032729,04/02/2026,11:05:59,2,Dine In,Walk-in,"₱1,265.00",₱112.95,nan,₱0.00,"₱1,377.95","₱1,265.00"
71476,002-000032728,04/02/2026,19:51:41,3,Dine In,Walk-in,"₱1,840.00",₱164.29,nan,₱0.00,"₱2,004.29","₱1,840.00"
71472,002-000032727,04/02/2026,11:50:43,1,Dine In,Walk-in,"₱1,015.00",₱90.62,nan,₱0.00,"₱1,105.62","₱1,015.00"
71470,002-000032726,04/02/2026,20:36:43,2,Dine In,Walk-in,"₱2,085.00",₱186.16,nan,₱0.00,"₱2,271.16","₱2,085.00"
71468,002-000032725,04/02/2026,18:44:25,6,Dine In,Walk-in,"₱1,705.00",₱152.23,nan,₱0.00,"₱1,857.23","₱1,705.00"
71465,002-000032724,04/02/2026,19:54:31,1,Dine In,Walk-in,"₱1,780.00",₱158.93,nan,₱0.00,"₱1,938.93","₱1,780.00"
71462,002-000032723,04/02/2026,19:06:34,4,Dine In,Walk-in,"₱1,823.00",₱162.77,nan,₱0.00,"₱1,985.77","₱1,823.00"
71459,002-000032722,04/02/2026,19:19:53,6,Dine In,Walk-in,"₱1,015.00",₱90.62,nan,₱0.00,"₱1,105.62","₱1,015.00"
71455,002-000032721,04/02/2026,19:19:30,5,Dine In,Walk-in,"₱2,230.00",₱199.11,nan,₱0.00,"₱2,429.11","₱2,230.00"
71453,002-000032720,04/02/2026,19:34:05,6,Dine In,Walk-in,"₱3,390.00",₱302.68,nan,₱0.00,"₱3,692.68","₱3,390.00"
71449,002-000032719,04/02/2026,11:17:55,4,Dine In,Walk-in,"₱1,155.00",₱103.12,nan,₱0.00,"₱1,258.12","₱1,155.00"
71445,002-000032718,04/02/2026,17:07:25,5,Dine In,Walk-in,"₱1,740.00",₱155.36,nan,₱0.00,"₱1,895.36","₱1,740.00"
71441,002-000032717,03/02/2026,17:21:25,2,Dine In,Walk-in,"₱1,010.00",₱90.18,nan,₱0.00,"₱1,100.18","₱1,010.00"
71438,002-000032716,03/02/2026,20:45:29,1,Dine In,Walk-in,"₱1,455.00",₱129.91,nan,₱0.00,"₱1,584.91","₱1,455.00"
71436,002-000032715,03/02/2026,18:05:22,3,Dine In,Walk-in,"₱1,190.00",₱106.25,nan,₱0.00,"₱1,296.25","₱1,190.00"
71433,002-000032714,03/02/2026,12:42:07,1,Dine In,Walk-in,"₱1,075.00",₱95.98,nan,₱0.00,"₱1,170.98","₱1,075.00"
71429,002-000032713,03/02/2026,17:30:21,5,Dine In,Walk-in,"₱3,010.00",₱268.75,nan,₱0.00,"₱3,278.75","₱3,010.00"
71425,002-000032712,03/02/2026,19:53:05,4,Dine In,Walk-in,₱605.00,₱54.02,nan,₱0.00,₱659.02,₱605.00
71424,002-000032711,03/02/2026,19:17:30,3,Dine In,Walk-in,"₱1,895.00",₱169.20,Senior Citizen,₱379.00,"₱1,685.20","₱1,895.00"
71422,002-000032710,03/02/2026,11:17:03,6,Dine In,Walk-in,"₱1,500.00",₱133.93,nan,₱0.00,"₱1,633.93","₱1,500.00"
71421,002-000032709,03/02/2026,13:50:57,4,Dine In,Walk-in,₱725.00,₱64.73,Senior Citizen,₱145.00,₱644.73,₱725.00
71417,002-000032708,03/02/2026,17:20:41,2,Dine In,Walk-in,"₱2,280.00",₱203.57,nan,₱0.00,"₱2,483.57","₱2,280.00"
71416,002-000032707,03/02/2026,18:37:04,2,Dine In,Walk-in,"₱1,820.00",₱162.50,Senior Citizen,₱364.00,"₱1,618.50","₱1,820.00"
71413,002-000032706,03/02/2026,20:34:29,6,Dine In,Walk-in,"₱3,305.00",₱295.09,nan,₱0.00,"₱3,600.09","₱3,305.00"
71411,002-000032705,03/02/2026,13:18:22,5,Dine In,Walk-in,₱528.00,₱47.14,Senior Citizen,₱105.60,₱469.54,₱528.00
71408,002-000032704,03/02/2026,12:59:53,2,Dine In,Walk-in,"₱1,300.00",₱116.07,nan,₱0.00,"₱1,416.07","₱1,300.00"
71407,002-000032703,03/02/2026,19:46:11,2,Dine In,Walk-in,"₱1,410.00",₱125.89,nan,₱0.00,"₱1,535.89","₱1,410.00"
71403,002-000032702,03/02/2026,20:26:51,2,Dine In,Walk-in,"₱1,675.00",₱149.55,nan,₱0.00,"₱1,824.55","₱1,675.00"
71399,002-000032701,02/02/2026,13:25:03,5,Dine In,Walk-in,"₱1,850.00",₱165.18,nan,₱0.00,"₱2,015.18","₱1,850.00"
71398,002-000032700,02/02/2026,17:43:21,1,Dine In,Walk-in,₱660.00,₱58.93,nan,₱0.00,₱718.93,₱660.00
71395,002-000032699,02/02/2026,20:12:02,3,Dine In,Walk-in,"₱2,275.00",₱203.12,nan,₱0.00,"₱2,478.12","₱2,275.00"
71392,002-000032698,02/02/2026,19:57:11,6,Dine In,Walk-in,"₱2,390.00",₱213.39,nan,₱0.00,"₱2,603.39","₱2,390.00"
71389,002-000032697,02/02/2026,20:24:00,2,Dine In,Walk-in,"₱2,420.00",₱216.07,Employee Discount,₱484.00,"₱2,152.07","₱2,420.00"
71387,002-000032696,02/02/2026,18:31:06,4,Dine In,Walk-in,"₱3,895.00",₱347.77,nan,₱0.00,"₱4,242.77","₱3,895.00"
71386,002-000032695,02/02/2026,12:46:46,3,Dine In,Walk-in,"₱1,045.00",₱93.30,nan,₱0.00,"₱1,138.30","₱1,045.00"
71383,002-000032694,02/02/2026,18:05:40,2,Dine In,Walk-in,₱965.00,₱86.16,nan,₱0.00,"₱1,051.16",₱965.00
71381,002-000032693,02/02/2026,17:27:28,1,Dine In,Walk-in,"₱1,770.00",₱158.04,nan,₱0.00,"₱1,928.04","₱1,770.00"
71379,002-000032692,02/02/2026,12:00:40,4,Dine In,Walk-in,₱880.00,₱78.57,nan,₱0.00,₱958.57,₱880.00
71377,002-000032691,02/02/2026,12:45:25,6,Dine In,Walk-in,"₱1,015.00",₱90.62,nan,₱0.00,"₱1,105.62","₱1,015.00"
71375,002-000032690,02/02/2026,13:13:49,2,Dine In,Walk-in,₱940.00,₱83.93,nan,₱0.00,"₱1,023.93",₱940.00
71374,002-000032689,02/02/2026,11:00:01,4,Dine In,Walk-in,₱940.00,₱83.93,nan,₱0.00,"₱1,023.93",₱940.00
71373,002-000032688,02/02/2026,18:30:15,2,Dine In,Walk-in,"₱1,765.00",₱157.59,nan,₱0.00,"₱1,922.59","₱1,765.00"
71371,002-000032687,02/02/2026,18:04:23,4,Dine In,Walk-in,₱860.00,₱76.79,nan,₱0.00,₱936.79,₱860.00
71368,002-000032686,01/02/2026,20:14:13,1,Dine In,Walk-in,"₱1,965.00",₱175.45,nan,₱0.00,"₱2,140.45","₱1,965.00"
71367,002-000032685,01/02/2026,13:55:11,6,Dine In,Walk-in,"₱2,120.00",₱189.29,nan,₱0.00,"₱2,309.29","₱2,120.00"
71363,002-000032684,01/02/2026,13:56:06,2,Dine In,Walk-in,"₱1,545.00",₱137.95,nan,₱0.00,"₱1,682.95","₱1,545.00"
71361,002-000032683,01/02/2026,13:41:42,2,Dine In,Walk-in,₱875.00,₱78.12,nan,₱0.00,₱953.12,₱875.00
71360,002-000032682,01/02/2026,18:03:46,2,Dine In,Walk-in,"₱6,064.00",₱541.43,nan,₱0.00,"₱6,605.43","₱6,064.00"
71358,002-000032681,01/02/2026,18:09:01,1,Dine In,Walk-in,"₱1,535.00",₱137.05,nan,₱0.00,"₱1,672.05","₱1,535.00"
71357,002-000032680,01/02/2026,11:04:51,2,Dine In,Walk-in,"₱1,245.00",₱111.16,nan,₱0.00,"₱1,356.16","₱1,245.00"
71353,002-000032679,01/02/2026,19:51:20,2,Delivery,FoodPanda,"₱1,205.00",₱107.59,nan,₱0.00,"₱1,312.59","₱1,205.00"
71352,002-000032678,01/02/2026,18:36:32,6,Dine In,Walk-in,"₱2,990.00",₱266.96,nan,₱0.00,"₱3,256.96","₱2,990.00"
71350,002-000032677,01/02/2026,11:22:38,5,Dine In,Walk-in,₱80.00,₱7.14,nan,₱0.00,₱87.14,₱80.00
71348,002-000032676,01/02/2026,20:05:29,4,Dine In,Walk-in,"₱3,165.00",₱282.59,nan,₱0.00,"₱3,447.59","₱3,165.00"
71347,002-000032675,01/02/2026,20:28:06,5,Dine In,Walk-in,₱870.00,₱77.68,nan,₱0.00,₱947.68,₱870.00
71345,002-000032674,01/02/2026,13:41:34,5,Dine In,Walk-in,"₱3,670.00",₱327.68,nan,₱0.00,"₱3,997.68","₱3,670.00"
71344,002-000032673,01/02/2026,20:59:31,2,Dine In,Walk-in,₱730.00,₱65.18,nan,₱0.00,₱795.18,₱730.00
71340,002-000032672,01/02/2026,17:14:27,4,Dine In,Walk-in,"₱2,295.00",₱204.91,nan,₱0.00,"₱2,499.91","₱2,295.00"
71336,002-000032671,01/02/2026,17:09:20,2,Dine In,Walk-in,"₱2,640.00",₱235.71,nan,₱0.00,"₱2,875.71","₱2,640.00"
71334,002-000032670,01/02/2026,12:07:38,1,Dine In,Walk-in,"₱1,075.00",₱95.98,nan,₱0.00,"₱1,170.98","₱1,075.00"
71332,002-000032669,01/02/2026,17:40:26,1,Dine In,Walk-in,"₱2,538.00",₱226.61,nan,₱0.00,"₱2,764.61","₱2,538.00"
71329,002-000032668,01/02/2026,12:07:39,3,Dine In,Walk-in,"₱1,389.00",₱124.02,nan,₱0.00,"₱1,513.02","₱1,389.00"
71327,002-000032667,01/02/2026,18:23:30,1,Dine In,Walk-in,"₱2,373.00",₱211.87,nan,₱0.00,"₱2,584.87","₱2,373.00"
71325,002-000032666,01/02/2026,12:08:46,4,Dine In,Walk-in,₱885.00,₱79.02,nan,₱0.00,₱964.02,₱885.00
71323,002-000032665,01/02/2026,13:22:04,4,Dine In,Walk-in,"₱1,015.00",₱90.62,nan,₱0.00,"₱1,105.62","₱1,015.00"
71248,002-000032664,31/01/2026,11:40:38,2,Dine In,Walk-in,₱90.00,₱8.04,nan,₱0.00,₱98.04,₱90.00
71246,002-000032663,31/01/2026,13:05:00,2,Dine In,Walk-in,"₱2,250.00",₱200.89,nan,₱0.00,"₱2,450.89","₱2,250.00"
71244,002-000032662,31/01/2026,13:06:59,5,Dine In,Walk-in,"₱1,300.00",₱116.07,nan,₱0.00,"₱1,416.07","₱1,300.00"
71242,002-000032661,31/01/2026,18:28:54,3,Dine In,Walk-in,₱675.00,₱60.27,nan,₱0.00,₱735.27,₱675.00
71238,002-000032660,31/01/2026,17:11:59,1,Dine In,Walk-in,"₱1,845.00",₱164.73,nan,₱0.00,"₱2,009.73","₱1,845.00"
71235,002-000032659,31/01/2026,18:04:52,4,Dine In,Walk-in,"₱1,090.00",₱97.32,nan,₱0.00,"₱1,187.32","₱1,090.00"
71233,002-000032658,31/01/2026,17:11:08,1,Dine In,Walk-in,"₱1,875.00",₱167.41,nan,₱0.00,"₱2,042.41","₱1,875.00"
71231,002-000032657,31/01/2026,19:01:43,6,Delivery,FoodPanda,₱855.00,₱76.34,Employee Discount,₱171.00,₱760.34,₱855.00
71230,002-000032656,31/01/2026,19:41:23,3,Dine In,Walk-in,₱760.00,₱67.86,nan,₱0.00,₱827.86,₱760.00
71227,002-000032655,31/01/2026,20:46:15,1,Dine In,Walk-in,"₱2,095.00",₱187.05,nan,₱0.00,"₱2,282.05","₱2,095.00"
71224,002-000032654,31/01/2026,13:02:03,2,Dine In,Walk-in,₱920.00,₱82.14,nan,₱0.00,"₱1,002.14",₱920.00
71220,002-000032653,31/01/2026,18:16:10,6,Dine In,Walk-in,"₱1,388.00",₱123.93,nan,₱0.00,"₱1,511.93","₱1,388.00"
71219,002-000032652,31/01/2026,11:40:01,3,Dine In,Walk-in,"₱1,635.00",₱145.98,nan,₱0.00,"₱1,780.98","₱1,635.00"
71218,002-000032651,31/01/2026,20:12:47,2,Dine In,Walk-in,"₱2,235.00",₱199.55,nan,₱0.00,"₱2,434.55","₱2,235.00"
71215,002-000032650,31/01/2026,18:45:03,3,Dine In,Walk-in,₱505.00,₱45.09,nan,₱0.00,₱550.09,₱505.00
71213,002-000032649,31/01/2026,18:09:05,1,Dine In,Walk-in,"₱1,635.00",₱145.98,nan,₱0.00,"₱1,780.98","₱1,635.00"
71211,002-000032648,31/01/2026,12:44:14,6,Dine In,Walk-in,₱560.00,₱50.00,nan,₱0.00,₱610.00,₱560.00
71209,002-000032647,31/01/2026,13:10:52,2,Dine In,Walk-in,"₱1,510.00",₱134.82,nan,₱0.00,"₱1,644.82","₱1,510.00"
71205,002-000032646,31/01/2026,19:37:43,3,Dine In,Walk-in,"₱1,560.00",₱139.29,nan,₱0.00,"₱1,699.29","₱1,560.00"
71203,002-000032645,31/01/2026,17:40:44,5,Dine In,Walk-in,₱673.00,₱60.09,nan,₱0.00,₱733.09,₱673.00
71201,002-000032644,31/01/2026,13:16:27,5,Dine In,Walk-in,₱915.00,₱81.70,nan,₱0.00,₱996.70,₱915.00
71200,002-000032643,31/01/2026,20:11:25,6,Dine In,Walk-in,"₱3,270.00",₱291.96,nan,₱0.00,"₱3,561.96","₱3,270.00"
71199,002-000032642,31/01/2026,19:23:40,1,Dine In,Walk-in,₱640.00,₱57.14,nan,₱0.00,₱697.14,₱640.00
71197,002-000032641,31/01/2026,11:48:02,6,Dine In,Walk-in,"₱2,530.00",₱225.89,nan,₱0.00,"₱2,755.89","₱2,530.00"
71193,002-000032640,31/01/2026,13:54:22,2,Dine In,Walk-in,"₱1,265.00",₱112.95,Employee Discount,₱253.00,"₱1,124.95","₱1,265.00"
71191,002-000032639,31/01/2026,13:10:08,5,Dine In,Walk-in,₱255.00,₱22.77,nan,₱0.00,₱277.77,₱255.00
71189,002-000032638,31/01/2026,13:42:12,4,Dine In,Walk-in,"₱1,870.00",₱166.96,nan,₱0.00,"₱2,036.96","₱1,870.00"
71187,002-000032637,31/01/2026,12:56:49,2,Dine In,Walk-in,₱375.00,₱33.48,Employee Discount,₱75.00,₱333.48,₱375.00
71185,002-000032636,30/01/2026,18:59:11,4,Dine In,Walk-in,₱785.00,₱70.09,nan,₱0.00,₱855.09,₱785.00
71182,002-000032635,30/01/2026,20:26:57,3,Dine In,Walk-in,₱640.00,₱57.14,Employee Discount,₱128.00,₱569.14,₱640.00
71180,002-000032634,30/01/2026,19:07:18,1,Dine In,Walk-in,₱860.00,₱76.79,nan,₱0.00,₱936.79,₱860.00
71176,002-000032633,30/01/2026,17:42:54,2,Dine In,Walk-in,"₱4,130.00",₱368.75,nan,₱0.00,"₱4,498.75","₱4,130.00"
71172,002-000032632,30/01/2026,13:46:43,3,Dine In,Walk-in,"₱1,240.00",₱110.71,nan,₱0.00,"₱1,350.71","₱1,240.00"
71169,002-000032631,30/01/2026,17:57:26,3,Dine In,Walk-in,"₱2,625.00",₱234.37,nan,₱0.00,"₱2,859.37","₱2,625.00"
71166,002-000032630,30/01/2026,18:41:28,4,Dine In,Walk-in,"₱1,770.00",₱158.04,Employee Discount,₱354.00,"₱1,574.04","₱1,770.00"
71164,002-000032629,30/01/2026,12:05:48,5,Dine In,Walk-in,"₱1,200.00",₱107.14,nan,₱0.00,"₱1,307.14","₱1,200.00"
71163,002-000032628,30/01/2026,12:51:26,3,Delivery,FoodPanda,₱635.00,₱56.70,nan,₱0.00,₱691.70,₱635.00
71160,002-000032627,30/01/2026,11:32:45,1,Dine In,Walk-in,"₱2,005.00",₱179.02,nan,₱0.00,"₱2,184.02","₱2,005.00"
71158,002-000032626,30/01/2026,11:01:55,5,Dine In,Walk-in,₱735.00,₱65.62,nan,₱0.00,₱800.62,₱735.00
71157,002-000032625,30/01/2026,19:01:42,5,Dine In,Walk-in,"₱1,055.00",₱94.20,nan,₱0.00,"₱1,149.20","₱1,055.00"
71156,002-000032624,30/01/2026,11:20:05,1,Dine In,Walk-in,"₱1,200.00",₱107.14,nan,₱0.00,"₱1,307.14","₱1,200.00"
71152,002-000032623,30/01/2026,20:37:03,4,Take Out,Walk-in,"₱1,685.00",₱150.45,nan,₱0.00,"₱1,835.45","₱1,685.00"
71151,002-000032622,30/01/2026,18:43:48,5,Delivery,FoodPanda,"₱1,310.00",₱116.96,Employee Discount,₱262.00,"₱1,164.96","₱1,310.00"
71149,002-000032621,30/01/2026,19:31:44,1,Dine In,Walk-in,"₱1,930.00",₱172.32,nan,₱0.00,"₱2,102.32","₱1,930.00"
71146,002-000032620,30/01/2026,19:00:38,2,Take Out,Walk-in,₱940.00,₱83.93,nan,₱0.00,"₱1,023.93",₱940.00
71144,002-000032619,30/01/2026,13:15:47,1,Dine In,Walk-in,"₱4,590.00",₱409.82,nan,₱0.00,"₱4,999.82","₱4,590.00"
71142,002-000032618,30/01/2026,20:52:48,3,Dine In,Walk-in,"₱1,835.00",₱163.84,Senior Citizen,₱367.00,"₱1,631.84","₱1,835.00"
71140,002-000032617,30/01/2026,17:21:32,6,Delivery,FoodPanda,₱540.00,₱48.21,nan,₱0.00,₱588.21,₱540.00
71138,002-000032616,30/01/2026,17:57:30,3,Dine In,Walk-in,"₱3,310.00",₱295.54,nan,₱0.00,"₱3,605.54","₱3,310.00"
71137,002-000032615,30/01/2026,11:34:27,3,Dine In,Walk-in,₱200.00,₱17.86,nan,₱0.00,₱217.86,₱200.00
71133,002-000032614,30/01/2026,11:17:54,5,Delivery,FoodPanda,"₱1,685.00",₱150.45,nan,₱0.00,"₱1,835.45","₱1,685.00"
71132,002-000032613,30/01/2026,19:28:47,1,Dine In,Walk-in,"₱1,785.00",₱159.37,nan,₱0.00,"₱1,944.37","₱1,785.00"
71128,002-000032612,29/01/2026,20:27:54,1,Dine In,Walk-in,₱905.00,₱80.80,nan,₱0.00,₱985.80,₱905.00
71125,002-000032611,29/01/2026,19:37:44,1,Dine In,Walk-in,₱990.00,₱88.39,nan,₱0.00,"₱1,078.39",₱990.00
71123,002-000032610,29/01/2026,20:16:26,6,Dine In,Walk-in,"₱1,240.00",₱110.71,nan,₱0.00,"₱1,350.71","₱1,240.00"
71120,002-000032609,29/01/2026,20:23:21,2,Dine In,Walk-in,"₱1,378.00",₱123.04,nan,₱0.00,"₱1,501.04","₱1,378.00"
71116,002-000032608,29/01/2026,17:03:06,4,Dine In,Walk-in,"₱2,185.00",₱195.09,nan,₱0.00,"₱2,380.09","₱2,185.00"
71115,002-000032607,29/01/2026,17:59:47,5,Dine In,Walk-in,₱270.00,₱24.11,nan,₱0.00,₱294.11,₱270.00
71112,002-000032606,29/01/2026,11:02:54,5,Dine In,Walk-in,"₱3,280.00",₱292.86,nan,₱0.00,"₱3,572.86","₱3,280.00"
71111,002-000032605,29/01/2026,20:29:31,3,Dine In,Walk-in,₱655.00,₱58.48,Employee Discount,₱131.00,₱582.48,₱655.00
71109,002-000032604,29/01/2026,19:11:28,4,Dine In,Walk-in,"₱1,970.00",₱175.89,nan,₱0.00,"₱2,145.89","₱1,970.00"
71106,002-000032603,29/01/2026,13:14:24,1,Dine In,Walk-in,"₱1,599.00",₱142.77,nan,₱0.00,"₱1,741.77","₱1,599.00"
71104,002-000032602,29/01/2026,20:05:19,1,Dine In,Walk-in,"₱1,110.00",₱99.11,nan,₱0.00,"₱1,209.11","₱1,110.00"
71100,002-000032601,29/01/2026,18:17:40,6,Dine In,Walk-in,"₱2,800.00",₱250.00,nan,₱0.00,"₱3,050.00","₱2,800.00"
71099,002-000032600,29/01/2026,17:44:06,5,Dine In,Walk-in,₱900.00,₱80.36,nan,₱0.00,₱980.36,₱900.00
71096,002-000032599,29/01/2026,17:12:44,5,Dine In,Walk-in,"₱1,430.00",₱127.68,nan,₱0.00,"₱1,557.68","₱1,430.00"
71094,002-000032598,29/01/2026,11:09:45,5,Dine In,Walk-in,"₱1,230.00",₱109.82,nan,₱0.00,"₱1,339.82","₱1,230.00"
71092,002-000032597,29/01/2026,19:17:50,1,Take Out,Walk-in,"₱2,040.00",₱182.14,Employee Discount,₱408.00,"₱1,814.14","₱2,040.00"
71090,002-000032596,29/01/2026,20:30:39,3,Dine In,Walk-in,"₱1,730.00",₱154.46,nan,₱0.00,"₱1,884.46","₱1,730.00"
71086,002-000032595,28/01/2026,20:01:44,5,Dine In,Walk-in,"₱1,120.00",₱100.00,nan,₱0.00,"₱1,220.00","₱1,120.00"
71085,002-000032594,28/01/2026,19:26:48,6,Dine In,Walk-in,"₱1,640.00",₱146.43,nan,₱0.00,"₱1,786.43","₱1,640.00"
71083,002-000032593,28/01/2026,18:04:29,5,Dine In,Walk-in,₱605.00,₱54.02,nan,₱0.00,₱659.02,₱605.00
71082,002-000032592,28/01/2026,17:03:06,4,Dine In,Walk-in,"₱1,575.00",₱140.62,nan,₱0.00,"₱1,715.62","₱1,575.00"
71078,002-000032591,28/01/2026,11:57:34,1,Dine In,Walk-in,"₱1,640.00",₱146.43,nan,₱0.00,"₱1,786.43","₱1,640.00"
71075,002-000032590,28/01/2026,20:36:17,6,Dine In,Walk-in,"₱1,380.00",₱123.21,nan,₱0.00,"₱1,503.21","₱1,380.00"
71073,002-000032589,28/01/2026,11:08:22,1,Dine In,Walk-in,"₱2,470.00",₱220.54,nan,₱0.00,"₱2,690.54","₱2,470.00"
71071,002-000032588,28/01/2026,13:17:41,4,Dine In,Walk-in,"₱3,195.00",₱285.27,nan,₱0.00,"₱3,480.27","₱3,195.00"
71069,002-000032587,28/01/2026,12:48:56,5,Dine In,Walk-in,"₱1,325.00",₱118.30,PWD,₱265.00,"₱1,178.30","₱1,325.00"
71066,002-000032586,28/01/2026,19:06:20,5,Take Out,Walk-in,"₱1,420.00",₱126.79,nan,₱0.00,"₱1,546.79","₱1,420.00"
71063,002-000032585,28/01/2026,20:08:07,2,Take Out,Walk-in,"₱1,800.00",₱160.71,Employee Discount,₱360.00,"₱1,600.71","₱1,800.00"
71060,002-000032584,28/01/2026,11:54:33,6,Dine In,Walk-in,"₱1,745.00",₱155.80,nan,₱0.00,"₱1,900.80","₱1,745.00"
71059,002-000032583,28/01/2026,19:27:05,3,Dine In,Walk-in,"₱1,505.00",₱134.37,nan,₱0.00,"₱1,639.37","₱1,505.00"
71055,002-000032582,28/01/2026,11:14:36,2,Dine In,Walk-in,"₱2,235.00",₱199.55,nan,₱0.00,"₱2,434.55","₱2,235.00"
71051,002-000032581,28/01/2026,17:29:45,5,Delivery,FoodPanda,"₱1,915.00",₱170.98,nan,₱0.00,"₱2,085.98","₱1,915.00"
71047,002-000032580,28/01/2026,11:38:27,6,Dine In,Walk-in,₱655.00,₱58.48,nan,₱0.00,₱713.48,₱655.00
71046,002-000032579,27/01/2026,20:22:40,1,Dine In,Walk-in,"₱2,395.00",₱213.84,PWD,₱479.00,"₱2,129.84","₱2,395.00"
71042,002-000032578,27/01/2026,12:53:35,3,Dine In,Walk-in,₱240.00,₱21.43,nan,₱0.00,₱261.43,₱240.00
71038,002-000032577,27/01/2026,17:52:17,5,Dine In,Walk-in,₱495.00,₱44.20,nan,₱0.00,₱539.20,₱495.00
71036,002-000032576,27/01/2026,11:37:13,5,Dine In,Walk-in,"₱1,905.00",₱170.09,nan,₱0.00,"₱2,075.09","₱1,905.00"
71034,002-000032575,27/01/2026,11:59:47,1,Dine In,Walk-in,"₱2,493.00",₱222.59,nan,₱0.00,"₱2,715.59","₱2,493.00"
71033,002-000032574,27/01/2026,13:18:29,6,Dine In,Walk-in,"₱1,650.00",₱147.32,nan,₱0.00,"₱1,797.32","₱1,650.00"
71030,002-000032573,27/01/2026,18:17:54,5,Dine In,Walk-in,"₱2,330.00",₱208.04,nan,₱0.00,"₱2,538.04","₱2,330.00"
71027,002-000032572,27/01/2026,13:18:16,6,Dine In,Walk-in,"₱3,145.00",₱280.80,nan,₱0.00,"₱3,425.80","₱3,145.00"
71026,002-000032571,27/01/2026,17:54:14,6,Dine In,Walk-in,"₱1,635.00",₱145.98,nan,₱0.00,"₱1,780.98","₱1,635.00"
71023,002-000032570,27/01/2026,19:06:56,5,Dine In,Walk-in,"₱3,625.00",₱323.66,nan,₱0.00,"₱3,948.66","₱3,625.00"
71021,002-000032569,27/01/2026,12:59:44,3,Take Out,Walk-in,₱675.00,₱60.27,nan,₱0.00,₱735.27,₱675.00
71019,002-000032568,27/01/2026,19:36:29,6,Dine In,Walk-in,"₱1,230.00",₱109.82,nan,₱0.00,"₱1,339.82","₱1,230.00"
71018,002-000032567,27/01/2026,11:48:40,6,Dine In,Walk-in,"₱1,990.00",₱177.68,nan,₱0.00,"₱2,167.68","₱1,990.00"
71017,002-000032566,27/01/2026,20:06:36,4,Dine In,Walk-in,₱443.00,₱39.55,nan,₱0.00,₱482.55,₱443.00
71016,002-000032565,27/01/2026,17:10:02,1,Dine In,Walk-in,"₱3,494.00",₱311.96,nan,₱0.00,"₱3,805.96","₱3,494.00"
71015,002-000032564,26/01/2026,19:19:06,2,Dine In,Walk-in,"₱4,025.00",₱359.37,nan,₱0.00,"₱4,384.37","₱4,025.00"
71012,002-000032563,26/01/2026,18:14:07,2,Dine In,Walk-in,₱325.00,₱29.02,nan,₱0.00,₱354.02,₱325.00
71010,002-000032562,26/01/2026,18:12:48,4,Dine In,Walk-in,"₱2,030.00",₱181.25,nan,₱0.00,"₱2,211.25","₱2,030.00"
71007,002-000032561,26/01/2026,17:26:13,4,Dine In,Walk-in,"₱1,955.00",₱174.55,nan,₱0.00,"₱2,129.55","₱1,955.00"
71005,002-000032560,26/01/2026,11:47:31,5,Dine In,Walk-in,"₱3,280.00",₱292.86,nan,₱0.00,"₱3,572.86","₱3,280.00"
71004,002-000032559,26/01/2026,17:48:35,3,Dine In,Walk-in,₱790.00,₱70.54,nan,₱0.00,₱860.54,₱790.00
71001,002-000032558,26/01/2026,19:43:21,5,Dine In,Walk-in,"₱4,390.00",₱391.96,nan,₱0.00,"₱4,781.96","₱4,390.00"
70997,002-000032557,26/01/2026,17:46:04,5,Dine In,Walk-in,"₱2,645.00",₱236.16,nan,₱0.00,"₱2,881.16","₱2,645.00"
70995,002-000032556,26/01/2026,17:49:09,5,Dine In,Walk-in,"₱2,395.00",₱213.84,nan,₱0.00,"₱2,608.84","₱2,395.00"
70991,002-000032555,26/01/2026,17:35:57,3,Dine In,Walk-in,"₱1,965.00",₱175.45,nan,₱0.00,"₱2,140.45","₱1,965.00"
70987,002-000032554,26/01/2026,20:02:30,5,Dine In,Walk-in,"₱1,265.00",₱112.95,nan,₱0.00,"₱1,377.95","₱1,265.00"
70986,002-000032553,26/01/2026,11:43:27,4,Delivery,FoodPanda,"₱1,240.00",₱110.71,nan,₱0.00,"₱1,350.71","₱1,240.00"
70985,002-000032552,26/01/2026,18:19:23,4,Delivery,FoodPanda,"₱1,750.00",₱156.25,nan,₱0.00,"₱1,906.25","₱1,750.00"
70982,002-000032551,26/01/2026,19:35:33,6,Dine In,Walk-in,"₱1,680.00",₱150.00,nan,₱0.00,"₱1,830.00","₱1,680.00"
70944,002-000032550,25/01/2026,18:15:52,4,Dine In,Walk-in,₱515.00,₱45.98,nan,₱0.00,₱560.98,₱515.00
70940,002-000032549,25/01/2026,20:12:10,6,Dine In,Walk-in,"₱1,970.00",₱175.89,nan,₱0.00,"₱2,145.89","₱1,970.00"
70938,002-000032548,25/01/2026,11:22:14,4,Dine In,Walk-in,₱439.00,₱39.20,nan,₱0.00,₱478.20,₱439.00
70936,002-000032547,25/01/2026,13:45:02,2,Dine In,Walk-in,"₱2,210.00",₱197.32,nan,₱0.00,"₱2,407.32","₱2,210.00"
70934,002-000032546,25/01/2026,17:42:54,1,Dine In,Walk-in,"₱2,860.00",₱255.36,nan,₱0.00,"₱3,115.36","₱2,860.00"
70932,002-000032545,25/01/2026,18:33:00,1,Dine In,Walk-in,"₱1,600.00",₱142.86,nan,₱0.00,"₱1,742.86","₱1,600.00"
70928,002-000032544,25/01/2026,18:14:30,2,Dine In,Walk-in,₱690.00,₱61.61,nan,₱0.00,₱751.61,₱690.00
70926,002-000032543,25/01/2026,19:18:01,3,Dine In,Walk-in,"₱2,090.00",₱186.61,nan,₱0.00,"₱2,276.61","₱2,090.00"
70923,002-000032542,25/01/2026,13:09:25,6,Take Out,Walk-in,"₱2,465.00",₱220.09,nan,₱0.00,"₱2,685.09","₱2,465.00"
70919,002-000032541,25/01/2026,13:22:06,4,Dine In,Walk-in,"₱1,235.00",₱110.27,nan,₱0.00,"₱1,345.27","₱1,235.00"
70916,002-000032540,25/01/2026,12:41:44,3,Dine In,Walk-in,"₱1,850.00",₱165.18,nan,₱0.00,"₱2,015.18","₱1,850.00"
70915,002-000032539,25/01/2026,11:28:32,3,Delivery,FoodPanda,"₱1,585.00",₱141.52,nan,₱0.00,"₱1,726.52","₱1,585.00"
70913,002-000032538,25/01/2026,20:12:55,4,Dine In,Walk-in,₱365.00,₱32.59,nan,₱0.00,₱397.59,₱365.00
70911,002-000032537,25/01/2026,19:53:08,5,Dine In,Walk-in,"₱2,390.00",₱213.39,nan,₱0.00,"₱2,603.39","₱2,390.00"
70907,002-000032536,25/01/2026,17:07:07,5,Dine In,Walk-in,"₱1,883.00",₱168.12,nan,₱0.00,"₱2,051.12","₱1,883.00"
70903,002-000032535,25/01/2026,18:08:18,1,Dine In,Walk-in,"₱1,410.00",₱125.89,nan,₱0.00,"₱1,535.89","₱1,410.00"
70899,002-000032534,25/01/2026,20:37:41,1,Dine In,Walk-in,"₱1,895.00",₱169.20,Employee Discount,₱379.00,"₱1,685.20","₱1,895.00"
70896,002-000032533,25/01/2026,20:54:44,1,Dine In,Walk-in,"₱2,065.00",₱184.37,nan,₱0.00,"₱2,249.37","₱2,065.00"
70894,002-000032532,25/01/2026,19:37:09,1,Dine In,Walk-in,₱325.00,₱29.02,nan,₱0.00,₱354.02,₱325.00
70892,002-000032531,25/01/2026,11:49:09,2,Dine In,Walk-in,₱130.00,₱11.61,Senior Citizen,₱26.00,₱115.61,₱130.00
70890,002-000032530,24/01/2026,19:59:06,1,Dine In,Walk-in,"₱3,460.00",₱308.93,nan,₱0.00,"₱3,768.93","₱3,460.00"
70888,002-000032529,24/01/2026,18:00:19,4,Dine In,Walk-in,"₱2,310.00",₱206.25,nan,₱0.00,"₱2,516.25","₱2,310.00"
70886,002-000032528,24/01/2026,17:09:51,1,Dine In,Walk-in,₱885.00,₱79.02,nan,₱0.00,₱964.02,₱885.00
70884,002-000032527,24/01/2026,12:53:09,6,Dine In,Walk-in,"₱3,595.00",₱320.98,nan,₱0.00,"₱3,915.98","₱3,595.00"
70883,002-000032526,24/01/2026,13:18:22,3,Dine In,Walk-in,"₱1,410.00",₱125.89,nan,₱0.00,"₱1,535.89","₱1,410.00"
70880,002-000032525,24/01/2026,12:37:39,4,Dine In,Walk-in,₱920.00,₱82.14,nan,₱0.00,"₱1,002.14",₱920.00
70877,002-000032524,24/01/2026,20:36:45,5,Dine In,Walk-in,"₱1,325.00",₱118.30,nan,₱0.00,"₱1,443.30","₱1,325.00"
70875,002-000032523,24/01/2026,13:44:48,3,Dine In,Walk-in,"₱3,500.00",₱312.50,nan,₱0.00,"₱3,812.50","₱3,500.00"
70871,002-000032522,24/01/2026,17:51:42,6,Delivery,FoodPanda,₱944.00,₱84.29,nan,₱0.00,"₱1,028.29",₱944.00
70869,002-000032521,24/01/2026,12:48:39,1,Dine In,Walk-in,₱820.00,₱73.21,nan,₱0.00,₱893.21,₱820.00
70865,002-000032520,24/01/2026,11:58:03,5,Take Out,Walk-in,"₱1,215.00",₱108.48,PWD,₱243.00,"₱1,080.48","₱1,215.00"
70863,002-000032519,24/01/2026,11:26:24,6,Dine In,Walk-in,"₱1,133.00",₱101.16,nan,₱0.00,"₱1,234.16","₱1,133.00"
70862,002-000032518,24/01/2026,13:56:20,6,Dine In,Walk-in,"₱1,150.00",₱102.68,nan,₱0.00,"₱1,252.68","₱1,150.00"
70859,002-000032517,24/01/2026,18:07:11,3,Dine In,Walk-in,"₱1,950.00",₱174.11,nan,₱0.00,"₱2,124.11","₱1,950.00"
70856,002-000032516,24/01/2026,12:51:01,2,Dine In,Walk-in,"₱2,865.00",₱255.80,Employee Discount,₱573.00,"₱2,547.80","₱2,865.00"
70855,002-000032515,24/01/2026,18:22:41,4,Dine In,Walk-in,"₱2,495.00",₱222.77,nan,₱0.00,"₱2,717.77","₱2,495.00"
70853,002-000032514,24/01/2026,13:35:19,5,Take Out,Walk-in,₱245.00,₱21.87,nan,₱0.00,₱266.87,₱245.00
70851,002-000032513,24/01/2026,17:17:05,3,Dine In,Walk-in,"₱1,330.00",₱118.75,Senior Citizen,₱266.00,"₱1,182.75","₱1,330.00"
70849,002-000032512,24/01/2026,17:54:05,1,Delivery,FoodPanda,"₱1,105.00",₱98.66,nan,₱0.00,"₱1,203.66","₱1,105.00"
70846,002-000032511,24/01/2026,12:55:28,5,Dine In,Walk-in,"₱1,610.00",₱143.75,nan,₱0.00,"₱1,753.75","₱1,610.00"
70844,002-000032510,24/01/2026,12:51:37,1,Dine In,Walk-in,"₱1,725.00",₱154.02,nan,₱0.00,"₱1,879.02","₱1,725.00"
70842,002-000032509,24/01/2026,12:41:59,4,Delivery,FoodPanda,"₱2,280.00",₱203.57,nan,₱0.00,"₱2,483.57","₱2,280.00"
70839,002-000032508,24/01/2026,17:01:45,3,Dine In,Walk-in,"₱1,168.00",₱104.29,nan,₱0.00,"₱1,272.29","₱1,168.00"
70837,002-000032507,24/01/2026,13:21:28,5,Dine In,Walk-in,₱520.00,₱46.43,nan,₱0.00,₱566.43,₱520.00
70836,002-000032506,23/01/2026,18:55:56,1,Dine In,Walk-in,"₱1,865.00",₱166.52,nan,₱0.00,"₱2,031.52","₱1,865.00"
70834,002-000032505,23/01/2026,13:40:27,3,Dine In,Walk-in,"₱1,650.00",₱147.32,nan,₱0.00,"₱1,797.32","₱1,650.00"
70830,002-000032504,23/01/2026,20:29:22,5,Dine In,Walk-in,₱790.00,₱70.54,nan,₱0.00,₱860.54,₱790.00
70829,002-000032503,23/01/2026,17:53:13,6,Dine In,Walk-in,"₱1,410.00",₱125.89,nan,₱0.00,"₱1,535.89","₱1,410.00"
70828,002-000032502,23/01/2026,13:31:12,5,Dine In,Walk-in,₱860.00,₱76.79,nan,₱0.00,₱936.79,₱860.00
70824,002-000032501,23/01/2026,19:45:30,4,Dine In,Walk-in,"₱2,640.00",₱235.71,nan,₱0.00,"₱2,875.71","₱2,640.00"
70823,002-000032500,23/01/2026,20:44:05,5,Dine In,Walk-in,"₱2,320.00",₱207.14,nan,₱0.00,"₱2,527.14","₱2,320.00"
70821,002-000032499,23/01/2026,20:46:17,1,Dine In,Walk-in,₱290.00,₱25.89,nan,₱0.00,₱315.89,₱290.00
70819,002-000032498,23/01/2026,20:36:50,2,Dine In,Walk-in,₱590.00,₱52.68,nan,₱0.00,₱642.68,₱590.00
70817,002-000032497,23/01/2026,18:20:12,5,Dine In,Walk-in,"₱1,500.00",₱133.93,nan,₱0.00,"₱1,633.93","₱1,500.00"
70816,002-000032496,23/01/2026,19:50:58,6,Dine In,Walk-in,"₱2,555.00",₱228.12,PWD,₱511.00,"₱2,272.12","₱2,555.00"
70815,002-000032495,23/01/2026,17:48:06,6,Dine In,Walk-in,₱880.00,₱78.57,nan,₱0.00,₱958.57,₱880.00
70811,002-000032494,23/01/2026,13:48:39,2,Dine In,Walk-in,"₱4,485.00",₱400.45,nan,₱0.00,"₱4,885.45","₱4,485.00"
70808,002-000032493,23/01/2026,12:18:28,1,Dine In,Walk-in,"₱3,150.00",₱281.25,nan,₱0.00,"₱3,431.25","₱3,150.00"
70807,002-000032492,23/01/2026,13:04:35,3,Dine In,Walk-in,"₱1,758.00",₱156.96,nan,₱0.00,"₱1,914.96","₱1,758.00"
70804,002-000032491,22/01/2026,12:39:13,6,Dine In,Walk-in,"₱1,470.00",₱131.25,Senior Citizen,₱294.00,"₱1,307.25","₱1,470.00"
70801,002-000032490,22/01/2026,11:00:27,5,Take Out,Walk-in,"₱2,900.00",₱258.93,nan,₱0.00,"₱3,158.93","₱2,900.00"
70797,002-000032489,22/01/2026,19:22:51,6,Dine In,Walk-in,"₱3,285.00",₱293.30,nan,₱0.00,"₱3,578.30","₱3,285.00"
70793,002-000032488,22/01/2026,18:30:50,4,Dine In,Walk-in,"₱1,695.00",₱151.34,nan,₱0.00,"₱1,846.34","₱1,695.00"
70789,002-000032487,22/01/2026,20:47:19,2,Dine In,Walk-in,"₱3,000.00",₱267.86,nan,₱0.00,"₱3,267.86","₱3,000.00"
70786,002-000032486,22/01/2026,11:01:49,4,Dine In,Walk-in,₱860.00,₱76.79,nan,₱0.00,₱936.79,₱860.00
70782,002-000032485,22/01/2026,13:13:00,5,Dine In,Walk-in,₱675.00,₱60.27,nan,₱0.00,₱735.27,₱675.00
70780,002-000032484,22/01/2026,17:55:09,4,Dine In,Walk-in,"₱2,735.00",₱244.20,nan,₱0.00,"₱2,979.20","₱2,735.00"
70777,002-000032483,22/01/2026,11:22:32,4,Dine In,Walk-in,"₱1,510.00",₱134.82,nan,₱0.00,"₱1,644.82","₱1,510.00"
70775,002-000032482,22/01/2026,11:12:17,3,Dine In,Walk-in,"₱1,775.00",₱158.48,nan,₱0.00,"₱1,933.48","₱1,775.00"
70773,002-000032481,22/01/2026,12:55:11,2,Dine In,Walk-in,₱990.00,₱88.39,nan,₱0.00,"₱1,078.39",₱990.00
70769,002-000032480,22/01/2026,20:17:31,4,Delivery,FoodPanda,"₱6,335.00",₱565.62,nan,₱0.00,"₱6,900.62","₱6,335.00"
70766,002-000032479,22/01/2026,12:39:50,5,Dine In,Walk-in,"₱2,275.00",₱203.12,nan,₱0.00,"₱2,478.12","₱2,275.00"
70765,002-000032478,22/01/2026,18:36:35,4,Dine In,Walk-in,"₱2,719.00",₱242.77,nan,₱0.00,"₱2,961.77","₱2,719.00"
70762,002-000032477,22/01/2026,19:00:23,6,Dine In,Walk-in,"₱1,265.00",₱112.95,nan,₱0.00,"₱1,377.95","₱1,265.00"
70760,002-000032476,22/01/2026,19:20:18,3,Dine In,Walk-in,₱940.00,₱83.93,nan,₱0.00,"₱1,023.93",₱940.00
70756,002-000032475,21/01/2026,20:33:49,4,Dine In,Walk-in,"₱2,035.00",₱181.70,nan,₱0.00,"₱2,216.70","₱2,035.00"
70755,002-000032474,21/01/2026,11:57:27,6,Dine In,Walk-in,"₱2,600.00",₱232.14,nan,₱0.00,"₱2,832.14","₱2,600.00"
70753,002-000032473,21/01/2026,20:11:05,1,Dine In,Walk-in,"₱3,695.00",₱329.91,nan,₱0.00,"₱4,024.91","₱3,695.00"
70752,002-000032472,21/01/2026,19:02:12,3,Dine In,Walk-in,"₱1,230.00",₱109.82,nan,₱0.00,"₱1,339.82","₱1,230.00"
70750,002-000032471,21/01/2026,11:35:49,5,Dine In,Walk-in,"₱1,105.00",₱98.66,nan,₱0.00,"₱1,203.66","₱1,105.00"
70748,002-000032470,21/01/2026,12:27:55,1,Dine In,Walk-in,₱995.00,₱88.84,nan,₱0.00,"₱1,083.84",₱995.00
70744,002-000032469,21/01/2026,17:36:52,4,Dine In,Walk-in,"₱2,285.00",₱204.02,nan,₱0.00,"₱2,489.02","₱2,285.00"
70741,002-000032468,21/01/2026,20:45:17,5,Dine In,Walk-in,"₱2,065.00",₱184.37,nan,₱0.00,"₱2,249.37","₱2,065.00"
70737,002-000032467,21/01/2026,12:26:46,1,Dine In,Walk-in,"₱1,280.00",₱114.29,nan,₱0.00,"₱1,394.29","₱1,280.00"
70735,002-000032466,21/01/2026,19:45:12,5,Dine In,Walk-in,"₱1,365.00",₱121.87,nan,₱0.00,"₱1,486.87","₱1,365.00"
70733,002-000032465,21/01/2026,11:14:11,4,Dine In,Walk-in,"₱3,925.00",₱350.45,nan,₱0.00,"₱4,275.45","₱3,925.00"
70731,002-000032464,21/01/2026,19:17:34,2,Dine In,Walk-in,"₱1,935.00",₱172.77,nan,₱0.00,"₱2,107.77","₱1,935.00"
70727,002-000032463,21/01/2026,17:41:45,6,Dine In,Walk-in,₱925.00,₱82.59,nan,₱0.00,"₱1,007.59",₱925.00
70725,002-000032462,21/01/2026,18:01:56,1,Dine In,Walk-in,₱945.00,₱84.37,nan,₱0.00,"₱1,029.37",₱945.00
70722,002-000032461,21/01/2026,19:05:26,1,Dine In,Walk-in,₱415.00,₱37.05,nan,₱0.00,₱452.05,₱415.00
70718,002-000032460,21/01/2026,19:57:11,1,Dine In,Walk-in,"₱2,265.00",₱202.23,nan,₱0.00,"₱2,467.23","₱2,265.00"
70716,002-000032459,21/01/2026,11:07:50,5,Dine In,Walk-in,₱840.00,₱75.00,nan,₱0.00,₱915.00,₱840.00
70713,002-000032458,21/01/2026,18:00:49,2,Dine In,Walk-in,"₱1,715.00",₱153.12,nan,₱0.00,"₱1,868.12","₱1,715.00"
70700,002-000032457,20/01/2026,20:29:29,1,Dine In,Walk-in,"₱1,570.00",₱140.18,nan,₱0.00,"₱1,710.18","₱1,570.00"
70699,002-000032456,20/01/2026,20:28:30,6,Dine In,Walk-in,"₱2,273.00",₱202.95,nan,₱0.00,"₱2,475.95","₱2,273.00"
70697,002-000032455,20/01/2026,20:17:54,5,Dine In,Walk-in,"₱1,015.00",₱90.62,nan,₱0.00,"₱1,105.62","₱1,015.00"
70694,002-000032454,20/01/2026,18:22:22,3,Dine In,Walk-in,"₱1,675.00",₱149.55,nan,₱0.00,"₱1,824.55","₱1,675.00"
70690,002-000032453,20/01/2026,17:44:58,1,Dine In,Walk-in,"₱2,345.00",₱209.37,nan,₱0.00,"₱2,554.37","₱2,345.00"
70688,002-000032452,20/01/2026,20:24:37,1,Dine In,Walk-in,"₱1,400.00",₱125.00,Senior Citizen,₱280.00,"₱1,245.00","₱1,400.00"
70687,002-000032451,20/01/2026,17:50:24,3,Dine In,Walk-in,"₱1,495.00",₱133.48,nan,₱0.00,"₱1,628.48","₱1,495.00"
70685,002-000032450,20/01/2026,13:37:33,6,Dine In,Walk-in,₱810.00,₱72.32,nan,₱0.00,₱882.32,₱810.00
70683,002-000032449,20/01/2026,20:14:02,1,Dine In,Walk-in,₱309.00,₱27.59,nan,₱0.00,₱336.59,₱309.00
70682,002-000032448,20/01/2026,18:18:03,6,Dine In,Walk-in,₱655.00,₱58.48,nan,₱0.00,₱713.48,₱655.00
70680,002-000032447,20/01/2026,20:59:39,3,Dine In,Walk-in,"₱1,045.00",₱93.30,nan,₱0.00,"₱1,138.30","₱1,045.00"
70678,002-000032446,20/01/2026,18:24:55,3,Dine In,Walk-in,"₱1,088.00",₱97.14,nan,₱0.00,"₱1,185.14","₱1,088.00"
70674,002-000032445,20/01/2026,17:11:30,4,Dine In,Walk-in,"₱2,035.00",₱181.70,nan,₱0.00,"₱2,216.70","₱2,035.00"
70673,002-000032444,20/01/2026,20:36:31,1,Dine In,Walk-in,₱960.00,₱85.71,nan,₱0.00,"₱1,045.71",₱960.00
70669,002-000032443,19/01/2026,18:36:18,6,Dine In,Walk-in,"₱1,605.00",₱143.30,nan,₱0.00,"₱1,748.30","₱1,605.00"
70667,002-000032442,19/01/2026,13:17:24,2,Dine In,Walk-in,"₱2,380.00",₱212.50,nan,₱0.00,"₱2,592.50","₱2,380.00"
70666,002-000032441,19/01/2026,20:44:19,3,Dine In,Walk-in,"₱2,560.00",₱228.57,nan,₱0.00,"₱2,788.57","₱2,560.00"
70662,002-000032440,19/01/2026,18:21:58,3,Dine In,Walk-in,"₱1,985.00",₱177.23,Senior Citizen,₱397.00,"₱1,765.23","₱1,985.00"
70659,002-000032439,19/01/2026,12:47:18,6,Dine In,Walk-in,"₱1,480.00",₱132.14,nan,₱0.00,"₱1,612.14","₱1,480.00"
70655,002-000032438,19/01/2026,13:53:11,1,Delivery,FoodPanda,₱540.00,₱48.21,nan,₱0.00,₱588.21,₱540.00
70651,002-000032437,19/01/2026,17:36:33,6,Dine In,Walk-in,"₱1,843.00",₱164.55,nan,₱0.00,"₱2,007.55","₱1,843.00"
70649,002-000032436,19/01/2026,19:40:00,1,Dine In,Walk-in,"₱1,770.00",₱158.04,nan,₱0.00,"₱1,928.04","₱1,770.00"
70646,002-000032435,19/01/2026,13:32:27,5,Dine In,Walk-in,"₱2,455.00",₱219.20,nan,₱0.00,"₱2,674.20","₱2,455.00"
70642,002-000032434,19/01/2026,18:09:50,6,Dine In,Walk-in,"₱1,040.00",₱92.86,nan,₱0.00,"₱1,132.86","₱1,040.00"
70640,002-000032433,19/01/2026,20:33:45,3,Dine In,Walk-in,"₱1,000.00",₱89.29,nan,₱0.00,"₱1,089.29","₱1,000.00"
70638,002-000032432,19/01/2026,17:08:47,2,Dine In,Walk-in,"₱2,045.00",₱182.59,nan,₱0.00,"₱2,227.59","₱2,045.00"
70634,002-000032431,19/01/2026,18:50:18,6,Dine In,Walk-in,"₱1,180.00",₱105.36,PWD,₱236.00,"₱1,049.36","₱1,180.00"
70533,002-000032391,15/01/2026,20:43:25,3,Take Out,Walk-in,"₱1,305.00",₱116.52,nan,₱0.00,"₱1,421.52","₱1,305.00"
70531,002-000032390,15/01/2026,20:40:58,1,Dine In,Walk-in,₱658.00,₱58.75,nan,₱0.00,₱716.75,₱658.00
70530,002-000032389,14/01/2026,20:16:13,6,Dine In,Walk-in,"₱7,250.00",₱647.32,nan,₱0.00,"₱7,897.32","₱7,250.00"
70528,002-000032388,14/01/2026,17:18:32,2,Dine In,Walk-in,₱640.00,₱57.14,nan,₱0.00,₱697.14,₱640.00
70524,002-000032387,14/01/2026,20:22:25,5,Dine In,Walk-in,"₱1,630.00",₱145.54,nan,₱0.00,"₱1,775.54","₱1,630.00"
70522,002-000032386,14/01/2026,18:55:25,4,Dine In,Walk-in,"₱2,990.00",₱266.96,nan,₱0.00,"₱3,256.96","₱2,990.00"
70518,002-000032385,14/01/2026,18:51:00,6,Dine In,Walk-in,"₱1,310.00",₱116.96,nan,₱0.00,"₱1,426.96","₱1,310.00"
70516,002-000032384,14/01/2026,17:29:45,6,Dine In,Walk-in,"₱1,345.00",₱120.09,nan,₱0.00,"₱1,465.09","₱1,345.00"
70514,002-000032383,14/01/2026,19:25:24,3,Dine In,Walk-in,"₱1,330.00",₱118.75,nan,₱0.00,"₱1,448.75","₱1,330.00"
70512,002-000032382,14/01/2026,18:01:02,1,Dine In,Walk-in,"₱1,215.00",₱108.48,PWD,₱243.00,"₱1,080.48","₱1,215.00"
70510,002-000032381,14/01/2026,19:16:54,3,Dine In,Walk-in,"₱1,220.00",₱108.93,nan,₱0.00,"₱1,328.93","₱1,220.00"
70508,002-000032380,14/01/2026,20:25:46,5,Dine In,Walk-in,"₱2,140.00",₱191.07,nan,₱0.00,"₱2,331.07","₱2,140.00"
70506,002-000032379,14/01/2026,11:48:30,1,Dine In,Walk-in,"₱1,510.00",₱134.82,nan,₱0.00,"₱1,644.82","₱1,510.00"
70504,002-000032378,14/01/2026,12:31:41,6,Dine In,Walk-in,"₱1,965.00",₱175.45,nan,₱0.00,"₱2,140.45","₱1,965.00"
70500,002-000032377,14/01/2026,20:10:46,4,Dine In,Walk-in,"₱1,704.00",₱152.14,nan,₱0.00,"₱1,856.14","₱1,704.00"
70498,002-000032376,14/01/2026,12:44:23,4,Dine In,Walk-in,"₱2,880.00",₱257.14,nan,₱0.00,"₱3,137.14","₱2,880.00"
70495,002-000032375,13/01/2026,12:55:21,1,Dine In,Walk-in,"₱1,334.00",₱119.11,nan,₱0.00,"₱1,453.11","₱1,334.00"
70492,002-000032374,13/01/2026,17:13:35,3,Dine In,Walk-in,"₱2,210.00",₱197.32,nan,₱0.00,"₱2,407.32","₱2,210.00"
70491,002-000032373,13/01/2026,12:48:46,2,Dine In,Walk-in,₱650.00,₱58.04,nan,₱0.00,₱708.04,₱650.00
70489,002-000032372,13/01/2026,13:23:42,4,Dine In,Walk-in,"₱2,995.00",₱267.41,nan,₱0.00,"₱3,262.41","₱2,995.00"
70485,002-000032371,13/01/2026,20:26:02,5,Dine In,Walk-in,"₱1,100.00",₱98.21,nan,₱0.00,"₱1,198.21","₱1,100.00"
70483,002-000032370,13/01/2026,18:01:05,2,Dine In,Walk-in,"₱1,000.00",₱89.29,nan,₱0.00,"₱1,089.29","₱1,000.00"
70479,002-000032369,13/01/2026,12:54:09,2,Dine In,Walk-in,"₱1,404.00",₱125.36,nan,₱0.00,"₱1,529.36","₱1,404.00"
70477,002-000032368,13/01/2026,19:05:22,4,Dine In,Walk-in,₱790.00,₱70.54,nan,₱0.00,₱860.54,₱790.00
70475,002-000032367,13/01/2026,19:29:46,5,Dine In,Walk-in,"₱2,630.00",₱234.82,nan,₱0.00,"₱2,864.82","₱2,630.00"
70472,002-000032366,13/01/2026,12:38:45,4,Take Out,Walk-in,"₱1,320.00",₱117.86,Senior Citizen,₱264.00,"₱1,173.86","₱1,320.00"
70470,002-000032365,13/01/2026,20:45:31,2,Dine In,Walk-in,₱905.00,₱80.80,nan,₱0.00,₱985.80,₱905.00
70468,002-000032364,13/01/2026,13:15:40,2,Dine In,Walk-in,₱690.00,₱61.61,nan,₱0.00,₱751.61,₱690.00
70466,002-000032363,13/01/2026,18:45:44,1,Dine In,Walk-in,"₱2,530.00",₱225.89,nan,₱0.00,"₱2,755.89","₱2,530.00"
70462,002-000032362,13/01/2026,13:36:53,4,Dine In,Walk-in,"₱1,885.00",₱168.30,nan,₱0.00,"₱2,053.30","₱1,885.00"
70460,002-000032361,13/01/2026,20:52:21,5,Dine In,Walk-in,"₱1,900.00",₱169.64,PWD,₱380.00,"₱1,689.64","₱1,900.00"
70458,002-000032360,13/01/2026,19:29:49,4,Dine In,Walk-in,₱480.00,₱42.86,nan,₱0.00,₱522.86,₱480.00
70457,002-000032359,12/01/2026,17:37:48,1,Take Out,Walk-in,₱540.00,₱48.21,nan,₱0.00,₱588.21,₱540.00
70454,002-000032358,12/01/2026,18:56:26,2,Take Out,Walk-in,"₱1,120.00",₱100.00,nan,₱0.00,"₱1,220.00","₱1,120.00"
70450,002-000032357,12/01/2026,20:23:00,3,Take Out,Walk-in,"₱1,680.00",₱150.00,nan,₱0.00,"₱1,830.00","₱1,680.00"
70449,002-000032356,12/01/2026,12:55:54,4,Dine In,Walk-in,"₱1,915.00",₱170.98,PWD,₱383.00,"₱1,702.98","₱1,915.00"
70448,002-000032355,12/01/2026,18:16:26,2,Take Out,Walk-in,"₱1,755.00",₱156.70,nan,₱0.00,"₱1,911.70","₱1,755.00"
70447,002-000032354,12/01/2026,11:43:53,2,Dine In,Walk-in,"₱1,678.00",₱149.82,nan,₱0.00,"₱1,827.82","₱1,678.00"
70445,002-000032353,12/01/2026,18:38:34,5,Dine In,Walk-in,₱970.00,₱86.61,nan,₱0.00,"₱1,056.61",₱970.00
70444,002-000032352,12/01/2026,12:26:25,5,Dine In,Walk-in,"₱3,310.00",₱295.54,nan,₱0.00,"₱3,605.54","₱3,310.00"
70443,002-000032351,12/01/2026,17:44:28,2,Dine In,Walk-in,₱885.00,₱79.02,Senior Citizen,₱177.00,₱787.02,₱885.00
70439,002-000032350,12/01/2026,18:42:17,6,Dine In,Walk-in,"₱2,280.00",₱203.57,nan,₱0.00,"₱2,483.57","₱2,280.00"
70437,002-000032349,12/01/2026,12:16:05,1,Dine In,Walk-in,"₱1,575.00",₱140.62,nan,₱0.00,"₱1,715.62","₱1,575.00"
70433,002-000032348,12/01/2026,19:09:05,5,Dine In,Walk-in,"₱1,885.00",₱168.30,nan,₱0.00,"₱2,053.30","₱1,885.00"
70431,002-000032347,12/01/2026,12:49:28,6,Dine In,Walk-in,"₱2,210.00",₱197.32,nan,₱0.00,"₱2,407.32","₱2,210.00"
70428,002-000032346,12/01/2026,17:46:27,4,Dine In,Walk-in,"₱2,730.00",₱243.75,nan,₱0.00,"₱2,973.75","₱2,730.00"
70425,002-000032345,12/01/2026,17:32:39,1,Dine In,Walk-in,"₱2,490.00",₱222.32,nan,₱0.00,"₱2,712.32","₱2,490.00"
70423,002-000032344,12/01/2026,19:39:33,5,Dine In,Walk-in,"₱1,745.00",₱155.80,nan,₱0.00,"₱1,900.80","₱1,745.00"
70419,002-000032343,12/01/2026,19:57:18,5,Dine In,Walk-in,"₱1,630.00",₱145.54,nan,₱0.00,"₱1,775.54","₱1,630.00"
70418,002-000032342,11/01/2026,19:35:48,1,Dine In,Walk-in,"₱2,400.00",₱214.29,nan,₱0.00,"₱2,614.29","₱2,400.00"
70414,002-000032341,11/01/2026,11:55:07,6,Dine In,Walk-in,₱850.00,₱75.89,nan,₱0.00,₱925.89,₱850.00
70412,002-000032340,11/01/2026,12:54:37,4,Dine In,Walk-in,₱690.00,₱61.61,nan,₱0.00,₱751.61,₱690.00
70410,002-000032339,11/01/2026,18:57:54,4,Dine In,Walk-in,"₱1,425.00",₱127.23,nan,₱0.00,"₱1,552.23","₱1,425.00"
70409,002-000032338,11/01/2026,17:03:16,2,Dine In,Walk-in,"₱1,105.00",₱98.66,nan,₱0.00,"₱1,203.66","₱1,105.00"
70407,002-000032329,10/01/2026,13:50:17,6,Dine In,Walk-in,₱440.00,₱39.29,nan,₱0.00,₱479.29,₱440.00
70406,002-000032337,11/01/2026,20:18:03,3,Dine In,Walk-in,"₱3,030.00",₱270.54,nan,₱0.00,"₱3,300.54","₱3,030.00"
70404,002-000032336,11/01/2026,19:15:26,2,Dine In,Walk-in,"₱2,245.00",₱200.45,nan,₱0.00,"₱2,445.45","₱2,245.00"
70403,002-000032335,11/01/2026,13:22:48,5,Dine In,Walk-in,"₱2,490.00",₱222.32,nan,₱0.00,"₱2,712.32","₱2,490.00"
70403,002-000032328,10/01/2026,20:28:26,6,Dine In,Walk-in,"₱1,085.00",₱96.87,nan,₱0.00,"₱1,181.87","₱1,085.00"
70401,002-000032327,10/01/2026,12:12:56,6,Dine In,Walk-in,"₱1,705.00",₱152.23,nan,₱0.00,"₱1,857.23","₱1,705.00"
70399,002-000032334,11/01/2026,19:31:00,4,Dine In,Walk-in,"₱3,530.00",₱315.18,Senior Citizen,₱706.00,"₱3,139.18","₱3,530.00"
70397,002-000032333,11/01/2026,20:24:12,3,Dine In,Walk-in,₱970.00,₱86.61,nan,₱0.00,"₱1,056.61",₱970.00
70397,002-000032326,10/01/2026,13:54:59,2,Dine In,Walk-in,"₱1,140.00",₱101.79,nan,₱0.00,"₱1,241.79","₱1,140.00"
70396,002-000032325,10/01/2026,19:37:14,3,Dine In,Walk-in,"₱1,215.00",₱108.48,nan,₱0.00,"₱1,323.48","₱1,215.00"
70395,002-000032332,11/01/2026,17:09:11,6,Dine In,Walk-in,₱530.00,₱47.32,nan,₱0.00,₱577.32,₱530.00
70395,002-000032324,10/01/2026,11:06:33,1,Dine In,Walk-in,"₱3,970.00",₱354.46,Senior Citizen,₱794.00,"₱3,530.46","₱3,970.00"
70394,002-000032331,11/01/2026,19:07:41,3,Dine In,Walk-in,"₱3,128.00",₱279.29,PWD,₱625.60,"₱2,781.69","₱3,128.00"
70392,002-000032330,11/01/2026,11:00:23,5,Dine In,Walk-in,"₱3,050.00",₱272.32,nan,₱0.00,"₱3,322.32","₱3,050.00"
70391,002-000032323,10/01/2026,13:42:25,5,Dine In,Walk-in,₱375.00,₱33.48,nan,₱0.00,₱408.48,₱375.00
70390,002-000032322,10/01/2026,13:48:50,5,Dine In,Walk-in,"₱1,895.00",₱169.20,nan,₱0.00,"₱2,064.20","₱1,895.00"
70387,002-000032321,10/01/2026,17:53:57,4,Dine In,Walk-in,"₱2,039.00",₱182.05,nan,₱0.00,"₱2,221.05","₱2,039.00"
70385,002-000032320,10/01/2026,13:15:36,2,Dine In,Walk-in,"₱1,530.00",₱136.61,nan,₱0.00,"₱1,666.61","₱1,530.00"
70381,002-000032319,10/01/2026,19:51:48,5,Dine In,Walk-in,₱905.00,₱80.80,Employee Discount,₱90.50,₱895.30,₱905.00
70377,002-000032318,10/01/2026,20:36:23,2,Take Out,Walk-in,₱780.00,₱69.64,nan,₱0.00,₱849.64,₱780.00
70375,002-000032317,10/01/2026,20:23:17,1,Dine In,Walk-in,"₱1,490.00",₱133.04,nan,₱0.00,"₱1,623.04","₱1,490.00"
70373,002-000032316,10/01/2026,12:59:33,6,Dine In,Walk-in,"₱1,435.00",₱128.12,nan,₱0.00,"₱1,563.12","₱1,435.00"
70369,002-000032315,10/01/2026,20:18:52,3,Dine In,Walk-in,₱445.00,₱39.73,nan,₱0.00,₱484.73,₱445.00
70365,002-000032314,10/01/2026,19:25:39,1,Dine In,Walk-in,"₱3,005.00",₱268.30,nan,₱0.00,"₱3,273.30","₱3,005.00"
70361,002-000032313,10/01/2026,12:07:27,1,Dine In,Walk-in,"₱1,840.00",₱164.29,nan,₱0.00,"₱2,004.29","₱1,840.00"
70360,002-000032312,10/01/2026,12:39:06,1,Dine In,Walk-in,₱975.00,₱87.05,nan,₱0.00,"₱1,062.05",₱975.00
70359,002-000032311,10/01/2026,18:42:05,4,Dine In,Walk-in,"₱1,275.00",₱113.84,nan,₱0.00,"₱1,388.84","₱1,275.00"
70357,002-000032310,09/01/2026,20:24:45,1,Dine In,Walk-in,"₱2,035.00",₱181.70,nan,₱0.00,"₱2,216.70","₱2,035.00"
70354,002-000032309,09/01/2026,13:25:04,3,Dine In,Walk-in,"₱4,795.00",₱428.12,nan,₱0.00,"₱5,223.12","₱4,795.00"
70352,002-000032308,09/01/2026,17:05:47,6,Dine In,Walk-in,"₱1,610.00",₱143.75,nan,₱0.00,"₱1,753.75","₱1,610.00"
70349,002-000032307,09/01/2026,18:34:03,3,Dine In,Walk-in,"₱1,785.00",₱159.37,nan,₱0.00,"₱1,944.37","₱1,785.00"
70345,002-000032306,09/01/2026,12:57:00,6,Dine In,Walk-in,"₱1,235.00",₱110.27,nan,₱0.00,"₱1,345.27","₱1,235.00"
70344,002-000032305,09/01/2026,19:35:49,3,Dine In,Walk-in,₱305.00,₱27.23,nan,₱0.00,₱332.23,₱305.00
70341,002-000032304,09/01/2026,12:37:15,3,Delivery,FoodPanda,"₱1,070.00",₱95.54,nan,₱0.00,"₱1,165.54","₱1,070.00"
70340,002-000032303,09/01/2026,12:49:58,6,Dine In,Walk-in,"₱1,345.00",₱120.09,nan,₱0.00,"₱1,465.09","₱1,345.00"
70338,002-000032302,09/01/2026,12:40:24,6,Dine In,Walk-in,"₱2,455.00",₱219.20,nan,₱0.00,"₱2,674.20","₱2,455.00"
70337,002-000032301,09/01/2026,13:54:00,6,Dine In,Walk-in,"₱2,120.00",₱189.29,nan,₱0.00,"₱2,309.29","₱2,120.00"
70334,002-000032300,09/01/2026,12:31:48,6,Dine In,Walk-in,"₱2,485.00",₱221.87,nan,₱0.00,"₱2,706.87","₱2,485.00"
70333,002-000032299,09/01/2026,13:01:41,5,Dine In,Walk-in,"₱2,925.00",₱261.16,Employee Discount,₱585.00,"₱2,601.16","₱2,925.00"
70332,002-000032298,09/01/2026,18:23:51,6,Dine In,Walk-in,"₱2,555.00",₱228.12,nan,₱0.00,"₱2,783.12","₱2,555.00"
70331,002-000032297,09/01/2026,13:45:28,1,Dine In,Walk-in,"₱1,820.00",₱162.50,PWD,₱364.00,"₱1,618.50","₱1,820.00"
70329,002-000032296,09/01/2026,11:19:13,1,Dine In,Walk-in,"₱6,400.00",₱571.43,nan,₱0.00,"₱6,971.43","₱6,400.00"
70327,002-000032295,09/01/2026,19:53:38,2,Dine In,Walk-in,"₱2,268.00",₱202.50,Senior Citizen,₱226.80,"₱2,243.70","₱2,268.00"
70325,002-000032294,09/01/2026,17:47:08,3,Dine In,Walk-in,₱474.00,₱42.32,nan,₱0.00,₱516.32,₱474.00
70323,002-000032293,09/01/2026,13:04:48,5,Dine In,Walk-in,₱450.00,₱40.18,nan,₱0.00,₱490.18,₱450.00
70322,002-000032292,09/01/2026,12:15:32,2,Dine In,Walk-in,"₱1,870.00",₱166.96,nan,₱0.00,"₱2,036.96","₱1,870.00"
70320,002-000032291,09/01/2026,18:52:08,6,Dine In,Walk-in,"₱1,665.00",₱148.66,nan,₱0.00,"₱1,813.66","₱1,665.00"
70318,002-000032290,08/01/2026,11:03:39,6,Dine In,Walk-in,"₱2,870.00",₱256.25,nan,₱0.00,"₱3,126.25","₱2,870.00"
70314,002-000032289,08/01/2026,19:25:03,3,Dine In,Walk-in,₱465.00,₱41.52,nan,₱0.00,₱506.52,₱465.00
70313,002-000032288,08/01/2026,18:25:38,3,Dine In,Walk-in,"₱3,310.00",₱295.54,Senior Citizen,₱662.00,"₱2,943.54","₱3,310.00"
70310,002-000032287,08/01/2026,20:02:24,6,Dine In,Walk-in,₱815.00,₱72.77,nan,₱0.00,₱887.77,₱815.00
70306,002-000032286,08/01/2026,17:00:06,6,Dine In,Walk-in,"₱1,240.00",₱110.71,nan,₱0.00,"₱1,350.71","₱1,240.00"
70305,002-000032285,08/01/2026,18:04:24,2,Dine In,Walk-in,"₱1,790.00",₱159.82,nan,₱0.00,"₱1,949.82","₱1,790.00"
70301,002-000032284,08/01/2026,13:30:06,3,Delivery,FoodPanda,₱705.00,₱62.95,nan,₱0.00,₱767.95,₱705.00
70300,002-000032283,08/01/2026,11:47:47,3,Dine In,Walk-in,"₱2,310.00",₱206.25,nan,₱0.00,"₱2,516.25","₱2,310.00"
70298,002-000032282,08/01/2026,12:06:32,5,Dine In,Walk-in,"₱1,200.00",₱107.14,nan,₱0.00,"₱1,307.14","₱1,200.00"
70297,002-000032281,08/01/2026,17:29:27,3,Dine In,Walk-in,₱585.00,₱52.23,nan,₱0.00,₱637.23,₱585.00
70296,002-000032280,08/01/2026,12:07:13,2,Dine In,Walk-in,"₱1,465.00",₱130.80,nan,₱0.00,"₱1,595.80","₱1,465.00"
70295,002-000032279,08/01/2026,20:12:51,6,Dine In,Walk-in,₱650.00,₱58.04,nan,₱0.00,₱708.04,₱650.00
70291,002-000032278,08/01/2026,19:43:51,4,Take Out,Walk-in,"₱1,200.00",₱107.14,nan,₱0.00,"₱1,307.14","₱1,200.00"
70290,002-000032277,08/01/2026,12:08:46,2,Dine In,Walk-in,"₱1,910.00",₱170.54,nan,₱0.00,"₱2,080.54","₱1,910.00"
70289,002-000032276,07/01/2026,20:34:39,2,Dine In,Walk-in,"₱1,560.00",₱139.29,nan,₱0.00,"₱1,699.29","₱1,560.00"
70285,002-000032275,07/01/2026,19:37:07,4,Dine In,Walk-in,"₱2,560.00",₱228.57,nan,₱0.00,"₱2,788.57","₱2,560.00"
70284,002-000032274,07/01/2026,19:49:01,2,Dine In,Walk-in,"₱1,300.00",₱116.07,nan,₱0.00,"₱1,416.07","₱1,300.00"
70282,002-000032273,07/01/2026,19:10:04,1,Dine In,Walk-in,"₱1,845.00",₱164.73,nan,₱0.00,"₱2,009.73","₱1,845.00"
70279,002-000032272,07/01/2026,12:26:34,4,Dine In,Walk-in,"₱1,420.00",₱126.79,Senior Citizen,₱142.00,"₱1,404.79","₱1,420.00"
70275,002-000032271,07/01/2026,13:53:46,5,Dine In,Walk-in,"₱1,115.00",₱99.55,nan,₱0.00,"₱1,214.55","₱1,115.00"
70271,002-000032270,07/01/2026,20:02:11,4,Dine In,Walk-in,"₱4,085.00",₱364.73,nan,₱0.00,"₱4,449.73","₱4,085.00"
70270,002-000032269,07/01/2026,17:05:19,2,Dine In,Walk-in,"₱2,165.00",₱193.30,nan,₱0.00,"₱2,358.30","₱2,165.00"
70269,002-000032268,07/01/2026,12:05:26,6,Dine In,Walk-in,"₱1,590.00",₱141.96,nan,₱0.00,"₱1,731.96","₱1,590.00"
70266,002-000032267,07/01/2026,20:30:16,2,Dine In,Walk-in,"₱1,100.00",₱98.21,nan,₱0.00,"₱1,198.21","₱1,100.00"
70265,002-000032266,07/01/2026,17:12:01,4,Dine In,Walk-in,"₱1,185.00",₱105.80,nan,₱0.00,"₱1,290.80","₱1,185.00"
70264,002-000032265,07/01/2026,13:55:38,1,Dine In,Walk-in,"₱2,650.00",₱236.61,nan,₱0.00,"₱2,886.61","₱2,650.00"
70263,002-000032264,07/01/2026,20:10:07,3,Dine In,Walk-in,"₱4,455.00",₱397.77,nan,₱0.00,"₱4,852.77","₱4,455.00"
70262,002-000032263,07/01/2026,17:51:51,6,Dine In,Walk-in,"₱1,900.00",₱169.64,nan,₱0.00,"₱2,069.64","₱1,900.00"
70261,002-000032262,07/01/2026,13:19:09,1,Dine In,Walk-in,"₱1,015.00",₱90.62,nan,₱0.00,"₱1,105.62","₱1,015.00"
70259,002-000032261,06/01/2026,20:34:05,4,Dine In,Walk-in,₱195.00,₱17.41,nan,₱0.00,₱212.41,₱195.00
70256,002-000032260,06/01/2026,11:38:04,5,Dine In,Walk-in,₱930.00,₱83.04,nan,₱0.00,"₱1,013.04",₱930.00
70253,002-000032259,06/01/2026,19:30:57,1,Dine In,Walk-in,"₱2,385.00",₱212.95,nan,₱0.00,"₱2,597.95","₱2,385.00"
70251,002-000032258,06/01/2026,19:19:20,1,Dine In,Walk-in,"₱1,330.00",₱118.75,nan,₱0.00,"₱1,448.75","₱1,330.00"
70248,002-000032257,06/01/2026,19:44:33,6,Take Out,Walk-in,"₱1,085.00",₱96.87,nan,₱0.00,"₱1,181.87","₱1,085.00"
70246,002-000032256,06/01/2026,17:28:15,3,Take Out,Walk-in,₱510.00,₱45.54,nan,₱0.00,₱555.54,₱510.00
70245,002-000032255,06/01/2026,12:59:46,5,Dine In,Walk-in,₱850.00,₱75.89,nan,₱0.00,₱925.89,₱850.00
70243,002-000032254,06/01/2026,18:05:26,4,Dine In,Walk-in,"₱1,145.00",₱102.23,nan,₱0.00,"₱1,247.23","₱1,145.00"
70240,002-000032253,06/01/2026,13:23:39,5,Dine In,Walk-in,₱830.00,₱74.11,nan,₱0.00,₱904.11,₱830.00
70239,002-000032252,06/01/2026,12:28:16,2,Dine In,Walk-in,"₱2,300.00",₱205.36,nan,₱0.00,"₱2,505.36","₱2,300.00"
70238,002-000032251,06/01/2026,19:24:07,4,Dine In,Walk-in,"₱1,979.00",₱176.70,nan,₱0.00,"₱2,155.70","₱1,979.00"
70237,002-000032250,06/01/2026,12:15:45,1,Dine In,Walk-in,"₱2,205.00",₱196.87,nan,₱0.00,"₱2,401.87","₱2,205.00"
70234,002-000032249,06/01/2026,19:25:26,4,Dine In,Walk-in,₱990.00,₱88.39,nan,₱0.00,"₱1,078.39",₱990.00
70231,002-000032248,06/01/2026,20:14:32,3,Take Out,Walk-in,₱345.00,₱30.80,nan,₱0.00,₱375.80,₱345.00
70229,002-000032247,06/01/2026,19:18:31,2,Dine In,Walk-in,"₱1,105.00",₱98.66,nan,₱0.00,"₱1,203.66","₱1,105.00"
70225,002-000032246,06/01/2026,12:39:00,6,Dine In,Walk-in,"₱1,220.00",₱108.93,nan,₱0.00,"₱1,328.93","₱1,220.00"
70221,002-000032245,06/01/2026,20:59:49,5,Dine In,Walk-in,"₱2,160.00",₱192.86,Employee Discount,₱432.00,"₱1,920.86","₱2,160.00"
70218,002-000032244,05/01/2026,11:02:40,6,Dine In,Walk-in,"₱2,535.00",₱226.34,nan,₱0.00,"₱2,761.34","₱2,535.00"
70215,002-000032243,05/01/2026,12:28:48,4,Dine In,Walk-in,"₱2,145.00",₱191.52,nan,₱0.00,"₱2,336.52","₱2,145.00"
70213,002-000032242,05/01/2026,19:26:19,3,Dine In,Walk-in,₱888.00,₱79.29,nan,₱0.00,₱967.29,₱888.00
70210,002-000032241,05/01/2026,17:22:07,2,Dine In,Walk-in,"₱1,900.00",₱169.64,nan,₱0.00,"₱2,069.64","₱1,900.00"
70207,002-000032240,05/01/2026,11:38:59,3,Dine In,Walk-in,"₱1,395.00",₱124.55,nan,₱0.00,"₱1,519.55","₱1,395.00"
70205,002-000032239,05/01/2026,12:09:22,5,Dine In,Walk-in,"₱2,005.00",₱179.02,nan,₱0.00,"₱2,184.02","₱2,005.00"
70202,002-000032238,05/01/2026,11:52:05,4,Dine In,Walk-in,"₱2,535.00",₱226.34,nan,₱0.00,"₱2,761.34","₱2,535.00"
70201,002-000032237,05/01/2026,13:47:36,1,Dine In,Walk-in,"₱2,220.00",₱198.21,nan,₱0.00,"₱2,418.21","₱2,220.00"
70199,002-000032236,05/01/2026,18:30:04,4,Dine In,Walk-in,"₱2,585.00",₱230.80,nan,₱0.00,"₱2,815.80","₱2,585.00"
70198,002-000032235,05/01/2026,11:38:46,3,Dine In,Walk-in,"₱1,415.00",₱126.34,nan,₱0.00,"₱1,541.34","₱1,415.00"
70197,002-000032234,05/01/2026,13:49:49,5,Dine In,Walk-in,"₱2,155.00",₱192.41,nan,₱0.00,"₱2,347.41","₱2,155.00"
70195,002-000032233,05/01/2026,20:28:58,2,Dine In,Walk-in,"₱1,110.00",₱99.11,nan,₱0.00,"₱1,209.11","₱1,110.00"
70193,002-000032232,05/01/2026,11:25:16,3,Dine In,Walk-in,"₱1,835.00",₱163.84,nan,₱0.00,"₱1,998.84","₱1,835.00"
70192,002-000032231,05/01/2026,13:17:36,3,Dine In,Walk-in,₱590.00,₱52.68,nan,₱0.00,₱642.68,₱590.00
70191,002-000032230,05/01/2026,17:45:28,4,Dine In,Walk-in,"₱1,995.00",₱178.12,nan,₱0.00,"₱2,173.12","₱1,995.00"
70190,002-000032229,04/01/2026,20:10:15,4,Dine In,Walk-in,"₱2,110.00",₱188.39,nan,₱0.00,"₱2,298.39","₱2,110.00"
70189,002-000032228,04/01/2026,12:00:51,4,Dine In,Walk-in,"₱2,020.00",₱180.36,nan,₱0.00,"₱2,200.36","₱2,020.00"
70188,002-000032227,04/01/2026,11:52:14,1,Dine In,Walk-in,"₱1,520.00",₱135.71,nan,₱0.00,"₱1,655.71","₱1,520.00"
70185,002-000032226,04/01/2026,12:47:04,3,Dine In,Walk-in,"₱1,075.00",₱95.98,nan,₱0.00,"₱1,170.98","₱1,075.00"
70184,002-000032225,04/01/2026,17:12:20,5,Dine In,Walk-in,₱950.00,₱84.82,Employee Discount,₱190.00,₱844.82,₱950.00
70182,002-000032224,04/01/2026,17:56:07,3,Dine In,Walk-in,"₱1,996.00",₱178.21,nan,₱0.00,"₱2,174.21","₱1,996.00"
70181,002-000032223,04/01/2026,12:41:59,2,Dine In,Walk-in,"₱2,965.00",₱264.73,nan,₱0.00,"₱3,229.73","₱2,965.00"
70179,002-000032222,04/01/2026,17:03:45,2,Dine In,Walk-in,₱900.00,₱80.36,nan,₱0.00,₱980.36,₱900.00
70176,002-000032221,04/01/2026,17:26:58,2,Dine In,Walk-in,"₱1,315.00",₱117.41,Employee Discount,₱263.00,"₱1,169.41","₱1,315.00"
70175,002-000032220,04/01/2026,12:31:12,1,Dine In,Walk-in,"₱2,965.00",₱264.73,nan,₱0.00,"₱3,229.73","₱2,965.00"
70172,002-000032219,04/01/2026,13:14:42,1,Dine In,Walk-in,"₱1,700.00",₱151.79,nan,₱0.00,"₱1,851.79","₱1,700.00"
70170,002-000032218,04/01/2026,17:33:15,2,Dine In,Walk-in,"₱1,345.00",₱120.09,nan,₱0.00,"₱1,465.09","₱1,345.00"
70167,002-000032217,04/01/2026,11:04:19,1,Dine In,Walk-in,"₱2,290.00",₱204.46,nan,₱0.00,"₱2,494.46","₱2,290.00"
70164,002-000032216,04/01/2026,19:41:54,6,Dine In,Walk-in,"₱2,360.00",₱210.71,nan,₱0.00,"₱2,570.71","₱2,360.00"
70163,002-000032215,04/01/2026,11:27:45,2,Dine In,Walk-in,"₱2,415.00",₱215.62,nan,₱0.00,"₱2,630.62","₱2,415.00"
70162,002-000032214,04/01/2026,17:17:36,1,Dine In,Walk-in,"₱2,520.00",₱225.00,nan,₱0.00,"₱2,745.00","₱2,520.00"
70160,002-000032213,04/01/2026,12:23:16,3,Dine In,Walk-in,"₱1,830.00",₱163.39,nan,₱0.00,"₱1,993.39","₱1,830.00"
70159,002-000032212,04/01/2026,11:13:32,2,Dine In,Walk-in,"₱1,534.00",₱136.96,nan,₱0.00,"₱1,670.96","₱1,534.00"
70156,002-000032211,04/01/2026,12:30:26,2,Dine In,Walk-in,"₱2,015.00",₱179.91,nan,₱0.00,"₱2,194.91","₱2,015.00"
70153,002-000032210,04/01/2026,18:35:13,4,Dine In,Walk-in,"₱1,015.00",₱90.62,nan,₱0.00,"₱1,105.62","₱1,015.00"
70150,002-000032209,04/01/2026,20:42:18,1,Dine In,Walk-in,"₱2,188.00",₱195.36,nan,₱0.00,"₱2,383.36","₱2,188.00"
70149,002-000032208,04/01/2026,19:00:57,2,Dine In,Walk-in,"₱2,535.00",₱226.34,nan,₱0.00,"₱2,761.34","₱2,535.00"
70148,002-000032207,03/01/2026,17:19:46,4,Dine In,Walk-in,"₱1,890.00",₱168.75,Employee Discount,₱378.00,"₱1,680.75","₱1,890.00"
70145,002-000032206,03/01/2026,13:23:08,5,Dine In,Walk-in,"₱1,820.00",₱162.50,nan,₱0.00,"₱1,982.50","₱1,820.00"
70142,002-000032205,03/01/2026,13:05:59,2,Dine In,Walk-in,"₱2,500.00",₱223.21,Employee Discount,₱500.00,"₱2,223.21","₱2,500.00"
70139,002-000032204,03/01/2026,11:30:03,2,Dine In,Walk-in,"₱3,160.00",₱282.14,nan,₱0.00,"₱3,442.14","₱3,160.00"
70136,002-000032203,03/01/2026,19:41:12,5,Dine In,Walk-in,₱550.00,₱49.11,nan,₱0.00,₱599.11,₱550.00
70135,002-000032202,03/01/2026,18:04:47,6,Dine In,Walk-in,"₱2,450.00",₱218.75,Employee Discount,₱490.00,"₱2,178.75","₱2,450.00"
70134,002-000032201,03/01/2026,11:40:01,5,Dine In,Walk-in,"₱1,615.00",₱144.20,nan,₱0.00,"₱1,759.20","₱1,615.00"
70132,002-000032200,03/01/2026,20:53:45,1,Dine In,Walk-in,"₱1,225.00",₱109.37,nan,₱0.00,"₱1,334.37","₱1,225.00"
70131,002-000032199,03/01/2026,18:33:54,1,Dine In,Walk-in,"₱1,850.00",₱165.18,nan,₱0.00,"₱2,015.18","₱1,850.00"
70130,002-000032198,03/01/2026,11:16:52,1,Dine In,Walk-in,"₱1,300.00",₱116.07,nan,₱0.00,"₱1,416.07","₱1,300.00"
70127,002-000032197,03/01/2026,12:22:11,3,Dine In,Walk-in,"₱1,740.00",₱155.36,nan,₱0.00,"₱1,895.36","₱1,740.00"
70126,002-000032196,03/01/2026,12:17:28,2,Dine In,Walk-in,"₱1,840.00",₱164.29,nan,₱0.00,"₱2,004.29","₱1,840.00"
70124,002-000032195,03/01/2026,13:27:10,6,Dine In,Walk-in,₱820.00,₱73.21,nan,₱0.00,₱893.21,₱820.00
70121,002-000032194,03/01/2026,12:14:21,6,Dine In,Walk-in,"₱1,585.00",₱141.52,nan,₱0.00,"₱1,726.52","₱1,585.00"
70119,002-000032193,03/01/2026,12:59:28,4,Dine In,Walk-in,"₱1,140.00",₱101.79,nan,₱0.00,"₱1,241.79","₱1,140.00"
70116,002-000032192,03/01/2026,20:13:18,5,Dine In,Walk-in,"₱1,675.00",₱149.55,nan,₱0.00,"₱1,824.55","₱1,675.00"
70114,002-000032191,03/01/2026,11:33:45,2,Dine In,Walk-in,"₱1,195.00",₱106.70,nan,₱0.00,"₱1,301.70","₱1,195.00"
70111,002-000032190,03/01/2026,11:40:05,3,Dine In,Walk-in,"₱2,115.00",₱188.84,nan,₱0.00,"₱2,303.84","₱2,115.00"
70110,002-000032189,02/01/2026,20:27:54,2,Dine In,Walk-in,"₱1,545.00",₱137.95,Employee Discount,₱309.00,"₱1,373.95","₱1,545.00"
70108,002-000032188,02/01/2026,18:39:18,3,Dine In,Walk-in,₱430.00,₱38.39,nan,₱0.00,₱468.39,₱430.00
70106,002-000032187,02/01/2026,17:32:25,6,Dine In,Walk-in,"₱2,519.00",₱224.91,nan,₱0.00,"₱2,743.91","₱2,519.00"
70105,002-000032186,02/01/2026,19:23:09,6,Dine In,Walk-in,"₱1,350.00",₱120.54,nan,₱0.00,"₱1,470.54","₱1,350.00"
70102,002-000032185,02/01/2026,20:28:08,2,Dine In,Walk-in,"₱1,605.00",₱143.30,nan,₱0.00,"₱1,748.30","₱1,605.00"
70099,002-000032184,02/01/2026,18:32:38,3,Dine In,Walk-in,"₱2,190.00",₱195.54,nan,₱0.00,"₱2,385.54","₱2,190.00"
70097,002-000032183,02/01/2026,12:12:17,1,Dine In,Walk-in,"₱2,085.00",₱186.16,nan,₱0.00,"₱2,271.16","₱2,085.00"
70094,002-000032182,02/01/2026,17:39:46,2,Dine In,Walk-in,"₱1,915.00",₱170.98,nan,₱0.00,"₱2,085.98","₱1,915.00"
70093,002-000032181,02/01/2026,12:34:09,5,Dine In,Walk-in,"₱2,775.00",₱247.77,nan,₱0.00,"₱3,022.77","₱2,775.00"
70091,002-000032180,02/01/2026,17:53:08,5,Dine In,Walk-in,₱450.00,₱40.18,nan,₱0.00,₱490.18,₱450.00
70089,002-000032179,02/01/2026,12:27:55,6,Dine In,Walk-in,"₱1,475.00",₱131.70,nan,₱0.00,"₱1,606.70","₱1,475.00"
70086,002-000032178,02/01/2026,12:01:09,2,Dine In,Walk-in,"₱1,985.00",₱177.23,nan,₱0.00,"₱2,162.23","₱1,985.00"
70085,002-000032177,02/01/2026,20:40:21,4,Dine In,Walk-in,₱630.00,₱56.25,nan,₱0.00,₱686.25,₱630.00
70084,002-000032176,02/01/2026,19:22:51,4,Dine In,Walk-in,₱245.00,₱21.87,nan,₱0.00,₱266.87,₱245.00
70083,002-000032175,02/01/2026,20:59:46,4,Dine In,Walk-in,"₱1,495.00",₱133.48,nan,₱0.00,"₱1,628.48","₱1,495.00"
70081,002-000032174,02/01/2026,19:51:14,4,Dine In,Walk-in,"₱1,390.00",₱124.11,nan,₱0.00,"₱1,514.11","₱1,390.00"
70080,002-000032173,01/01/2026,19:55:05,3,Dine In,Walk-in,₱900.00,₱80.36,nan,₱0.00,₱980.36,₱900.00
70077,002-000032172,01/01/2026,12:06:47,1,Dine In,Walk-in,₱550.00,₱49.11,nan,₱0.00,₱599.11,₱550.00
70075,002-000032171,01/01/2026,11:55:13,1,Dine In,Walk-in,"₱2,115.00",₱188.84,nan,₱0.00,"₱2,303.84","₱2,115.00"
70072,002-000032170,01/01/2026,11:13:28,2,Dine In,Walk-in,"₱1,295.00",₱115.62,nan,₱0.00,"₱1,410.62","₱1,295.00"
70071,002-000032169,01/01/2026,13:39:36,5,Dine In,Walk-in,"₱2,440.00",₱217.86,nan,₱0.00,"₱2,657.86","₱2,440.00"
70069,002-000032168,01/01/2026,11:11:09,2,Dine In,Walk-in,"₱1,480.00",₱132.14,nan,₱0.00,"₱1,612.14","₱1,480.00"
70068,002-000032167,01/01/2026,17:25:35,2,Dine In,Walk-in,"₱1,105.00",₱98.66,nan,₱0.00,"₱1,203.66","₱1,105.00"
70067,002-000032166,01/01/2026,18:07:31,2,Dine In,Walk-in,"₱1,125.00",₱100.45,nan,₱0.00,"₱1,225.45","₱1,125.00"
70065,002-000032165,01/01/2026,11:53:05,4,Dine In,Walk-in,"₱1,855.00",₱165.62,nan,₱0.00,"₱2,020.62","₱1,855.00"
70062,002-000032164,01/01/2026,18:04:07,3,Dine In,Walk-in,"₱2,214.00",₱197.68,nan,₱0.00,"₱2,411.68","₱2,214.00"
70060,002-000032163,01/01/2026,17:49:20,5,Dine In,Walk-in,"₱1,610.00",₱143.75,nan,₱0.00,"₱1,753.75","₱1,610.00"
70057,002-000032162,01/01/2026,18:07:36,2,Dine In,Walk-in,₱220.00,₱19.64,nan,₱0.00,₱239.64,₱220.00
70055,002-000032161,01/01/2026,11:15:05,4,Dine In,Walk-in,"₱2,030.00",₱181.25,Employee Discount,₱406.00,"₱1,805.25","₱2,030.00"
70053,002-000032160,01/01/2026,17:41:03,2,Dine In,Walk-in,₱710.00,₱63.39,nan,₱0.00,₱773.39,₱710.00